id,intervention_id,school_id,student_id,planned_sessions_per_week,planned_minutes_per_session,planned_total_weeks,planned_total_sessions,planned_total_minutes,actual_sessions_completed,actual_sessions_partial,actual_sessions_cancelled,actual_sessions_no_show,actual_total_minutes,session_completion_rate,dosage_compliance_rate,attendance_rate,average_fidelity_score,fidelity_trend,weeks_elapsed,sessions_behind_schedule,minutes_behind_schedule,on_track,average_engagement_rate,dosage_status,inference_flags,first_session_date,last_session_date,next_session_date,computed_at,created_at,updated_at
6c498858-2c9d-4525-a6c4-1c3776799704,5ecd0d1d-d5ec-46f2-6aca-86fd5dfdab07,16c0f045-ad9e-4d23-8922-374a2534b914,44e96aef-1775-4e8c-e285-02e0cadba8e3,697.61,57,341,906,473,12,904,23,604,166,53.01,10.33,88.32,264.75,declining,441,9,579,false,56.75,on_track,sample_text_8314,2026-03-22T19:59:19.524Z,2025-06-03T11:19:05.492Z,2025-04-17T07:31:26.769Z,2026-03-28T06:51:00.983Z,2025-08-01T09:55:07.741Z,2025-08-18T01:14:45.587Z
31735bf8-6f0a-4875-6f78-ea3fe68f8b1c,c9e85a3d-88f7-4ead-d63e-86c9e54e124f,fe4720c1-f369-4760-b122-6b324f08f3a3,2de16969-104d-43a0-bfd9-fe690d9d6eac,516.79,794,303,829,227,788,185,294,485,246,46.03,17.08,15.52,697.31,improving,490,412,205,false,67.84,completed,sample_text_9882,2026-04-04T19:02:27.981Z,2026-02-05T00:36:46.954Z,2025-11-08T13:14:14.027Z,2026-03-17T03:02:16.327Z,2025-08-25T00:48:41.044Z,2025-12-24T16:49:53.353Z
9e677862-95ef-43cb-6a84-0c09cd7d17ba,53d17442-b477-40dd-7421-38a81cb807b4,24557b57-0c13-4c0c-a3e9-39903a1a94a3,44e91cce-ea65-438a-461a-9f0cf86acc81,634.54,580,328,765,214,793,257,415,114,939,33.56,35.66,61.38,52.83,stable,992,604,923,false,49.59,discontinued,sample_text_4532,2025-04-15T00:01:10.974Z,2025-04-27T21:07:20.705Z,2026-02-15T22:51:05.969Z,2025-04-24T19:49:00.744Z,2025-12-16T22:28:37.970Z,2026-03-10T09:01:13.979Z
9543703c-cc1f-48f5-09d1-545299e4ad4e,81bdd85f-842c-462f-80f2-77e9a08b68bb,4ca6797c-e546-4f8b-df90-dbb08907d99e,5ad3d718-54d7-4cd2-1fcf-87aea33287e9,485.11,691,678,187,534,169,9,764,649,545,61.95,5.12,2.93,991.75,improving,364,985,191,false,41.86,not_started,sample_text_5127,2025-06-26T08:59:25.570Z,2025-08-18T04:10:50.150Z,2025-07-02T17:15:55.913Z,2026-03-15T02:25:40.243Z,2025-08-27T04:53:34.987Z,2026-03-19T22:16:34.435Z
e261e6ad-6b76-420c-dcd4-0b8a8fe83f00,0fe15401-d8c6-475b-c190-0d88ceee9427,f3e56a9d-701d-4138-17b4-468168466ac1,dc5c38cd-11bd-4d48-b540-0659ffe8f55b,303.49,635,370,141,778,258,292,85,3,775,11.48,33.36,22.93,501.11,improving,275,507,746,false,95.31,completed,sample_text_9836,2025-05-13T23:45:08.987Z,2025-05-01T21:18:51.158Z,2025-12-22T15:01:58.213Z,2025-10-15T04:58:49.417Z,2025-06-21T19:04:42.360Z,2026-02-12T04:45:12.257Z
103db93c-c27b-4f10-6d70-820ce524b01d,0fe15401-d8c6-475b-c190-0d88ceee9427,f0fe80e2-ee98-4631-fd46-bedaa4937130,cfed3b67-1de3-46ea-e76f-c89d08ec289a,290.72,645,324,505,79,217,590,45,693,113,6.61,61.19,70.15,802.65,improving,582,748,436,true,70.57,on_track,sample_text_6131,2025-05-28T04:15:50.184Z,2026-03-18T03:00:29.202Z,2025-12-15T03:50:14.392Z,2025-05-02T22:55:08.170Z,2026-03-19T16:22:18.538Z,2025-09-16T20:07:48.538Z
b8d4af3f-c4d4-4fec-1e8a-f0edaa2f8cc8,f2392f7d-a5b0-4fcc-13a3-f5b494facaed,94519cc1-bdc7-4549-769e-8964efcea7c6,09e8d1ef-f5f0-41fa-38f3-10bac079d03c,951.8,201,307,756,426,38,501,804,746,194,74.92,86.19,56.56,522.67,improving,667,502,848,false,77.81,completed,sample_text_1782,2026-02-08T17:52:53.274Z,2025-08-08T00:56:02.745Z,2025-04-26T09:19:14.125Z,2025-05-15T10:15:20.636Z,2025-09-15T21:16:03.885Z,2026-01-10T16:17:20.171Z
1f1d996b-4d20-48fb-5e7a-442add8ae99b,da56bf9e-670d-458d-06b7-c28efe44bae9,fe4720c1-f369-4760-b122-6b324f08f3a3,60bb9abd-ad4f-43fe-d09e-d416a48001a5,437.18,818,308,198,987,262,79,357,81,920,45.84,97.1,4.09,684.21,improving,799,706,376,false,46.41,completed,sample_text_1216,2025-08-15T09:47:47.479Z,2025-04-24T18:11:26.988Z,2026-01-08T22:44:44.765Z,2026-03-08T02:59:19.719Z,2026-01-29T06:13:48.084Z,2025-08-11T18:19:04.082Z
c96d5294-67cf-4847-7692-ae319297d837,ec3dd584-9571-48a4-dbfd-905d9bdad20d,f902ac6e-7076-46f8-2ee0-d0970401682b,5cca90e9-35ef-4b60-da97-176e79a801fd,499.51,615,691,496,45,390,662,545,72,26,0.73,8.33,4.02,207.24,improving,553,69,401,true,88.73,on_track,sample_text_8283,2025-12-28T10:14:31.825Z,2025-11-16T16:10:34.410Z,2025-04-27T14:30:08.591Z,2025-04-16T06:30:10.906Z,2026-01-27T14:18:08.707Z,2025-09-01T02:34:19.833Z
b3cc533b-18da-42a9-adfa-d0f98f89f29f,02921be7-21ab-4274-eb8c-fd17367ef932,4ca6797c-e546-4f8b-df90-dbb08907d99e,974aa30d-547e-4e21-86d6-1f3c34623f7f,736.85,163,675,565,898,121,871,688,136,474,52.08,18.55,11.97,412.16,declining,757,280,923,true,1.62,on_track,sample_text_4330,2025-05-06T16:56:06.692Z,2025-08-21T10:16:01.076Z,2025-05-30T19:31:50.765Z,2026-03-19T05:32:53.532Z,2025-11-27T08:46:43.111Z,2025-05-02T14:02:25.718Z
8ab1f229-8673-46f3-212e-0c02767080c6,35da515d-35a2-4861-590b-fb685b51a2fd,4fab3abf-dd8f-4d4b-ef39-52d4314418ca,cd807608-c28a-4e54-37b1-20305ffdcd5c,707.58,731,486,493,984,479,748,884,464,999,49.24,52.05,7.2,825.68,declining,144,374,876,false,57.75,completed,sample_text_1732,2025-12-01T06:05:27.607Z,2025-07-24T12:05:28.597Z,2026-02-02T04:43:27.559Z,2025-10-06T18:11:37.393Z,2025-06-29T07:51:37.610Z,2025-05-21T08:42:29.536Z
093a8897-b5a0-46e4-6fcd-f3b81299b688,5650edea-48a1-43b0-e4d1-f31c189db61d,73370ee3-24e1-494c-b530-e79710873eeb,c679812d-8719-424c-f810-c17bf20e8d10,347.16,980,187,514,699,166,30,654,856,679,71.79,3.6,18.39,108.23,stable,233,474,993,false,60.25,discontinued,sample_text_7106,2025-06-06T07:04:04.144Z,2026-01-25T15:40:54.334Z,2025-12-22T22:52:33.848Z,2025-11-12T14:08:47.032Z,2025-06-07T20:00:52.279Z,2025-05-19T13:31:10.250Z
17054192-155e-48e1-ac8d-bea4dcd8ed4e,db0d14ad-557f-4320-7a13-8a2d95908763,b017f20d-2b75-45dd-64d2-722f145a78d0,824fd656-898c-4a31-aa57-ef6e1d6c346d,697.85,133,591,323,1000,729,659,487,581,35,72.54,83.4,73.22,904.67,stable,314,841,269,false,69.67,on_track,sample_text_1400,2025-10-08T14:08:12.357Z,2025-07-21T19:43:22.907Z,2026-03-08T13:14:53.947Z,2025-07-24T04:45:21.698Z,2025-06-14T13:49:17.318Z,2025-12-08T04:29:05.517Z
f51dea55-6f01-4aac-44f9-835ec0299b75,22a0a6d0-f90a-40bf-5c2c-2c0d989b6a0d,4ca6797c-e546-4f8b-df90-dbb08907d99e,0519f110-4080-47f1-0e4d-53c0e3b18659,247.6,463,797,526,446,168,701,174,813,998,62.21,39.56,88.06,714.29,declining,345,881,640,false,81.03,not_started,sample_text_3995,2025-06-14T03:45:03.179Z,2025-06-06T01:17:05.780Z,2025-04-23T15:55:43.223Z,2025-11-03T17:56:35.549Z,2025-11-27T15:27:46.163Z,2026-04-01T19:47:16.044Z
dc37bc79-926c-4c8e-ada4-c6b2c9096530,7086daf9-3111-437e-3beb-ae91b8ea51fb,f902ac6e-7076-46f8-2ee0-d0970401682b,2815d421-fa85-4846-4e67-32f2b052db68,373.45,306,84,545,768,634,649,251,788,133,83.26,98.36,5.2,845.32,improving,683,219,574,true,7.19,not_started,sample_text_102,2026-01-01T19:48:31.867Z,2025-08-04T15:03:49.846Z,2025-12-14T21:51:20.188Z,2025-11-20T06:29:12.716Z,2026-02-23T09:53:10.182Z,2025-07-03T22:04:00.361Z
50ab65f2-ebda-453d-39d5-8e70886c26c8,e3365cd7-81d6-41a6-c786-86fd08bb2298,2e858920-a13b-46d3-3f94-8050bb03f098,a9f9f807-e129-4f29-9091-c45f8770da1a,657.03,532,349,87,680,36,23,897,166,227,8.02,90.26,25.39,649.92,improving,783,919,610,false,56.06,completed,sample_text_979,2026-03-01T16:42:52.719Z,2025-04-17T14:42:05.742Z,2025-05-05T12:57:28.073Z,2026-01-21T19:00:35.973Z,2025-12-15T13:00:48.435Z,2026-01-03T10:47:17.461Z
ee5229b4-b611-477d-004c-25102c4967cf,90bb83ca-2bb7-45da-7fea-80080434dbd5,f902ac6e-7076-46f8-2ee0-d0970401682b,60bb9abd-ad4f-43fe-d09e-d416a48001a5,584.37,477,234,29,559,102,621,621,978,812,44.41,8.69,24.6,359.97,improving,377,183,33,true,98.29,behind,sample_text_6401,2026-04-09T06:45:27.171Z,2026-02-06T17:33:33.473Z,2026-02-01T03:24:22.090Z,2026-01-20T00:34:56.046Z,2025-09-02T20:21:45.715Z,2026-04-03T02:38:10.389Z
338f99a9-8c7b-4400-e6a6-190a4fd5e0d7,e4ebc728-43de-4dc6-8cfd-0a6e04ab4faf,f3e56a9d-701d-4138-17b4-468168466ac1,8e053e88-8c6b-4a2d-0248-e26f6841348e,185.23,234,362,484,870,499,362,742,154,712,92.1,47.1,34.12,371.15,stable,249,443,67,true,61.35,completed,sample_text_7569,2025-10-10T17:39:09.186Z,2025-11-23T20:10:34.510Z,2026-01-02T18:23:44.682Z,2025-09-26T10:25:35.891Z,2026-03-13T10:36:03.310Z,2025-09-16T02:16:32.011Z
5504a848-7588-410e-0f84-55c5a91ccefb,4802aca5-84c1-4dec-bcdf-1d631717991e,1c4d8e9f-05af-4567-fc15-60738335dd73,cd807608-c28a-4e54-37b1-20305ffdcd5c,949.31,916,896,912,716,910,884,186,917,680,51.94,98.68,30.83,792.57,declining,594,488,536,false,28.29,completed,sample_text_3073,2025-04-17T01:20:44.948Z,2025-07-13T05:53:10.858Z,2025-07-04T12:26:46.997Z,2026-01-10T20:47:41.749Z,2025-06-13T11:07:14.773Z,2025-04-12T04:57:43.201Z
1ff174c9-a869-4a1a-82cf-06d373e54152,01063723-1de5-41a1-e5d1-0089f90f19b6,c8bf5171-97bd-4a3c-df89-c4059e1474e2,12c936b7-76a2-4244-3342-f64b193771af,4.42,353,419,146,836,517,472,701,114,980,23.73,35.45,96.44,250.83,improving,578,722,771,false,33.24,critical,sample_text_7988,2026-02-06T03:25:24.455Z,2026-01-27T11:39:35.218Z,2025-11-26T11:01:28.742Z,2025-07-06T21:34:57.444Z,2025-08-19T01:35:16.422Z,2026-03-06T16:26:55.011Z
e0e52e25-085d-48de-b832-9611700b63b8,239d70c0-edab-4bf4-a388-f3e9c190ee86,fecc715c-91cf-4144-4e6d-27d53565cfa5,26241fc8-1326-4f27-2a84-eb284a0bd4ba,862.61,499,293,324,317,823,892,52,758,95,20.38,4.7,67.48,120.29,stable,447,275,617,false,11.53,completed,sample_text_5035,2025-04-23T02:32:30.132Z,2025-07-10T14:52:12.048Z,2025-12-26T15:42:26.541Z,2026-03-26T12:20:07.719Z,2026-03-25T00:46:37.670Z,2025-07-23T01:43:12.527Z
e8e2aa9c-9d74-45d9-2868-b6d04e0701a2,e3365cd7-81d6-41a6-c786-86fd08bb2298,24557b57-0c13-4c0c-a3e9-39903a1a94a3,8a50d483-aa92-4384-4deb-3d5c6bf0f0f7,277.71,332,457,715,818,110,131,455,692,731,14.38,0.36,37.59,150.3,stable,679,813,363,false,87.8,not_started,sample_text_8235,2025-07-17T05:06:30.553Z,2026-03-25T07:52:56.218Z,2025-05-11T07:47:59.622Z,2025-11-30T02:47:54.553Z,2025-05-21T23:42:53.186Z,2025-11-09T12:02:29.368Z
f056f980-9f63-43b1-cde4-d614e74e2171,5650edea-48a1-43b0-e4d1-f31c189db61d,c0b731c7-72d6-4cbc-7d82-0603fe27478a,7abd7935-415a-4e5c-0200-73c72eee9749,970.25,508,766,859,845,697,53,730,785,706,11.83,36.45,89.94,771.58,stable,975,698,564,false,20.59,completed,sample_text_4561,2025-04-28T11:45:12.259Z,2025-09-25T23:12:23.721Z,2025-05-31T01:25:58.532Z,2025-10-19T12:47:16.946Z,2025-06-17T15:53:15.492Z,2025-06-11T04:48:20.505Z
6e00cd6b-9a93-4c11-6e54-e29c1bc79a35,cc19aa3d-8df7-4ba6-943a-ebbf9970c3bc,7e8192d3-756a-4974-209e-dc1ea1cca26e,08c9d53b-5bb4-4a4e-3e69-2fcd9679e99e,591.07,843,647,330,517,327,871,173,831,112,7.22,43.82,29.36,172.21,improving,26,436,545,true,48,not_started,sample_text_5247,2025-05-19T18:32:04.771Z,2025-12-11T08:12:36.245Z,2026-02-07T19:42:58.329Z,2025-10-12T00:26:43.146Z,2025-11-08T04:06:48.402Z,2025-12-16T13:56:10.880Z
34cce161-d251-4981-7f2d-c08fe8adb897,6e60c3c1-79e3-49f2-3701-c8f0fce81cb1,2bd4f3bc-df4b-49c7-997f-c11868da495a,40dc6875-50a3-4da6-8104-124ea7a529fb,211.23,404,138,650,189,946,791,663,569,681,72.99,39.68,14.64,481.9,stable,465,284,100,false,33.73,discontinued,sample_text_1703,2026-01-26T09:02:55.116Z,2025-11-27T20:25:13.931Z,2025-07-12T20:09:36.793Z,2025-06-04T12:27:28.053Z,2025-05-09T12:45:02.094Z,2025-06-19T16:02:26.286Z
8b489b40-3357-4b73-0b10-447e1abf1f2d,8f80124e-7fab-4583-99a9-6b1f15ac293c,837a9baf-7fed-4fe4-630e-eeaf60164bcb,230051a7-77f6-49c9-6d7a-c1c341da56c9,834.36,464,558,623,133,455,144,302,265,896,37.45,17.1,46.51,588.01,stable,873,43,48,true,74.81,behind,sample_text_1016,2025-11-22T19:19:49.087Z,2025-11-29T17:24:32.349Z,2026-03-01T00:03:45.770Z,2026-02-01T21:05:11.011Z,2025-07-12T07:35:41.098Z,2026-03-23T02:39:42.489Z
5f2e61ca-e141-436a-425b-188d9d9351d8,8e77bf83-cdbf-4e65-c0fd-b456dae5ca6e,4f68cba7-6170-4ab1-21f9-a7a23a74f8c0,31e6dcd8-7b5b-4c54-b419-66da1259c0d7,515.16,49,232,285,463,157,512,956,491,835,12.06,43.47,34.04,134.11,stable,489,734,639,false,89.14,completed,sample_text_6546,2026-03-17T17:38:58.859Z,2025-08-22T08:57:17.667Z,2026-03-03T00:55:44.092Z,2025-06-15T22:53:41.002Z,2025-08-26T18:26:38.068Z,2026-04-07T08:17:39.678Z
ddf01e19-48d1-4a7f-1926-4ae9a4e1cd6a,9bc1579d-9568-426b-e472-0da17f977ab5,661bcb95-f84e-4871-e1c4-675bf8171439,e66f5152-bb91-495c-70a1-919b8657aacd,481.92,914,762,741,320,654,492,362,317,767,33.25,74.15,55.7,836.78,improving,606,141,910,true,17.26,critical,sample_text_6674,2025-04-28T22:54:41.752Z,2025-09-20T06:40:12.617Z,2025-12-10T06:46:40.346Z,2026-02-07T21:08:47.391Z,2025-08-10T00:06:13.567Z,2025-12-04T07:03:43.780Z
756d9125-6e51-4d6d-3289-5a460b28d970,6e60c3c1-79e3-49f2-3701-c8f0fce81cb1,1612581f-ee93-42bd-8ca1-106ca3f5fb8d,74996144-2438-4454-03fb-d777b4c9db8b,492.08,71,148,504,437,290,893,275,388,268,57.76,50.28,66.92,784.47,declining,591,954,967,false,90.54,on_track,sample_text_4983,2026-01-03T16:42:21.001Z,2025-11-05T04:52:26.643Z,2025-12-17T08:53:04.074Z,2025-10-28T11:56:37.455Z,2026-02-22T03:40:35.194Z,2025-12-16T17:41:26.732Z
d30ebb11-5fcc-4031-a3d3-d0bcdadc734c,a27d74e2-2d9c-4728-84c3-cf4dbccaa5ee,24557b57-0c13-4c0c-a3e9-39903a1a94a3,43a0c009-5096-4beb-ceb2-2e90d29fa6d1,648.46,970,533,458,116,29,654,689,675,165,1.75,37.69,67.86,24.08,improving,171,815,504,false,64.83,behind,sample_text_722,2025-11-21T22:19:25.261Z,2025-05-18T16:27:03.705Z,2026-02-20T21:36:58.970Z,2025-12-06T11:25:35.283Z,2025-08-04T03:16:19.224Z,2025-10-12T23:32:04.987Z
7141da92-500a-4e12-c9d7-d9cc36e8bba8,f3245852-12e5-4379-8a66-102c2f3b17dc,521d1584-627e-495f-893e-82a12f5344be,ca649c96-10ee-4d76-dcea-e4beca9603df,141,773,749,206,682,255,185,384,934,487,10.53,5.56,0.88,806.23,stable,464,341,177,true,88.17,behind,sample_text_6087,2025-09-26T10:13:34.279Z,2025-06-25T02:46:01.453Z,2026-02-17T17:33:36.497Z,2026-02-28T18:22:14.042Z,2025-08-21T01:16:27.242Z,2025-10-27T05:52:46.640Z
8851b6f3-923f-4959-9426-ad3e12146599,3821dac3-4b74-4883-4b91-de100fbd6258,af7db41b-a69f-4ae5-eb9c-f59fa17dcd26,73e655b7-927f-4010-5d38-ed87d5958465,610.12,56,905,875,991,591,754,140,706,982,62.72,48.05,16.55,386.39,stable,550,206,904,false,56.19,on_track,sample_text_2009,2025-04-16T11:40:30.384Z,2026-02-14T20:47:57.893Z,2025-04-20T15:04:59.314Z,2025-05-07T09:07:42.005Z,2025-11-17T15:32:55.209Z,2025-06-10T20:19:00.960Z
3eb60bd6-7ca3-4887-aed7-34a401cc651c,e4e629c5-87d4-4ff9-a454-60a9e53957d8,7e8192d3-756a-4974-209e-dc1ea1cca26e,8a50d483-aa92-4384-4deb-3d5c6bf0f0f7,962.75,374,206,922,605,627,428,281,497,521,76.07,97.9,65.02,977.74,declining,112,241,595,true,99.22,discontinued,sample_text_380,2025-06-15T05:17:11.799Z,2025-12-22T16:22:24.337Z,2025-05-26T14:42:37.521Z,2025-09-13T02:23:34.119Z,2026-03-03T16:30:38.893Z,2025-05-19T20:51:08.280Z
c9805d07-72ea-4fee-148d-1dd207cd7ad1,04f767dc-1a7c-43e8-2019-c5577d3ae052,f56bd850-ae1d-4c12-1f67-ecd289df1620,7e33c19d-304d-44cf-6308-c84646b5b9b6,367.76,602,149,673,281,857,39,150,405,575,69.44,55.82,42.2,421.31,improving,786,36,110,true,54.56,on_track,sample_text_5127,2026-02-22T08:26:22.535Z,2025-07-18T18:28:58.477Z,2025-10-23T17:47:59.342Z,2026-01-01T09:15:43.564Z,2025-11-05T08:39:15.474Z,2025-10-17T04:50:38.648Z
6da98c81-1802-4897-eb34-34f5f64c7406,36a2bd98-8d6a-422c-04cc-be071c7128f3,13905047-dc05-4f11-21d1-ceb2ff2a4ead,40dc6875-50a3-4da6-8104-124ea7a529fb,733.82,933,249,841,370,237,245,519,533,900,50.72,51.97,28.43,205.09,improving,160,936,430,true,71.66,not_started,sample_text_9040,2025-12-09T08:03:23.672Z,2025-07-16T09:31:26.827Z,2025-09-26T16:12:59.050Z,2025-08-15T00:51:38.214Z,2025-08-10T11:15:13.568Z,2026-03-25T20:52:42.964Z
a88b0d04-6729-46c9-9712-e20a64d13f50,3821dac3-4b74-4883-4b91-de100fbd6258,2d706e75-fd47-4d6b-cc14-10a1bf804d62,f3bdc0f5-709a-4443-3bcd-690202dcd619,212.94,364,871,536,296,918,848,174,767,754,37.56,88.4,93.64,605.11,declining,145,576,456,false,66.09,behind,sample_text_4979,2025-06-08T19:31:57.448Z,2025-06-24T17:29:06.063Z,2025-04-29T15:28:17.193Z,2025-08-24T12:09:40.819Z,2025-10-21T08:17:21.641Z,2025-10-14T15:08:41.761Z
f058bb28-a8af-49d4-6dd8-90514ee8f8f4,0f853a45-92cb-4e08-bb3a-9f894364a97f,3f4d6f7d-05f7-4310-de9f-ae93e46984db,152072c0-f075-4a77-bebe-aaa40d5c36c5,215.26,685,784,415,830,33,179,961,731,179,54.73,22.85,49.85,36.74,improving,372,869,775,false,28.86,critical,sample_text_1177,2025-07-19T17:33:58.972Z,2025-08-26T05:53:43.104Z,2026-03-20T01:25:34.882Z,2025-12-26T15:55:52.826Z,2025-09-13T22:03:47.587Z,2025-04-28T00:16:01.384Z
55caeb00-cf29-4ccc-f357-dac357430f1b,e2e17755-5579-455b-5775-badd073cd6e2,291d99ad-c85c-4557-8915-25527607d5cf,8a50d483-aa92-4384-4deb-3d5c6bf0f0f7,78.43,695,785,329,336,365,205,586,307,519,63.31,82.86,57.11,440.07,stable,606,671,287,true,98.05,on_track,sample_text_4270,2025-07-03T06:35:43.775Z,2025-12-17T14:48:02.858Z,2026-03-18T22:32:20.201Z,2025-06-28T00:05:10.594Z,2025-08-05T17:52:07.471Z,2025-08-28T07:53:12.471Z
cbdce91a-71cf-45f7-bfdd-c626f58c4871,3e90a57e-4981-458b-1a9c-b59ffc169491,fe4720c1-f369-4760-b122-6b324f08f3a3,4459d0bc-ac12-45e0-2241-37b73184e150,586.96,96,484,284,361,402,347,683,344,437,33.42,57.2,21.16,886.03,declining,220,966,945,true,43.4,completed,sample_text_2883,2025-11-27T06:06:50.546Z,2025-10-17T08:15:27.708Z,2026-04-07T07:40:31.444Z,2025-05-17T22:53:29.539Z,2026-02-17T03:40:34.128Z,2025-04-17T23:58:20.604Z
a9b3dc31-2f1f-4387-2665-2c68c95c6eda,e2e17755-5579-455b-5775-badd073cd6e2,89bd14e2-cf78-45ab-904a-7a7f0f4a4010,31e6dcd8-7b5b-4c54-b419-66da1259c0d7,267.1,854,18,389,306,747,584,43,139,947,33,9.61,19.79,750.08,declining,885,510,37,false,17.31,not_started,sample_text_6755,2025-04-12T21:23:19.483Z,2025-09-27T01:25:50.091Z,2025-06-24T22:16:10.311Z,2025-07-05T11:30:51.846Z,2025-06-27T04:53:13.489Z,2026-02-22T08:34:33.682Z
221a54d4-6a52-47b6-c799-a85b4fb45c2e,ddaebb0c-208f-4c1d-99d6-3c94ad714d88,5eca5363-069f-462b-ef13-7dba299c99d9,2815d421-fa85-4846-4e67-32f2b052db68,153.39,683,140,584,402,312,581,740,553,26,4.88,59.82,9.46,19.37,improving,679,222,986,false,52.3,not_started,sample_text_4327,2025-07-21T08:30:06.878Z,2025-07-01T10:39:15.600Z,2025-07-10T10:08:59.553Z,2025-05-29T10:51:29.866Z,2025-09-14T18:31:44.886Z,2025-11-28T03:47:24.578Z
00687b7b-cb84-4d86-c009-9557d49ee1d0,e3365cd7-81d6-41a6-c786-86fd08bb2298,00e48b05-b6cb-410f-1525-6668c44bdb40,3f1eb67e-af2a-4430-00e8-036be32a0239,619.51,772,997,844,316,120,427,268,482,751,89.32,45.49,54.16,160.99,declining,174,601,459,true,28.57,behind,sample_text_1749,2025-04-15T08:36:36.287Z,2025-04-20T22:31:36.113Z,2026-01-03T10:45:39.450Z,2025-07-03T03:56:47.618Z,2026-01-05T03:20:27.247Z,2025-05-06T08:33:00.277Z
0ed20a08-418f-455e-1930-42910a60059f,5650edea-48a1-43b0-e4d1-f31c189db61d,f56bd850-ae1d-4c12-1f67-ecd289df1620,3e4e588f-bb13-48f9-ae27-231d699b174f,102.46,152,521,765,868,798,504,630,618,289,24.31,51.85,31.59,602.96,stable,194,667,457,false,49.01,on_track,sample_text_2842,2026-04-07T18:14:40.420Z,2025-07-05T09:38:05.307Z,2026-02-12T21:15:55.562Z,2025-09-27T19:46:36.655Z,2026-02-16T04:28:36.490Z,2026-03-14T17:44:43.653Z
01ec9153-a016-486e-6f4d-8aee27c8be01,04f767dc-1a7c-43e8-2019-c5577d3ae052,4c81bc97-321d-48c5-d316-8243b2e8187e,6fd51bd1-cbdc-4c3a-0686-e52d7fe6061c,386.19,322,5,216,464,482,388,861,954,569,12.58,6.01,8.13,76.43,improving,945,599,780,false,48.2,on_track,sample_text_5502,2025-08-02T06:27:15.917Z,2025-06-17T08:29:48.605Z,2025-05-23T10:28:16.117Z,2025-05-30T04:24:38.414Z,2025-11-22T04:45:11.769Z,2025-06-22T12:02:09.316Z
4010be69-c7b1-4197-c6d7-afed8f013bab,5650edea-48a1-43b0-e4d1-f31c189db61d,930d6afd-4225-4c87-6245-39cb7a7a0d26,12c936b7-76a2-4244-3342-f64b193771af,27.49,145,616,682,216,903,444,107,812,541,78.52,83.28,49.53,610.31,stable,914,799,875,true,19.88,not_started,sample_text_9060,2025-10-09T08:36:02.155Z,2026-02-04T16:29:36.080Z,2025-07-11T12:27:00.815Z,2025-05-30T23:36:43.805Z,2025-10-29T03:08:15.981Z,2025-10-17T10:48:54.141Z
31be5032-402a-4260-688e-c32547ebdc88,56ce6d7a-11a7-4010-eed8-0ac222e7299e,3d03d7a9-93e0-4b8e-6b5b-e7f8337fab48,440eba09-b8a9-4df2-7ce2-88916df0536d,709.04,139,742,344,74,387,474,841,901,502,27.29,22.32,23,960.48,declining,441,656,748,true,51.44,on_track,sample_text_9057,2026-04-09T23:34:45.521Z,2026-03-23T17:17:03.611Z,2025-05-08T14:58:07.567Z,2025-06-22T18:00:56.544Z,2025-05-08T14:21:28.623Z,2025-10-19T13:11:08.604Z
09c089ef-f14b-4277-9008-09b4e3f773bc,22a0a6d0-f90a-40bf-5c2c-2c0d989b6a0d,837a9baf-7fed-4fe4-630e-eeaf60164bcb,afb57115-93e2-41e4-19fb-726afc7dc847,450.26,252,573,355,875,457,422,122,839,642,89.74,74.68,95.47,832.97,declining,395,139,928,false,45.49,completed,sample_text_7670,2025-07-31T13:48:17.451Z,2025-11-06T00:55:12.691Z,2025-08-15T19:05:52.621Z,2025-08-07T19:20:21.006Z,2025-08-04T19:43:59.086Z,2025-11-18T18:57:12.881Z
90f80a42-74a8-4b64-ca7c-7e89abe9ae9d,53d17442-b477-40dd-7421-38a81cb807b4,e394ca10-b5a0-45cc-8730-3524aff8641a,40dc6875-50a3-4da6-8104-124ea7a529fb,991.33,870,910,822,173,598,771,401,232,785,24.5,71.07,91.25,773.56,stable,173,123,415,true,28.91,completed,sample_text_2194,2025-05-02T04:07:18.649Z,2025-10-11T13:15:50.435Z,2026-02-01T05:50:54.774Z,2025-12-06T04:11:06.621Z,2025-05-17T19:58:33.567Z,2025-09-13T01:42:31.960Z
05eec3c4-4069-49a7-9592-0bdb255c36d2,6e60c3c1-79e3-49f2-3701-c8f0fce81cb1,94dc4310-c140-4af7-8a5b-88c24ff5a5d3,72ea06ea-6647-4b34-faa9-4b6acc59b996,853.31,706,185,217,995,644,848,947,418,291,69.68,76.34,9.92,974.97,stable,992,537,804,false,20.32,discontinued,sample_text_4640,2025-07-12T20:51:11.948Z,2025-06-02T02:20:50.171Z,2025-04-13T20:48:01.698Z,2026-03-22T09:02:50.469Z,2026-02-25T05:34:13.791Z,2025-07-06T19:47:25.326Z
8412f52b-1b73-492a-d68c-5c2dcc897dcb,5650edea-48a1-43b0-e4d1-f31c189db61d,32a1daeb-123e-4dbe-b622-aea59b73722d,40dc6875-50a3-4da6-8104-124ea7a529fb,362.16,60,344,893,15,667,630,62,876,697,69.87,59.43,71.77,160.84,improving,496,70,114,false,23.95,on_track,sample_text_6156,2026-04-01T20:29:42.785Z,2025-05-18T04:14:36.889Z,2025-08-11T11:23:06.333Z,2025-06-23T16:29:28.536Z,2026-04-07T07:01:51.010Z,2025-12-23T03:54:34.532Z
e25e28c8-9ce1-492b-0e3c-13fe9fcc84ca,f2392f7d-a5b0-4fcc-13a3-f5b494facaed,2e858920-a13b-46d3-3f94-8050bb03f098,3aaad658-14e8-4861-52c9-2341f1d4e7da,845.83,805,259,571,440,450,941,565,958,45,27.4,96.47,84.11,547.24,declining,751,12,895,true,22.64,completed,sample_text_8930,2026-03-27T19:08:39.030Z,2025-06-14T12:20:01.130Z,2025-07-01T06:33:08.542Z,2025-07-30T15:14:46.621Z,2025-09-25T21:44:40.760Z,2025-07-05T13:38:42.950Z
6f50e572-9a01-49b9-5ace-7ff07912bdf5,f3245852-12e5-4379-8a66-102c2f3b17dc,4f68cba7-6170-4ab1-21f9-a7a23a74f8c0,9a9475d1-a832-46dc-d803-59feef06073e,360.91,918,408,107,248,714,720,827,153,667,18.16,37.69,60.09,951.66,declining,983,856,201,true,25.28,behind,sample_text_2075,2026-03-18T04:06:59.480Z,2025-12-04T08:51:31.329Z,2025-08-11T14:57:17.462Z,2025-08-28T20:50:56.026Z,2025-08-06T01:35:42.589Z,2025-12-08T15:04:54.020Z
c383a1ae-dba3-4bad-6192-16bc64176079,ba7a4b0f-ab5c-4d6a-5299-a5cc023c573d,94dc4310-c140-4af7-8a5b-88c24ff5a5d3,60bb9abd-ad4f-43fe-d09e-d416a48001a5,224.55,94,238,700,308,288,966,488,912,567,32.28,96.39,25.41,401.64,declining,126,277,981,true,73.6,not_started,sample_text_9120,2025-10-15T22:54:40.050Z,2026-01-11T07:32:01.786Z,2025-04-24T01:29:28.968Z,2026-03-29T10:39:16.169Z,2025-06-01T09:01:44.351Z,2025-04-30T15:09:34.138Z
ad2bf3d4-4dcd-42cf-fc03-faf86a0456e2,a9d01c6e-83df-4c25-d0c3-0543543bbe63,f902ac6e-7076-46f8-2ee0-d0970401682b,7e33c19d-304d-44cf-6308-c84646b5b9b6,934.15,44,776,417,342,48,339,75,629,977,12.85,25.29,27.03,781.68,declining,447,133,14,false,99.71,completed,sample_text_2280,2025-04-29T13:45:43.091Z,2026-02-07T23:36:32.240Z,2026-03-30T17:33:42.347Z,2026-02-15T08:53:53.731Z,2026-01-08T12:15:58.177Z,2025-06-25T18:33:01.496Z
c92bffdd-fa4b-4c2d-1175-449bd7fcb76f,36a2bd98-8d6a-422c-04cc-be071c7128f3,3d03d7a9-93e0-4b8e-6b5b-e7f8337fab48,5bcd0cf0-44a3-4e73-1c78-3d3c73e703b3,966.9,972,798,986,170,606,139,541,160,794,46.15,87.2,68.29,638.42,declining,591,922,963,false,1.91,not_started,sample_text_8582,2025-07-03T08:58:01.825Z,2026-02-19T12:52:13.817Z,2025-08-15T00:32:17.814Z,2025-08-07T03:15:53.792Z,2025-06-07T19:21:33.472Z,2026-03-30T11:39:43.151Z
2e185a16-12fb-442c-2ad4-d24720e81370,e5536f1d-70a4-4729-c482-8f7e415dd89b,fe4720c1-f369-4760-b122-6b324f08f3a3,26241fc8-1326-4f27-2a84-eb284a0bd4ba,954.87,159,749,97,170,886,215,22,744,142,5.24,9.98,49.29,921.54,declining,505,472,899,true,71.47,completed,sample_text_2729,2025-09-28T08:36:03.856Z,2026-02-07T23:09:32.020Z,2025-12-02T20:52:39.867Z,2025-04-14T20:40:47.831Z,2026-01-07T00:22:37.634Z,2025-09-20T08:22:34.009Z
9b27412a-0b24-4813-b80d-45b3eae2e80c,81bdd85f-842c-462f-80f2-77e9a08b68bb,16c0f045-ad9e-4d23-8922-374a2534b914,7e33c19d-304d-44cf-6308-c84646b5b9b6,758.15,110,478,286,721,628,760,707,557,242,79.15,13.54,21.72,767.67,stable,400,272,116,false,73.48,completed,sample_text_6507,2025-05-16T16:47:18.651Z,2025-09-01T16:19:44.006Z,2025-04-12T11:53:55.152Z,2026-01-28T06:20:28.691Z,2025-06-18T18:49:22.620Z,2026-03-28T02:59:19.776Z
adb1b62e-0917-4d82-9920-0402b9b41280,02921be7-21ab-4274-eb8c-fd17367ef932,343e4691-d779-4742-a9b6-c828fbb55b61,c679812d-8719-424c-f810-c17bf20e8d10,151.44,169,254,631,741,343,537,769,295,422,45.55,12.15,12.67,444.09,stable,43,948,910,false,46.15,completed,sample_text_876,2025-08-30T02:56:36.326Z,2026-03-01T10:01:17.319Z,2025-11-14T13:41:00.951Z,2025-06-22T05:40:37.345Z,2025-06-27T21:10:48.672Z,2026-03-12T05:32:37.664Z
c72565f5-8bb4-4f94-46a5-6b0ef95632ec,e4e629c5-87d4-4ff9-a454-60a9e53957d8,f3e56a9d-701d-4138-17b4-468168466ac1,0519f110-4080-47f1-0e4d-53c0e3b18659,462.2,649,532,595,164,732,902,242,912,301,58.78,13.81,88.82,86.67,declining,504,532,582,true,54.84,completed,sample_text_7465,2025-09-12T08:22:30.523Z,2025-07-08T22:27:45.748Z,2025-10-27T17:25:47.940Z,2026-01-20T16:21:27.507Z,2025-05-19T01:52:09.279Z,2025-09-28T12:34:22.821Z
793043b5-0426-41f7-5515-aac732fa5497,6e60c3c1-79e3-49f2-3701-c8f0fce81cb1,c8bf5171-97bd-4a3c-df89-c4059e1474e2,19b0ce65-5cea-46af-9685-0855cb090984,778.33,330,259,208,655,944,803,430,409,636,27.66,47.78,44.08,971.75,improving,345,231,559,true,97.55,discontinued,sample_text_4139,2025-07-21T18:10:31.799Z,2025-07-17T17:00:34.612Z,2026-03-01T09:41:57.523Z,2025-06-15T16:42:22.804Z,2025-10-26T01:39:29.566Z,2025-09-22T23:17:21.986Z
050f9f80-d2f6-43a8-f9e5-349e16c4d60a,b67c6dd5-03b5-49d6-f6fa-91a5dcce714c,73370ee3-24e1-494c-b530-e79710873eeb,60bb9abd-ad4f-43fe-d09e-d416a48001a5,287.86,567,184,307,414,993,752,495,957,455,49.5,96.86,93.87,206.66,stable,258,157,169,false,3.19,completed,sample_text_3594,2025-08-07T19:30:32.360Z,2026-03-11T07:23:56.786Z,2025-08-19T09:06:31.910Z,2025-11-22T18:03:18.448Z,2025-12-22T08:23:05.223Z,2025-09-03T14:23:53.548Z
1a45e820-c535-49e6-0be4-54db880f7b73,392790ab-50ca-414f-ce4a-09dadfaa0790,eb97341d-2385-4175-9a86-c3256608e18e,5354d00b-34f0-4a88-58d4-8decde6ce2ee,940.46,141,677,423,538,828,507,361,1,600,80.89,8.06,99.82,8.26,stable,336,117,434,true,21.15,critical,sample_text_8271,2025-09-10T02:12:17.315Z,2025-07-22T21:49:21.601Z,2026-04-05T20:38:50.378Z,2025-11-27T22:41:35.741Z,2025-06-24T05:09:37.083Z,2025-11-29T16:34:52.423Z
1efd47c4-3e48-42df-4d33-d1a59e8cca4f,6f646e24-7167-4f14-1525-7476ae2c26ef,10539e4e-19ad-49ff-5fb1-13c6a13a9cc0,73e655b7-927f-4010-5d38-ed87d5958465,866.67,622,492,255,471,472,581,522,442,603,21.17,87.99,32.12,225.93,declining,973,149,581,false,63.59,critical,sample_text_5341,2025-08-09T17:33:29.676Z,2025-04-20T17:24:09.927Z,2026-03-08T17:33:28.307Z,2025-09-03T06:07:25.043Z,2025-09-25T22:39:26.320Z,2025-05-30T03:21:58.356Z
3609eea3-7f6d-4775-e897-00348bc76388,0fe15401-d8c6-475b-c190-0d88ceee9427,b017f20d-2b75-45dd-64d2-722f145a78d0,4b7cf6ad-bee5-43d3-4470-e6643cf6983e,35.69,298,232,890,696,294,398,55,207,618,42.57,29.46,55.29,478.12,improving,128,961,307,false,26.28,behind,sample_text_152,2026-03-23T21:40:21.374Z,2025-12-30T03:12:46.361Z,2026-01-30T01:24:40.267Z,2025-07-19T19:59:41.546Z,2025-11-10T16:29:33.608Z,2026-02-25T23:54:39.860Z
eb62e4a1-ed8f-4b24-073b-644da148a595,22a0a6d0-f90a-40bf-5c2c-2c0d989b6a0d,921679af-a07e-442d-b254-00f81e5f665d,40dc6875-50a3-4da6-8104-124ea7a529fb,920.37,289,737,712,815,871,277,316,365,94,13.99,97.92,50.57,278.92,improving,763,735,491,false,89.77,not_started,sample_text_9982,2025-10-14T00:39:59.785Z,2026-02-18T00:56:45.671Z,2025-04-23T15:23:58.400Z,2025-11-27T20:59:40.483Z,2025-10-31T07:41:47.954Z,2026-03-05T01:21:42.346Z
d4adbbde-e841-488f-2b4d-094d5e4777a3,093f659d-b7ea-45cd-f8d9-33ac23698fa0,af7db41b-a69f-4ae5-eb9c-f59fa17dcd26,44e91cce-ea65-438a-461a-9f0cf86acc81,535.27,479,462,91,83,240,656,778,193,673,66.23,52.69,36.03,271.49,declining,790,458,412,true,91.11,behind,sample_text_4037,2025-06-27T03:10:44.465Z,2026-02-03T20:19:03.932Z,2025-06-07T07:44:32.681Z,2026-02-27T11:27:55.241Z,2025-12-16T02:34:38.869Z,2026-03-19T20:20:29.236Z
7f45a22c-a7c9-4da2-ab71-1dd77634c726,a9d01c6e-83df-4c25-d0c3-0543543bbe63,13f8f388-7de1-4383-f922-a0d8a397e76c,3aaad658-14e8-4861-52c9-2341f1d4e7da,599.24,519,416,140,931,503,656,630,799,759,53.94,38.01,56.09,584.05,stable,659,454,508,false,60.91,completed,sample_text_5168,2025-05-19T22:14:20.496Z,2025-06-11T15:18:57.922Z,2026-03-16T11:32:01.431Z,2026-01-11T10:13:09.770Z,2025-11-26T15:26:45.325Z,2025-07-26T12:22:46.249Z
25917cd4-ea41-4655-1336-ef471199b107,ddaebb0c-208f-4c1d-99d6-3c94ad714d88,661bcb95-f84e-4871-e1c4-675bf8171439,72ea06ea-6647-4b34-faa9-4b6acc59b996,537.49,623,939,666,98,890,381,49,496,363,92.42,94.2,51.82,705.13,improving,581,779,790,false,3.15,completed,sample_text_3575,2025-12-11T20:21:56.201Z,2026-04-02T19:47:29.921Z,2025-11-09T03:48:06.377Z,2025-08-02T23:08:51.359Z,2025-12-16T01:08:07.320Z,2026-01-14T15:43:35.390Z
bddb77b4-1038-4e5b-624c-4af70ceb580b,e4ebc728-43de-4dc6-8cfd-0a6e04ab4faf,8fcce2e7-79c7-439d-1c00-1a62a46a56f2,3e334f12-6fd2-4fbe-3f23-a1309343356d,554.78,625,83,656,239,653,919,315,461,937,25.88,80.14,34.82,711.92,declining,728,238,458,false,42.77,not_started,sample_text_5824,2026-01-15T09:12:56.995Z,2025-09-10T03:03:08.011Z,2025-10-15T11:15:07.970Z,2025-11-09T16:13:34.469Z,2025-07-21T23:31:58.683Z,2025-09-01T15:35:13.222Z
bc2f230f-a517-457a-b2eb-6d9e220941ff,4802aca5-84c1-4dec-bcdf-1d631717991e,3d03d7a9-93e0-4b8e-6b5b-e7f8337fab48,dc5c38cd-11bd-4d48-b540-0659ffe8f55b,150.3,119,485,332,6,89,846,172,389,300,27.7,28.55,78.55,296.32,stable,123,447,69,true,93.07,completed,sample_text_1265,2026-02-17T12:57:37.848Z,2025-06-16T15:36:50.999Z,2025-09-25T13:43:53.117Z,2025-10-04T23:02:32.686Z,2025-12-22T11:34:01.131Z,2025-09-11T19:51:40.542Z
cd4b5210-94a6-4770-c9d5-c4cadc2f8aea,7cd8bff5-4341-4461-ae03-af249bc974f9,af7db41b-a69f-4ae5-eb9c-f59fa17dcd26,cd807608-c28a-4e54-37b1-20305ffdcd5c,558.02,644,69,809,100,703,80,911,250,808,21.68,30.19,58.95,896.08,stable,421,165,601,true,61.82,on_track,sample_text_4817,2026-02-26T01:15:32.151Z,2025-09-16T22:05:34.232Z,2025-10-03T09:12:55.853Z,2025-06-13T14:26:42.512Z,2025-12-28T21:48:56.615Z,2026-04-07T00:23:54.312Z
b3375b7b-bbf0-4de4-c152-dbded5616f3d,ba7a4b0f-ab5c-4d6a-5299-a5cc023c573d,7cc152ca-2334-4efd-8c58-4327009bcdb6,152072c0-f075-4a77-bebe-aaa40d5c36c5,602.24,587,632,262,11,671,123,482,832,965,45.58,51.29,25.06,42.33,declining,364,731,735,true,17.05,completed,sample_text_7037,2026-03-22T17:01:41.820Z,2026-01-14T21:11:55.861Z,2025-07-29T03:13:27.146Z,2025-05-10T11:26:49.093Z,2025-09-20T19:31:34.304Z,2025-07-17T00:22:52.271Z
896b341d-97ce-4430-0c54-c8f2cb7a7902,1324442d-05e7-4e13-b8ac-4c2aea5d1728,f56bd850-ae1d-4c12-1f67-ecd289df1620,a37257b2-9391-4433-6110-687c09f379ec,388.73,376,114,944,496,329,459,998,396,112,2.48,50.6,20.91,197.19,declining,393,84,756,true,21.09,behind,sample_text_3692,2026-04-01T02:06:15.698Z,2025-06-12T19:18:06.235Z,2025-07-05T15:13:49.313Z,2025-05-13T18:47:13.640Z,2025-06-14T19:39:30.381Z,2025-10-23T17:19:31.186Z
bd5c1224-b08e-4f71-0d40-aa8d02bc51af,6fb8d879-d8bc-47e9-d75c-868c65e4b80e,c8bf5171-97bd-4a3c-df89-c4059e1474e2,3e334f12-6fd2-4fbe-3f23-a1309343356d,793.67,712,468,362,729,449,682,217,914,715,89.85,62.85,83.02,87.43,improving,682,437,92,false,52.23,discontinued,sample_text_704,2025-12-14T08:30:11.327Z,2025-09-11T18:05:56.704Z,2025-12-09T14:22:03.915Z,2026-02-19T16:54:43.860Z,2025-06-10T11:14:19.596Z,2026-01-31T02:57:24.962Z
16e1cfdc-f7f6-4556-afd4-9ea0e7e60c57,5650edea-48a1-43b0-e4d1-f31c189db61d,c0b731c7-72d6-4cbc-7d82-0603fe27478a,440eba09-b8a9-4df2-7ce2-88916df0536d,490.83,165,999,179,172,937,536,140,559,818,34.78,21.1,73.93,634.96,improving,718,270,694,false,12.03,completed,sample_text_1501,2025-11-29T16:56:45.749Z,2025-04-19T12:15:34.062Z,2026-01-13T12:05:01.516Z,2026-03-08T11:41:22.229Z,2026-01-30T09:54:01.757Z,2026-02-17T20:00:14.704Z
f4d18e84-0bbc-4a84-97b2-bcbf053830e8,ddaebb0c-208f-4c1d-99d6-3c94ad714d88,94519cc1-bdc7-4549-769e-8964efcea7c6,440eba09-b8a9-4df2-7ce2-88916df0536d,457.69,555,796,442,353,127,117,54,699,63,18.52,56.77,1.77,344.58,declining,889,934,813,false,12.85,not_started,sample_text_665,2025-12-07T10:15:18.352Z,2025-05-15T00:08:50.013Z,2025-12-07T13:23:16.231Z,2025-10-28T19:06:32.347Z,2025-04-13T07:14:39.278Z,2025-11-14T07:36:17.640Z
7bd237ca-6db4-4db1-00e8-a904d3a24c32,1b16683a-98b0-4954-e675-86e26360065f,615ffcad-04ca-4584-4505-45cbefd50d58,0ba497e7-4a6e-4b40-b8d5-7f23952ad2cd,958.41,700,935,498,57,559,169,106,502,475,28.29,66.49,11.55,158.83,stable,696,127,330,false,64.8,on_track,sample_text_2454,2026-03-03T17:45:58.191Z,2025-07-24T09:02:50.952Z,2025-07-05T14:29:03.924Z,2026-04-07T15:06:29.681Z,2025-11-05T08:34:32.442Z,2025-11-02T21:53:14.216Z
31e9e9ea-055d-42c4-c4ff-a5b59dacb5c4,4eb401f1-2970-4058-6e97-a97a6fb8e8b7,820e0d69-1dec-4fa2-7dff-4973e37417e7,36fa19ad-37fd-44f9-4a36-73f18ecfe5f4,160.75,605,729,682,688,136,85,787,694,219,79.2,93.94,71.45,371.2,improving,885,687,749,false,20.7,on_track,sample_text_5259,2025-08-19T16:22:17.861Z,2026-01-24T09:00:34.700Z,2025-08-06T08:03:04.481Z,2026-02-13T11:37:15.576Z,2025-06-10T21:53:19.039Z,2026-02-01T05:49:07.439Z
9bd3ccdd-a959-4093-c145-05d25be0ba20,e2e17755-5579-455b-5775-badd073cd6e2,5b1b6bbb-ac85-477d-9a11-d480281a4b21,98dc63d7-8988-4ff8-b7ca-2ab8d1f39352,156.73,998,714,793,839,693,967,916,207,321,49.13,26.23,37.12,553.23,declining,842,93,868,true,73.08,on_track,sample_text_9735,2025-09-15T09:24:30.313Z,2025-04-26T18:57:13.808Z,2025-08-08T14:10:38.794Z,2025-12-11T10:24:15.338Z,2025-08-28T16:21:49.579Z,2025-05-17T21:51:51.973Z
fa396dcb-24a8-4caa-02b3-194e16690707,9bc1579d-9568-426b-e472-0da17f977ab5,af7db41b-a69f-4ae5-eb9c-f59fa17dcd26,230051a7-77f6-49c9-6d7a-c1c341da56c9,104.91,621,850,596,537,646,100,389,467,556,41.57,75.68,84.22,141.55,improving,714,930,649,true,63.64,on_track,sample_text_4925,2025-10-22T17:25:25.875Z,2025-09-24T06:15:06.324Z,2026-01-07T19:40:54.345Z,2025-05-06T08:50:00.172Z,2026-03-15T11:05:26.976Z,2025-07-03T04:48:33.797Z
27c8e9bb-08e6-40b9-f682-4120e9a3f96c,a27d74e2-2d9c-4728-84c3-cf4dbccaa5ee,59faa8f0-e266-467f-aa62-7fd97008cad7,74996144-2438-4454-03fb-d777b4c9db8b,48.77,728,341,660,274,808,703,859,492,164,62.41,15.74,78.85,427.45,declining,369,957,892,false,63.35,on_track,sample_text_4301,2025-05-16T08:18:11.768Z,2026-01-05T11:48:13.161Z,2026-03-18T21:02:36.087Z,2025-09-22T04:27:33.883Z,2025-06-28T13:13:39.474Z,2025-07-18T20:08:02.462Z
19f50539-8299-47e1-b986-8ff8cfd84abf,8f80124e-7fab-4583-99a9-6b1f15ac293c,aed83b90-feeb-480d-e57c-176768104c81,7e8ad38f-d17c-4824-3c91-c8579a6b5e5f,649.99,345,656,741,806,795,325,180,530,507,45,74.01,48.15,730,improving,897,915,236,false,58.78,discontinued,sample_text_0,2025-11-13T22:02:38.049Z,2026-03-19T07:15:57.587Z,2026-04-05T22:13:18.332Z,2025-11-27T15:40:46.191Z,2026-03-28T04:41:22.302Z,2025-06-22T13:44:12.769Z
bb5c6234-2424-4614-f516-caa66f8a1b0d,ec3dd584-9571-48a4-dbfd-905d9bdad20d,76fb7096-3d5c-4180-3013-e7a55c8b02bb,43a0c009-5096-4beb-ceb2-2e90d29fa6d1,222.68,494,362,997,167,970,866,865,760,910,87.55,74.05,13.3,41.87,improving,518,62,740,true,38.63,critical,sample_text_3866,2025-06-19T07:19:59.349Z,2025-08-18T16:45:20.063Z,2026-03-28T23:44:39.147Z,2025-06-19T02:33:19.449Z,2025-10-01T08:01:13.802Z,2026-04-05T22:54:10.058Z
e9ca06c4-c751-4f87-85ba-378c8c9cf213,8445b8d0-fa6a-4454-0ffa-e73de69b3697,13f8f388-7de1-4383-f922-a0d8a397e76c,19b0ce65-5cea-46af-9685-0855cb090984,277.12,427,495,528,652,732,537,242,839,624,11.56,36.48,44.75,952.35,declining,542,400,33,true,80.29,completed,sample_text_1493,2025-10-25T17:01:28.655Z,2026-03-16T01:52:19.134Z,2026-01-26T22:30:50.290Z,2025-12-04T17:24:29.439Z,2026-03-20T12:08:17.374Z,2026-02-19T15:06:51.915Z
456e2783-a1cc-42f7-5aa2-5c9c157482c9,3821dac3-4b74-4883-4b91-de100fbd6258,2e842555-494e-4eac-25b2-d2a4430cc9ed,8ec11999-7a20-466e-84f7-f134e29d20eb,413.85,109,665,353,654,632,615,147,126,32,2.88,57.46,60.1,611.6,improving,423,552,140,true,73.9,on_track,sample_text_8815,2025-04-21T04:37:11.645Z,2026-04-05T03:00:19.549Z,2025-10-20T12:26:29.474Z,2025-12-30T02:46:12.638Z,2025-10-11T05:48:41.949Z,2025-10-29T09:33:27.551Z
3b59167e-cdcf-4063-cee2-4a4b87959887,6db61a4b-84a8-461f-cebe-88f07baaac2d,4f68cba7-6170-4ab1-21f9-a7a23a74f8c0,73e655b7-927f-4010-5d38-ed87d5958465,410.3,156,139,559,743,317,216,581,179,774,33.39,31.19,21.81,915.56,declining,938,204,488,false,1.04,on_track,sample_text_2981,2025-11-05T09:56:08.540Z,2025-11-13T14:45:03.449Z,2026-01-07T10:34:15.392Z,2025-07-29T09:49:07.317Z,2026-03-27T06:57:04.428Z,2025-09-26T05:20:10.674Z
dad76651-e594-488c-1e45-d43acb84555c,22cc6a8f-9b50-4313-a8c9-a3c43b392d05,1eca3985-996e-497f-4644-294968d742b8,44e96aef-1775-4e8c-e285-02e0cadba8e3,658.82,331,476,134,341,976,939,63,990,758,71.1,88.36,57.73,741.32,improving,765,861,130,true,27.74,discontinued,sample_text_3464,2025-08-19T10:01:43.731Z,2025-09-03T16:19:08.203Z,2025-09-15T03:34:05.652Z,2025-08-06T18:41:08.506Z,2026-03-06T16:35:16.347Z,2025-11-06T05:03:32.052Z
ad39c332-9696-4d27-7795-75f18863d1ab,3e90a57e-4981-458b-1a9c-b59ffc169491,f56bd850-ae1d-4c12-1f67-ecd289df1620,f3bdc0f5-709a-4443-3bcd-690202dcd619,629.48,429,247,923,588,978,533,284,204,530,66.04,72.87,18.4,373.03,improving,276,420,611,true,58.96,behind,sample_text_3520,2025-05-08T18:30:35.080Z,2026-03-29T12:55:47.923Z,2025-08-01T08:20:04.560Z,2025-09-07T17:05:31.158Z,2025-09-11T06:48:26.986Z,2026-04-02T17:40:03.408Z
a8b78004-5d23-43e4-c2c6-af21b2064c56,354a8aed-8ff3-48d7-00fd-76a6427a85cc,af7db41b-a69f-4ae5-eb9c-f59fa17dcd26,7abd7935-415a-4e5c-0200-73c72eee9749,928.5,50,879,396,305,470,346,490,476,471,48.55,15.75,78.62,927.14,improving,224,930,729,true,23.55,behind,sample_text_1175,2026-04-04T21:04:46.859Z,2026-01-10T15:13:17.611Z,2025-05-05T19:44:56.829Z,2025-10-23T22:04:15.553Z,2026-04-04T01:50:39.057Z,2026-01-25T17:05:33.534Z
7cab1d74-8135-409f-0e4c-55705f54b32a,02921be7-21ab-4274-eb8c-fd17367ef932,59faa8f0-e266-467f-aa62-7fd97008cad7,4335fda9-afa6-493e-0026-1aa0263939a5,50.78,385,634,741,94,390,926,436,160,861,31.5,85.06,33.78,728.79,improving,607,875,252,true,68.51,not_started,sample_text_51,2025-08-25T14:17:33.593Z,2026-02-11T23:54:32.739Z,2026-04-11T04:05:24.238Z,2026-03-24T05:31:34.030Z,2026-03-28T17:20:39.594Z,2025-05-25T09:38:07.234Z
06f40653-1f62-4a75-3998-349263ea655b,e0b5f5e4-afd9-462e-ec04-fb5455b210a3,76fb7096-3d5c-4180-3013-e7a55c8b02bb,440eba09-b8a9-4df2-7ce2-88916df0536d,323.44,451,466,334,147,398,964,540,724,570,48.26,43.89,92.85,821.54,improving,153,806,564,false,43.11,behind,sample_text_7636,2025-12-15T18:17:14.059Z,2025-05-02T09:47:18.887Z,2025-09-11T15:19:49.147Z,2025-06-20T10:08:58.945Z,2025-05-11T19:29:02.131Z,2025-09-14T08:40:53.282Z
d5dc9fe6-f759-4d0b-bf07-7038b5caace4,e5536f1d-70a4-4729-c482-8f7e415dd89b,73370ee3-24e1-494c-b530-e79710873eeb,a9f9f807-e129-4f29-9091-c45f8770da1a,72.43,196,485,243,704,758,895,83,925,713,7.59,84.52,40.26,962.25,stable,477,963,936,true,43.61,discontinued,sample_text_4420,2025-05-14T03:14:24.632Z,2026-01-03T20:25:11.483Z,2025-08-04T11:30:28.806Z,2025-04-21T06:28:47.909Z,2026-01-13T19:37:28.947Z,2025-06-28T05:42:10.395Z
56230a87-dbac-4153-cf3d-9bd6f4827116,9bc1579d-9568-426b-e472-0da17f977ab5,7e8192d3-756a-4974-209e-dc1ea1cca26e,4459d0bc-ac12-45e0-2241-37b73184e150,356.39,663,939,46,860,225,816,221,589,860,21.99,75.25,16.93,382.42,improving,729,78,614,true,91.17,completed,sample_text_6729,2025-07-06T23:10:36.112Z,2025-07-13T04:15:00.805Z,2025-12-16T22:47:45.812Z,2025-07-05T01:14:20.800Z,2026-01-19T21:49:44.315Z,2025-07-31T04:04:47.013Z
e0772c84-c8e8-43e9-34ce-2f199e23bd54,5859fef3-05c8-484e-150b-75f6cf06c810,13f8f388-7de1-4383-f922-a0d8a397e76c,857fcefe-5faf-4a3c-df5d-917321d0ed26,845.18,666,567,121,241,558,163,210,760,670,47.59,64.87,78.25,369.84,stable,581,630,638,true,40.5,behind,sample_text_5895,2026-03-01T05:55:00.592Z,2025-05-15T15:14:10.269Z,2026-02-13T19:36:26.692Z,2025-08-02T05:20:12.895Z,2026-02-05T05:11:24.817Z,2025-07-03T08:10:44.898Z
1481033b-b8a2-4e32-7159-9ff256a555be,0660e705-3f95-4fd9-a41a-321262e51eb3,e394ca10-b5a0-45cc-8730-3524aff8641a,63b3d997-8d4b-4027-f32c-5ba74efdff76,309.13,496,377,891,575,414,524,549,660,595,84.21,70.66,59.92,895.75,improving,969,931,967,true,21.92,on_track,sample_text_8245,2026-02-27T04:28:23.183Z,2026-03-10T00:49:59.793Z,2026-03-17T06:25:25.026Z,2025-09-09T20:37:12.744Z,2025-06-30T06:43:56.322Z,2025-09-09T21:34:43.074Z
b11dbd12-be5a-47d5-44ec-14b176e56d1d,02921be7-21ab-4274-eb8c-fd17367ef932,1c4d8e9f-05af-4567-fc15-60738335dd73,36fa19ad-37fd-44f9-4a36-73f18ecfe5f4,516.11,466,636,348,262,957,899,473,874,455,18.22,8.4,96.58,634.01,improving,256,73,982,true,53.37,on_track,sample_text_4551,2025-05-09T02:58:48.400Z,2026-03-05T07:20:08.644Z,2025-10-25T20:28:47.601Z,2025-06-23T04:09:59.798Z,2025-05-06T14:50:34.641Z,2025-06-04T09:26:58.254Z
5f343152-932f-42cf-8831-aab264890d86,ec3dd584-9571-48a4-dbfd-905d9bdad20d,00e48b05-b6cb-410f-1525-6668c44bdb40,40dc6875-50a3-4da6-8104-124ea7a529fb,64.37,858,595,685,92,967,488,757,262,685,37.27,14.05,0.95,880.62,improving,276,259,429,true,6.37,behind,sample_text_6091,2025-11-29T19:13:36.128Z,2026-01-28T13:35:46.583Z,2025-09-22T21:30:18.237Z,2025-07-08T21:52:00.733Z,2025-06-01T02:09:59.783Z,2025-11-08T19:15:03.688Z
e4f97dcc-3127-460b-c854-51a378f114ba,2816ccd1-fce4-4fb5-0fbb-dfb23ed54240,3f4d6f7d-05f7-4310-de9f-ae93e46984db,0519f110-4080-47f1-0e4d-53c0e3b18659,553.67,389,768,243,659,419,296,297,420,97,76.12,47.96,65.62,19.25,declining,514,753,437,false,53.41,not_started,sample_text_3560,2025-06-26T07:35:56.717Z,2026-04-05T14:21:22.298Z,2026-01-02T19:19:23.410Z,2025-07-12T17:30:38.623Z,2025-07-06T08:40:14.227Z,2026-03-08T17:56:54.002Z
75ffe7b7-1441-41d3-c37c-fccb47c3e45f,36a2bd98-8d6a-422c-04cc-be071c7128f3,615ffcad-04ca-4584-4505-45cbefd50d58,2f04b13c-c50c-4de2-5f7d-f7ef75d312f1,888.84,822,624,307,275,377,923,709,594,269,93.2,42.56,51.7,740.24,declining,540,247,182,true,73.03,on_track,sample_text_5377,2025-10-18T03:12:06.363Z,2026-01-05T21:46:05.568Z,2026-02-17T01:11:36.704Z,2026-02-10T03:39:33.486Z,2025-11-29T06:56:23.875Z,2025-11-11T13:07:56.972Z
c7bb8434-ce9d-4286-31b7-98b772be59c0,1c838e84-c20a-4ba3-eb30-b5b3f01c4156,7cc152ca-2334-4efd-8c58-4327009bcdb6,4335fda9-afa6-493e-0026-1aa0263939a5,303.9,486,993,850,456,91,194,759,882,698,32.05,23.18,33.79,182.44,stable,188,896,755,false,80.61,discontinued,sample_text_1189,2025-07-11T16:01:22.405Z,2026-01-06T16:54:27.866Z,2025-05-23T03:07:10.538Z,2025-07-04T00:07:11.739Z,2025-08-24T01:45:22.695Z,2026-01-17T11:07:35.490Z
72448252-ab15-4f8c-68d5-b4817dd9e2cb,e4e629c5-87d4-4ff9-a454-60a9e53957d8,13905047-dc05-4f11-21d1-ceb2ff2a4ead,0519f110-4080-47f1-0e4d-53c0e3b18659,695.77,45,159,781,340,722,796,640,930,770,40.71,96.48,35.91,302.74,stable,259,322,108,false,91.86,completed,sample_text_5665,2025-07-24T01:51:10.433Z,2026-03-18T09:20:18.983Z,2026-01-05T15:36:35.719Z,2025-09-17T12:15:15.998Z,2025-04-19T10:58:31.633Z,2025-11-05T03:54:11.616Z
601f1fed-d797-4e2e-3d6c-64be74c1f893,e4ebc728-43de-4dc6-8cfd-0a6e04ab4faf,2e858920-a13b-46d3-3f94-8050bb03f098,7e8ad38f-d17c-4824-3c91-c8579a6b5e5f,105.08,709,637,368,636,416,893,603,580,651,42.78,9.2,87.78,743.56,stable,725,440,565,false,51.11,completed,sample_text_8464,2025-12-18T04:26:10.254Z,2025-04-23T12:08:33.542Z,2025-08-20T06:25:06.297Z,2025-05-08T04:04:56.504Z,2026-04-09T09:12:26.072Z,2025-05-12T10:53:49.375Z
17db3ae9-39ea-49b2-3aa6-8707a3589a6d,e3365cd7-81d6-41a6-c786-86fd08bb2298,545d1106-2b34-4e12-24da-7673253ca1d7,4459d0bc-ac12-45e0-2241-37b73184e150,294.23,684,395,404,995,17,311,605,118,953,83.73,44.39,24.99,214.85,improving,418,20,58,false,74.71,completed,sample_text_9902,2025-10-27T07:33:32.222Z,2025-05-04T16:14:39.129Z,2026-03-26T04:42:06.410Z,2025-06-29T00:34:10.647Z,2025-09-14T03:11:50.490Z,2026-01-17T02:56:40.635Z
ef4aa9a9-fa7c-4387-6add-5ca0049f7eda,2816ccd1-fce4-4fb5-0fbb-dfb23ed54240,59faa8f0-e266-467f-aa62-7fd97008cad7,942582d6-df90-465e-0a7c-344463dcc5fc,489.72,801,939,172,783,267,682,480,489,854,60.82,9.77,70.83,859.59,improving,549,825,416,true,2.62,completed,sample_text_8288,2025-05-26T09:34:03.691Z,2025-05-24T19:03:52.780Z,2025-05-11T23:40:57.774Z,2026-02-11T13:59:31.398Z,2025-11-11T04:44:32.038Z,2025-08-25T11:14:52.294Z
40a2cdf9-9e63-4f73-fe16-bc24c20d3ac4,ec3dd584-9571-48a4-dbfd-905d9bdad20d,545d1106-2b34-4e12-24da-7673253ca1d7,2815d421-fa85-4846-4e67-32f2b052db68,522.9,215,128,31,259,21,43,845,762,301,31.12,91.87,2.19,739.75,improving,650,552,711,false,69.83,critical,sample_text_1797,2025-05-30T22:49:44.609Z,2025-07-04T13:30:31.467Z,2026-02-22T04:30:00.605Z,2025-07-25T06:03:34.478Z,2026-03-16T22:59:27.920Z,2025-10-16T13:58:15.555Z
13c6c73b-c9e2-4ec0-a5c5-04704c9b6d58,ec1ba003-ffce-4ac3-4d22-9142d9c5f0ee,af7db41b-a69f-4ae5-eb9c-f59fa17dcd26,73e655b7-927f-4010-5d38-ed87d5958465,351.93,403,32,255,207,881,495,658,130,13,23.11,2.97,7.08,676.28,declining,499,715,779,false,98.38,not_started,sample_text_1831,2026-03-18T16:46:19.510Z,2025-06-03T18:46:12.890Z,2025-05-12T10:07:00.736Z,2026-02-23T04:09:18.799Z,2025-11-05T16:06:25.181Z,2026-01-26T18:01:46.866Z
b6ef4310-aba5-40dd-563e-d234181f9ca9,db0d14ad-557f-4320-7a13-8a2d95908763,32a1daeb-123e-4dbe-b622-aea59b73722d,08c9d53b-5bb4-4a4e-3e69-2fcd9679e99e,124.45,170,84,857,311,738,294,860,549,576,22.25,64.33,99.91,871.78,stable,385,483,628,true,94.09,discontinued,sample_text_2569,2025-06-07T05:00:29.820Z,2025-07-31T01:43:56.606Z,2025-07-25T18:39:03.639Z,2025-09-16T18:17:05.174Z,2025-05-01T07:03:35.734Z,2025-07-21T23:45:18.803Z
69dc3e73-5888-4983-0737-adcefdbe97ac,e3365cd7-81d6-41a6-c786-86fd08bb2298,615ffcad-04ca-4584-4505-45cbefd50d58,8e053e88-8c6b-4a2d-0248-e26f6841348e,83.16,610,938,298,444,490,493,235,807,803,57.13,26.78,6.29,257.4,declining,941,407,293,true,90.3,not_started,sample_text_4224,2025-07-16T14:53:02.580Z,2026-04-01T04:01:33.302Z,2025-06-02T13:35:00.047Z,2026-03-28T07:09:41.401Z,2025-12-29T10:44:54.566Z,2025-09-05T06:53:19.352Z
9f936d28-5d79-43ef-c4ec-e82a77e071c9,90bb83ca-2bb7-45da-7fea-80080434dbd5,f3e56a9d-701d-4138-17b4-468168466ac1,824fd656-898c-4a31-aa57-ef6e1d6c346d,201.46,810,518,901,338,624,198,345,564,96,53.02,68.75,96.96,168.41,improving,912,253,691,true,3.22,discontinued,sample_text_7952,2025-04-26T16:28:35.453Z,2025-05-29T18:22:56.110Z,2025-06-27T11:04:42.431Z,2026-02-27T09:34:34.030Z,2025-07-30T13:29:43.081Z,2025-12-11T14:09:28.953Z
11eb68fd-eaca-4b1a-fe86-68586b1fb7e7,e0b5f5e4-afd9-462e-ec04-fb5455b210a3,930d6afd-4225-4c87-6245-39cb7a7a0d26,8ec11999-7a20-466e-84f7-f134e29d20eb,218.28,281,58,281,858,169,89,607,83,752,86.36,72.4,1.92,669.05,improving,491,237,234,true,19.39,not_started,sample_text_7831,2025-04-23T20:14:53.551Z,2025-05-03T07:36:55.916Z,2026-02-21T16:53:54.176Z,2025-08-11T11:39:19.344Z,2025-06-28T16:35:36.249Z,2025-06-20T12:42:55.723Z
effb858b-e64e-491b-4749-917c7847902c,02921be7-21ab-4274-eb8c-fd17367ef932,59faa8f0-e266-467f-aa62-7fd97008cad7,9a9475d1-a832-46dc-d803-59feef06073e,441.98,239,416,582,822,772,958,402,275,168,32.29,49.22,53.85,363.42,declining,598,71,535,true,21.41,critical,sample_text_4953,2025-05-12T01:07:05.179Z,2025-11-12T02:37:02.358Z,2025-05-15T14:41:42.798Z,2025-08-26T19:13:27.463Z,2025-12-04T00:31:33.024Z,2025-08-23T17:52:08.716Z
f126acb2-6058-4234-04ed-735e9b9be76f,22cc6a8f-9b50-4313-a8c9-a3c43b392d05,10539e4e-19ad-49ff-5fb1-13c6a13a9cc0,2de16969-104d-43a0-bfd9-fe690d9d6eac,685.74,23,896,997,766,642,989,928,785,213,54.1,65.8,0.44,373.46,stable,135,37,188,true,89.5,on_track,sample_text_4079,2025-11-21T15:30:21.267Z,2026-01-25T20:12:39.189Z,2025-08-01T15:18:12.546Z,2025-06-16T11:36:58.158Z,2026-01-24T13:48:50.686Z,2025-08-17T22:53:38.927Z
ddd9d4cc-cfb3-4126-b5f0-06d63ec64746,4298b1e0-3106-4cb3-2217-06e177b7279a,7e8192d3-756a-4974-209e-dc1ea1cca26e,152072c0-f075-4a77-bebe-aaa40d5c36c5,861.84,86,195,259,937,728,726,59,744,805,75.24,64.07,40.23,685.72,declining,395,803,847,false,98.47,discontinued,sample_text_8942,2026-04-01T15:27:22.097Z,2025-12-09T20:49:01.336Z,2025-12-01T17:09:34.318Z,2025-09-17T23:07:24.243Z,2026-01-13T09:07:56.436Z,2025-06-21T17:28:45.306Z
e9ec381c-c9fa-4ce3-e17b-be49716e9d49,ba7a4b0f-ab5c-4d6a-5299-a5cc023c573d,820e0d69-1dec-4fa2-7dff-4973e37417e7,dc5c38cd-11bd-4d48-b540-0659ffe8f55b,365.46,458,101,609,276,550,305,284,17,847,70.77,41.43,40.71,201.7,improving,40,237,992,true,40.89,on_track,sample_text_343,2026-01-05T16:33:47.110Z,2025-12-29T05:18:15.470Z,2026-02-22T22:37:58.781Z,2025-07-22T03:59:53.333Z,2026-04-03T00:41:41.789Z,2025-07-11T11:02:51.730Z
4b58b5a5-61ca-4384-ba31-8fe80ea61dc8,7b01d302-0a70-4c31-f833-da69c718f73d,af7db41b-a69f-4ae5-eb9c-f59fa17dcd26,2f04b13c-c50c-4de2-5f7d-f7ef75d312f1,471.43,96,982,588,380,263,222,710,412,754,34.98,86.15,83.26,202.32,stable,929,353,164,true,87.81,on_track,sample_text_3186,2025-09-13T13:04:12.187Z,2025-06-10T16:54:50.216Z,2025-07-08T13:23:36.940Z,2025-07-05T01:47:23.311Z,2026-02-06T08:22:27.410Z,2025-10-03T20:41:30.052Z
da65e9a2-5118-48f9-82ed-e1ba8ab9a2d9,ec23acc1-d133-44fb-ce18-66435eb26d60,545d1106-2b34-4e12-24da-7673253ca1d7,c679812d-8719-424c-f810-c17bf20e8d10,793.86,433,600,621,79,5,183,325,185,251,27.93,10.23,31.99,551.19,declining,189,357,74,false,35.99,completed,sample_text_6240,2025-09-04T10:57:45.612Z,2025-04-24T16:54:27.850Z,2025-11-09T11:36:05.955Z,2026-02-17T06:10:41.726Z,2026-04-03T19:54:16.883Z,2025-09-22T23:51:21.411Z
1354d037-da98-4faf-f3d3-da23dcfa4129,9fb97d7d-c648-45dd-decd-8fba34ef4c41,3a19d003-2447-4c77-d435-69866c42a3e8,3aaad658-14e8-4861-52c9-2341f1d4e7da,508.1,815,967,968,681,771,140,746,362,655,10.68,25.47,75.13,651.82,improving,23,628,896,true,91.54,on_track,sample_text_4527,2025-12-21T00:16:28.435Z,2025-07-20T03:19:59.578Z,2026-04-11T13:03:28.257Z,2025-10-13T23:34:55.207Z,2026-04-03T04:50:19.597Z,2026-03-18T01:29:30.237Z
1272a1e8-0d40-4471-3012-c6ea46b9cbf3,ff7b5b59-28e3-4c72-312f-ad72de847623,89bd14e2-cf78-45ab-904a-7a7f0f4a4010,72ea06ea-6647-4b34-faa9-4b6acc59b996,525.8,804,240,764,755,631,132,955,31,180,72.58,70.88,18.8,199.8,declining,517,319,686,false,46.94,discontinued,sample_text_4017,2025-09-21T19:38:02.620Z,2025-05-25T15:10:41.522Z,2025-08-18T19:39:21.021Z,2025-08-25T20:01:52.447Z,2025-08-04T15:06:51.254Z,2025-12-13T17:45:39.112Z
74f4cc03-f039-46e4-aa30-f013c62da55f,6db61a4b-84a8-461f-cebe-88f07baaac2d,94519cc1-bdc7-4549-769e-8964efcea7c6,7b4e9cee-f4ce-4983-6f42-9424ff347d5a,182.68,373,894,809,173,301,816,837,739,812,99.99,13.89,63.23,253.48,stable,339,352,240,true,46.1,completed,sample_text_3041,2025-10-26T20:00:16.763Z,2026-02-12T23:19:34.943Z,2025-07-09T12:53:00.222Z,2025-06-26T02:35:30.800Z,2025-11-24T19:48:35.824Z,2025-09-24T17:55:37.793Z
19bca860-2148-4f4e-beb9-99aae2802397,7278e65a-9c24-4acf-5b35-796f64dbce30,921679af-a07e-442d-b254-00f81e5f665d,43a0c009-5096-4beb-ceb2-2e90d29fa6d1,167.48,72,179,792,826,345,795,434,298,264,36.14,45.63,91.5,217.41,declining,252,780,541,true,27.86,completed,sample_text_8147,2025-05-18T14:18:27.187Z,2025-04-26T10:34:01.663Z,2025-11-17T21:15:57.784Z,2026-02-11T13:57:28.854Z,2025-10-20T00:41:45.077Z,2026-01-16T16:05:25.504Z
25795ed5-3e6c-44de-a253-d2ae01cf9e32,0660e705-3f95-4fd9-a41a-321262e51eb3,5eca5363-069f-462b-ef13-7dba299c99d9,5354d00b-34f0-4a88-58d4-8decde6ce2ee,868.28,244,410,647,210,240,495,35,193,641,32.28,81.73,12.38,857.99,improving,62,941,724,true,47.09,completed,sample_text_9964,2025-04-25T17:21:21.433Z,2025-11-09T18:22:58.039Z,2026-02-20T16:02:38.565Z,2025-10-02T03:47:47.383Z,2025-08-02T15:14:50.807Z,2026-01-05T02:38:48.385Z
41032a46-18b3-47a4-2c99-b5be6f0da1f1,9fb97d7d-c648-45dd-decd-8fba34ef4c41,e112e16e-d7d4-47de-a1f6-038db1f702ae,cd807608-c28a-4e54-37b1-20305ffdcd5c,796.08,519,252,161,535,69,148,722,874,25,72.26,63.73,96.4,80.85,declining,432,5,419,true,56.04,completed,sample_text_7677,2026-03-27T02:55:18.692Z,2026-01-19T09:39:27.631Z,2025-07-27T19:38:02.013Z,2025-04-14T10:45:30.255Z,2025-11-02T06:45:49.505Z,2025-04-14T07:48:41.299Z
b0aa166c-c1e9-49b8-3fb4-b04990a7ba86,9bc1579d-9568-426b-e472-0da17f977ab5,e394ca10-b5a0-45cc-8730-3524aff8641a,dc5c38cd-11bd-4d48-b540-0659ffe8f55b,586.48,498,423,408,524,477,791,513,32,249,4.76,81.98,81.29,524.3,declining,920,585,358,true,38.92,behind,sample_text_3338,2025-06-18T11:31:09.134Z,2025-06-20T12:52:06.027Z,2025-12-06T01:44:28.275Z,2026-02-19T06:13:42.372Z,2025-09-18T00:18:18.649Z,2025-11-29T00:33:28.042Z
f8970625-1252-4811-0899-099a42a4c242,b99d9240-0c15-492c-bcb5-5dab6f5707ac,af7db41b-a69f-4ae5-eb9c-f59fa17dcd26,0e77db3f-7cdc-48b3-e10c-c05d74f5b464,56.88,906,765,511,109,2,952,960,109,858,61.22,29.58,83.43,982.41,improving,424,34,106,false,35.1,completed,sample_text_1195,2025-12-22T00:45:49.622Z,2025-10-17T01:57:35.775Z,2025-05-18T14:30:11.501Z,2025-05-24T21:14:24.916Z,2025-06-25T07:51:09.911Z,2025-09-08T02:54:31.042Z
2331ed23-fc34-40f0-2681-2af56cdda8ff,8445b8d0-fa6a-4454-0ffa-e73de69b3697,4f68cba7-6170-4ab1-21f9-a7a23a74f8c0,3e4e588f-bb13-48f9-ae27-231d699b174f,259.55,19,90,165,575,311,829,371,885,745,23.03,79.56,5.76,766.85,improving,372,21,114,true,83.08,completed,sample_text_9408,2025-04-28T07:02:54.398Z,2026-03-17T02:04:08.477Z,2025-12-12T17:47:47.502Z,2025-08-29T10:01:00.315Z,2025-12-09T14:56:35.170Z,2025-07-05T18:34:08.235Z
50336ffc-7dc9-4cd4-0804-70bf1cdbc6f2,36a2bd98-8d6a-422c-04cc-be071c7128f3,219980cb-3f77-4414-faeb-5f70b1472a36,4b7cf6ad-bee5-43d3-4470-e6643cf6983e,542.28,107,543,344,539,278,219,189,332,953,67.91,48.27,65.17,231.68,improving,467,364,434,false,70.83,on_track,sample_text_9087,2025-05-13T11:31:14.102Z,2025-09-10T23:03:36.577Z,2025-08-25T06:59:55.427Z,2025-09-12T14:17:59.020Z,2026-04-09T02:23:28.828Z,2025-07-03T09:28:19.151Z
1dd1fd31-d244-41ed-6111-5954b3a8f2a6,ba7a4b0f-ab5c-4d6a-5299-a5cc023c573d,e394ca10-b5a0-45cc-8730-3524aff8641a,ef30f378-ae06-4200-e466-b63a46dd4365,841.51,343,629,350,121,754,757,851,760,940,27.04,29.79,90.27,204.35,improving,922,410,355,true,32.91,on_track,sample_text_3168,2025-10-29T23:20:29.091Z,2025-06-05T16:07:37.647Z,2025-07-14T04:18:02.193Z,2025-07-24T06:42:06.472Z,2026-04-07T18:36:47.673Z,2025-08-15T06:48:14.793Z
ec1a2acc-28d7-4172-e672-bb1908a0cc46,6fb8d879-d8bc-47e9-d75c-868c65e4b80e,3d03d7a9-93e0-4b8e-6b5b-e7f8337fab48,857fcefe-5faf-4a3c-df5d-917321d0ed26,84.72,264,568,463,498,933,593,876,505,288,97.28,55.97,94.34,437.23,stable,814,749,183,true,67.54,behind,sample_text_6823,2025-08-28T16:43:48.732Z,2025-12-18T19:46:48.060Z,2025-08-03T09:18:16.527Z,2025-11-16T10:00:10.667Z,2025-04-18T23:27:06.772Z,2026-04-11T19:58:42.966Z
b7d81daf-b02d-4ac8-4592-b853a43d17a1,a70b1f5f-95d9-4a6b-0910-a715243975f7,4f68cba7-6170-4ab1-21f9-a7a23a74f8c0,74996144-2438-4454-03fb-d777b4c9db8b,822.94,719,421,95,247,320,668,691,941,799,69.41,32.17,4.56,755.42,declining,613,325,531,true,16.14,completed,sample_text_1490,2025-06-01T17:25:23.306Z,2025-08-05T04:53:56.380Z,2026-01-23T02:45:17.145Z,2025-09-11T09:01:08.044Z,2026-01-04T12:13:07.064Z,2025-05-15T19:42:32.341Z
7bb7fd88-4e79-4637-26a0-fd360c5ae34d,5b87189e-f2c1-4df6-c8e6-85342cf1a109,2bd4f3bc-df4b-49c7-997f-c11868da495a,72ea06ea-6647-4b34-faa9-4b6acc59b996,882.06,935,618,630,679,990,382,400,878,462,51.58,58.26,59.59,218.48,stable,805,240,251,false,38.76,on_track,sample_text_4171,2025-12-05T02:40:00.992Z,2025-07-06T23:06:02.532Z,2025-09-23T21:21:29.350Z,2025-09-21T13:46:18.573Z,2025-08-20T21:22:37.088Z,2025-05-05T23:50:55.780Z
19c19af4-d95f-478a-d05a-93c19e51a00d,81bdd85f-842c-462f-80f2-77e9a08b68bb,c0b731c7-72d6-4cbc-7d82-0603fe27478a,2d6bfb42-752b-4b9d-3444-de223d3aae60,318.22,825,417,57,700,872,223,623,352,991,83.11,23.71,32.86,557.01,stable,779,54,620,false,78.79,completed,sample_text_4209,2025-09-01T10:24:10.035Z,2025-07-24T08:27:43.150Z,2025-11-25T01:29:42.366Z,2025-12-27T14:02:24.107Z,2026-01-06T23:33:43.386Z,2025-12-01T01:38:58.851Z
13aabc00-446b-498e-f019-2836ad1c9ee5,0a6828b5-4d55-4c26-d7ba-a1b99663b2fe,7cc152ca-2334-4efd-8c58-4327009bcdb6,49c0f8d8-fcc1-4c41-a548-3ff914a66692,595.98,991,165,172,497,289,506,932,503,828,84.65,83.21,82.05,920.43,improving,713,88,387,false,25.26,on_track,sample_text_3760,2025-08-04T05:34:40.542Z,2025-11-22T08:36:42.876Z,2025-04-29T17:41:43.421Z,2026-03-09T04:44:41.762Z,2025-08-10T21:21:45.270Z,2026-01-12T18:44:03.697Z
291b13e6-91c6-4b0b-34c3-11e5e9d598be,7086daf9-3111-437e-3beb-ae91b8ea51fb,e536d26c-1212-499f-3401-979cc6978147,f61f2a14-3a64-4170-c4e0-7f394614ec15,69.3,487,362,346,782,963,778,12,204,261,95.41,81.93,27.18,655.36,declining,651,968,459,false,25.38,completed,sample_text_1331,2025-09-17T06:05:51.373Z,2025-09-06T03:43:51.723Z,2026-02-09T12:12:26.485Z,2025-05-16T03:32:04.654Z,2026-01-26T07:33:44.754Z,2025-12-04T10:24:11.331Z
35326c6b-10a4-4983-9084-6fc580ba568b,a27d74e2-2d9c-4728-84c3-cf4dbccaa5ee,94519cc1-bdc7-4549-769e-8964efcea7c6,cd807608-c28a-4e54-37b1-20305ffdcd5c,907.72,55,398,110,521,759,112,889,799,472,29.38,25.76,88.94,704.31,declining,457,765,532,true,92.03,behind,sample_text_8927,2026-03-06T00:05:10.002Z,2026-04-01T16:58:10.360Z,2026-04-06T20:59:06.791Z,2026-01-13T20:55:07.569Z,2025-09-03T10:30:07.534Z,2025-11-05T09:59:25.930Z
5256ff17-1359-429a-cbb3-61439c75a6bb,1c838e84-c20a-4ba3-eb30-b5b3f01c4156,837a9baf-7fed-4fe4-630e-eeaf60164bcb,7e33c19d-304d-44cf-6308-c84646b5b9b6,920.65,490,763,912,549,500,775,771,793,950,98.55,16.76,28.79,60.67,declining,784,484,645,true,62.46,completed,sample_text_923,2026-01-15T22:00:06.693Z,2025-10-31T13:21:48.270Z,2025-06-24T01:37:39.396Z,2025-10-29T06:47:58.738Z,2025-12-21T02:38:06.374Z,2026-01-27T23:41:48.802Z
53f55e0b-2736-4978-eb1a-8b83399d32db,6f646e24-7167-4f14-1525-7476ae2c26ef,b1160aa4-615e-46be-c33f-53b664f1618f,afb57115-93e2-41e4-19fb-726afc7dc847,645.68,1,335,611,348,6,613,660,357,314,25.73,9.08,34.6,750.56,improving,651,313,132,true,61.97,behind,sample_text_6497,2025-04-15T12:27:35.786Z,2026-02-24T12:36:35.124Z,2025-06-28T08:50:53.555Z,2025-09-30T13:40:09.910Z,2025-12-04T14:58:12.804Z,2026-01-23T19:31:22.881Z
1939a8af-68c9-40ef-f9a8-c4abb41d7cce,e4e629c5-87d4-4ff9-a454-60a9e53957d8,a41d4030-6171-4181-a953-5d0104c592fd,a9f9f807-e129-4f29-9091-c45f8770da1a,885.48,347,311,238,434,224,190,960,713,698,79.6,53.03,10.08,414.8,declining,205,184,498,false,41.79,completed,sample_text_464,2026-01-31T18:34:20.234Z,2025-08-25T04:30:56.582Z,2025-07-24T21:27:40.332Z,2026-02-03T02:22:53.827Z,2026-03-16T07:15:59.065Z,2026-02-10T05:49:16.182Z
af073856-6abe-4bb5-6dc3-ce7f681116b7,7cd8bff5-4341-4461-ae03-af249bc974f9,930d6afd-4225-4c87-6245-39cb7a7a0d26,ca649c96-10ee-4d76-dcea-e4beca9603df,423.57,397,156,567,56,239,572,185,159,692,11.33,79.01,42.06,364.37,improving,819,308,379,false,83.96,not_started,sample_text_1170,2025-06-01T17:54:02.965Z,2026-01-12T21:14:20.629Z,2025-08-07T20:02:20.110Z,2026-02-14T03:00:18.775Z,2025-05-20T21:23:26.280Z,2025-11-14T22:23:16.423Z
f4d21bb7-4fe9-4ce4-ce11-0455c846bcd5,e4ebc728-43de-4dc6-8cfd-0a6e04ab4faf,661bcb95-f84e-4871-e1c4-675bf8171439,6ca9565d-394f-4984-5af6-b337411ec843,279.58,983,926,455,75,331,960,990,268,541,59.37,14.15,79.08,132.91,declining,775,565,162,false,11.46,on_track,sample_text_336,2026-02-15T19:06:20.021Z,2025-04-12T06:52:48.862Z,2026-02-03T02:17:12.936Z,2026-01-01T03:50:17.154Z,2025-09-20T10:57:09.515Z,2026-01-14T08:23:59.234Z
ef55366a-8f4f-4389-adbd-bde0e5f3a6f2,6d2954e1-a294-4f4c-a73e-cd9374c16466,7e8192d3-756a-4974-209e-dc1ea1cca26e,40dc6875-50a3-4da6-8104-124ea7a529fb,226.29,977,54,126,69,236,474,41,95,181,20.96,53.14,51.68,485.92,declining,830,91,19,false,40.24,discontinued,sample_text_6962,2025-11-13T18:31:49.570Z,2025-09-07T16:29:36.593Z,2025-08-04T23:23:48.264Z,2025-05-12T14:28:54.677Z,2025-12-14T22:17:29.234Z,2026-03-23T09:30:39.551Z
c3f4dfac-b22b-4a66-42ae-dee9e07d4a56,db0d14ad-557f-4320-7a13-8a2d95908763,94dc4310-c140-4af7-8a5b-88c24ff5a5d3,fb441a9a-76af-4633-ef6e-1ccf7e88caa7,939.57,754,546,764,351,423,363,767,773,245,70.22,93.11,16.32,164.68,improving,901,865,767,true,82.97,on_track,sample_text_5985,2026-03-27T00:11:30.274Z,2025-07-31T03:48:11.449Z,2025-09-04T09:05:09.874Z,2025-05-22T08:30:02.927Z,2026-01-23T04:39:49.142Z,2025-09-05T12:08:20.690Z
4517bcf5-265a-4cc8-2546-1c1d690a256c,8e77bf83-cdbf-4e65-c0fd-b456dae5ca6e,5eca5363-069f-462b-ef13-7dba299c99d9,ca649c96-10ee-4d76-dcea-e4beca9603df,32.29,114,494,805,618,992,684,90,696,677,88.26,60.08,16.51,283.37,stable,85,508,435,false,40.3,on_track,sample_text_7968,2025-12-03T00:54:28.039Z,2026-03-15T13:54:08.124Z,2026-01-08T09:14:09.925Z,2025-11-03T03:40:27.778Z,2025-12-07T19:38:14.309Z,2026-01-17T12:36:42.273Z
e14c3c95-d9c3-4f86-5f10-5ccb91bb62f7,c9e85a3d-88f7-4ead-d63e-86c9e54e124f,545d1106-2b34-4e12-24da-7673253ca1d7,2de16969-104d-43a0-bfd9-fe690d9d6eac,236.52,572,421,335,452,864,525,838,611,540,62.94,96.17,21.95,741.25,stable,244,227,141,false,82.78,not_started,sample_text_2973,2026-02-06T01:07:11.902Z,2025-04-21T10:07:41.231Z,2026-01-01T20:24:19.843Z,2025-11-28T23:47:55.113Z,2025-07-18T17:10:07.159Z,2025-10-10T05:15:36.191Z
191ccf11-127f-440d-5810-4f07a4b78236,90bb83ca-2bb7-45da-7fea-80080434dbd5,1eca3985-996e-497f-4644-294968d742b8,0519f110-4080-47f1-0e4d-53c0e3b18659,795.02,341,372,954,909,46,28,309,620,733,99.25,28.06,6.49,541.85,improving,437,864,807,false,2.56,completed,sample_text_9915,2026-03-15T00:17:19.707Z,2025-05-19T01:08:50.187Z,2025-11-17T10:45:07.874Z,2025-07-20T16:07:55.734Z,2025-09-07T09:13:31.300Z,2025-05-21T14:50:31.767Z
d7ffa450-c231-48c0-3491-82f365e5a34b,7b01d302-0a70-4c31-f833-da69c718f73d,fecc715c-91cf-4144-4e6d-27d53565cfa5,974aa30d-547e-4e21-86d6-1f3c34623f7f,421.21,383,479,613,474,266,703,707,373,837,26.17,84.56,62.75,927.07,improving,994,691,461,true,91.92,completed,sample_text_1169,2025-09-24T21:30:04.589Z,2026-04-05T14:28:30.895Z,2025-07-31T22:13:07.772Z,2026-01-08T03:24:06.516Z,2026-03-05T02:47:48.873Z,2025-08-07T05:42:20.111Z
bf69f879-0112-4ba0-683d-c99c8e4d8c51,1797da59-3197-4d22-4628-5686cdfac972,545d1106-2b34-4e12-24da-7673253ca1d7,12c936b7-76a2-4244-3342-f64b193771af,243.54,167,775,442,944,106,326,765,535,840,97.39,7.74,52.84,833.94,stable,474,352,376,true,88.7,not_started,sample_text_2289,2025-11-01T01:46:11.745Z,2025-11-30T16:46:28.785Z,2025-11-12T00:32:38.944Z,2026-01-08T08:08:02.208Z,2025-04-17T16:57:07.748Z,2026-02-20T14:24:01.764Z
f1a8cd09-6ec4-4e6c-3469-4bdc75206246,22cc6a8f-9b50-4313-a8c9-a3c43b392d05,e536d26c-1212-499f-3401-979cc6978147,4f78a299-95cc-4ebc-45f5-de09ee40e0da,856.63,352,11,990,919,122,767,550,469,393,40.89,55.06,56.39,259.3,declining,662,908,129,true,19.32,on_track,sample_text_138,2026-01-24T02:11:28.389Z,2026-03-16T12:01:35.785Z,2025-07-20T17:17:12.145Z,2025-07-13T07:40:26.782Z,2026-01-06T23:59:32.776Z,2025-09-10T01:20:48.293Z
bd0f0fe6-45b0-468c-10a5-e2e74644bc35,c9e85a3d-88f7-4ead-d63e-86c9e54e124f,8fcce2e7-79c7-439d-1c00-1a62a46a56f2,25984c0e-a7ff-4156-822e-ec2fb55f198a,186.76,4,595,689,180,754,374,592,20,992,6.81,11.47,50.7,835.23,improving,759,922,429,false,16.93,discontinued,sample_text_2309,2025-12-18T12:15:16.578Z,2025-06-21T06:32:51.063Z,2026-01-31T13:01:48.274Z,2026-02-28T07:28:55.223Z,2025-09-17T02:58:07.621Z,2026-02-23T22:50:38.183Z
fd766c8e-9e78-48e2-d935-f5cb20d07d02,22cc6a8f-9b50-4313-a8c9-a3c43b392d05,837a9baf-7fed-4fe4-630e-eeaf60164bcb,8e053e88-8c6b-4a2d-0248-e26f6841348e,558.78,48,564,744,142,641,891,980,79,647,38.29,57.88,39.97,239.51,stable,315,126,416,true,40.52,not_started,sample_text_1428,2025-04-21T04:59:48.707Z,2025-12-05T08:45:13.470Z,2025-06-13T23:14:55.256Z,2026-03-26T07:12:10.334Z,2025-12-26T05:25:42.473Z,2025-08-09T11:21:14.851Z
914cc6e5-368a-4bec-8064-62e0db520746,6d2954e1-a294-4f4c-a73e-cd9374c16466,921679af-a07e-442d-b254-00f81e5f665d,6fd51bd1-cbdc-4c3a-0686-e52d7fe6061c,331.3,932,332,489,918,884,626,121,361,263,48.62,63.44,15.77,853.69,declining,366,737,245,false,41.5,not_started,sample_text_6467,2025-07-10T11:58:00.692Z,2026-03-05T14:03:20.364Z,2025-07-04T17:04:00.051Z,2025-05-09T09:56:04.304Z,2026-01-17T22:01:03.195Z,2025-11-13T20:44:03.000Z
3e899eb3-1fc1-4542-687f-11be1e1e1454,8f80124e-7fab-4583-99a9-6b1f15ac293c,00e48b05-b6cb-410f-1525-6668c44bdb40,2de16969-104d-43a0-bfd9-fe690d9d6eac,257.47,688,359,454,10,606,564,332,401,430,80.94,58.2,6.99,289.4,declining,83,834,535,true,9.09,on_track,sample_text_8443,2026-02-01T11:59:29.424Z,2025-09-24T10:01:44.565Z,2026-01-15T07:06:06.211Z,2025-10-07T23:04:56.332Z,2025-10-18T18:52:33.774Z,2025-12-17T14:51:04.541Z
97f626de-b0db-4ad4-cc41-904c3752b2a3,e3365cd7-81d6-41a6-c786-86fd08bb2298,343e4691-d779-4742-a9b6-c828fbb55b61,ef30f378-ae06-4200-e466-b63a46dd4365,375.27,258,361,683,637,692,256,448,128,799,41,19.39,68.09,413.93,stable,531,237,118,false,10.93,completed,sample_text_6666,2025-07-19T01:44:32.771Z,2025-07-19T06:12:34.243Z,2025-06-20T21:35:48.770Z,2025-06-19T07:53:03.007Z,2025-11-18T06:14:29.630Z,2025-12-27T18:32:21.921Z
6a17573c-801f-4214-a5c9-21a247e87524,4802aca5-84c1-4dec-bcdf-1d631717991e,2e858920-a13b-46d3-3f94-8050bb03f098,12c936b7-76a2-4244-3342-f64b193771af,735.41,176,168,564,249,225,891,580,540,886,21.36,75.03,64.4,950.15,declining,144,912,228,true,34.94,on_track,sample_text_8438,2025-12-18T08:29:22.801Z,2025-12-26T02:15:35.790Z,2025-07-23T06:48:02.353Z,2025-06-23T08:03:43.785Z,2025-08-27T05:53:07.825Z,2026-03-28T01:24:56.530Z
9aacb9b8-33ca-49cb-6941-edee392422d8,0fe15401-d8c6-475b-c190-0d88ceee9427,13f8f388-7de1-4383-f922-a0d8a397e76c,3e334f12-6fd2-4fbe-3f23-a1309343356d,744.06,180,662,535,975,918,660,105,424,372,14.81,47.66,60.54,339.21,stable,266,837,423,false,83.39,completed,sample_text_8513,2025-09-02T05:35:16.282Z,2025-08-04T06:24:39.568Z,2025-12-11T16:31:05.285Z,2025-10-14T21:30:54.453Z,2025-06-06T03:56:01.389Z,2025-04-26T00:22:31.725Z
efef268f-31f0-4a33-5136-02af9f5f4480,e3365cd7-81d6-41a6-c786-86fd08bb2298,73370ee3-24e1-494c-b530-e79710873eeb,7e33c19d-304d-44cf-6308-c84646b5b9b6,547.05,307,15,477,171,519,373,631,277,802,99.96,21.7,31.19,745.03,declining,271,925,38,false,19.33,discontinued,sample_text_388,2025-10-10T15:43:43.973Z,2025-08-29T19:56:36.132Z,2025-09-03T12:46:09.580Z,2025-04-22T16:54:31.327Z,2026-01-19T22:34:33.485Z,2025-10-14T11:20:10.949Z
291b23a4-b5bb-4c52-3171-09c6c5c10b19,04f767dc-1a7c-43e8-2019-c5577d3ae052,1eca3985-996e-497f-4644-294968d742b8,cd416869-1efc-4398-0a2a-903b79ed2d98,206.01,460,66,316,773,46,173,164,956,513,80.64,34.78,25.4,726.04,declining,95,136,855,false,80.21,behind,sample_text_1931,2025-04-28T09:56:00.915Z,2025-11-02T01:29:07.793Z,2025-10-01T19:36:21.764Z,2025-04-13T10:54:27.471Z,2025-04-30T04:52:15.239Z,2025-04-13T12:35:39.207Z
a818cb90-396e-43e8-a037-535bed705b1d,01063723-1de5-41a1-e5d1-0089f90f19b6,f56bd850-ae1d-4c12-1f67-ecd289df1620,dc5c38cd-11bd-4d48-b540-0659ffe8f55b,576.5,612,926,204,941,269,599,872,42,358,71.43,59.47,23,363.42,declining,92,739,16,false,83.34,behind,sample_text_3463,2025-11-24T14:38:03.823Z,2025-07-12T12:25:13.393Z,2026-02-11T04:34:18.604Z,2025-04-25T11:30:28.389Z,2025-05-27T03:40:01.148Z,2026-01-06T04:42:12.987Z
6bf58d0d-0ee8-43ee-636d-ae9114388e1f,da56bf9e-670d-458d-06b7-c28efe44bae9,e112e16e-d7d4-47de-a1f6-038db1f702ae,6ca9565d-394f-4984-5af6-b337411ec843,834.74,461,646,469,681,295,79,806,616,493,28.93,26.1,30.52,879.39,declining,821,709,787,false,44.54,not_started,sample_text_2661,2025-04-20T00:55:48.439Z,2025-09-16T19:18:19.595Z,2025-04-16T17:43:28.661Z,2026-04-08T03:36:59.601Z,2026-04-03T12:19:58.763Z,2026-04-10T00:42:27.593Z
662c2f5f-9a65-433a-5e44-7f5f56ce8c05,e4e629c5-87d4-4ff9-a454-60a9e53957d8,94519cc1-bdc7-4549-769e-8964efcea7c6,73e655b7-927f-4010-5d38-ed87d5958465,801.56,498,741,85,609,12,814,17,577,967,92.07,73.38,14.29,724.89,stable,87,371,812,true,71.34,discontinued,sample_text_1703,2026-03-15T03:11:38.052Z,2025-11-19T08:06:33.774Z,2026-01-05T21:08:12.986Z,2025-09-13T00:46:51.673Z,2025-06-28T18:05:01.404Z,2025-08-27T18:52:31.391Z
130a7c3b-ca4f-4c8e-f806-4e5a60664151,ff7b5b59-28e3-4c72-312f-ad72de847623,661bcb95-f84e-4871-e1c4-675bf8171439,152072c0-f075-4a77-bebe-aaa40d5c36c5,622.81,115,284,200,203,794,321,986,722,889,4.78,53.43,88.62,94.77,stable,918,331,176,false,5.09,on_track,sample_text_8902,2025-12-08T16:50:34.307Z,2025-07-11T18:08:25.633Z,2025-11-16T07:39:10.476Z,2025-11-26T06:35:23.774Z,2026-02-06T15:33:51.106Z,2025-10-09T10:12:50.455Z
a7efdbe6-5264-4ed3-9510-ec7cd142b12b,5859fef3-05c8-484e-150b-75f6cf06c810,fecc715c-91cf-4144-4e6d-27d53565cfa5,2d6bfb42-752b-4b9d-3444-de223d3aae60,212.34,738,323,873,810,355,311,184,155,169,59.87,59.97,60.96,328.75,improving,817,282,305,false,32.29,on_track,sample_text_4716,2026-02-04T18:10:02.711Z,2025-08-27T19:02:36.557Z,2025-08-23T09:50:05.031Z,2026-03-05T10:44:33.117Z,2025-08-18T16:27:39.822Z,2025-07-27T22:46:54.636Z
cac0082d-27ab-49d1-edd2-cacc3d26b6ba,0f853a45-92cb-4e08-bb3a-9f894364a97f,eb97341d-2385-4175-9a86-c3256608e18e,09e8d1ef-f5f0-41fa-38f3-10bac079d03c,748.81,960,6,692,23,180,361,250,398,164,62.66,25.23,3.92,284.2,improving,314,60,917,false,29.09,discontinued,sample_text_8488,2025-11-08T13:55:49.933Z,2025-05-08T11:35:31.745Z,2026-02-12T14:57:32.503Z,2025-06-16T04:17:08.209Z,2025-06-14T16:28:46.180Z,2025-06-10T13:17:22.290Z
54658eaf-0c6e-4da3-5265-41e6229df459,7cd8bff5-4341-4461-ae03-af249bc974f9,e394ca10-b5a0-45cc-8730-3524aff8641a,74996144-2438-4454-03fb-d777b4c9db8b,438.82,944,391,283,985,612,740,335,519,329,70.27,84.72,20.76,760.03,stable,447,240,194,false,81.86,completed,sample_text_459,2025-10-16T07:26:07.685Z,2025-06-24T11:03:14.499Z,2025-04-28T19:56:50.412Z,2025-04-19T16:57:26.907Z,2025-08-07T05:01:22.697Z,2025-10-25T12:11:15.764Z
12a4e728-6111-41f4-dda3-ac77eee9e81a,7086daf9-3111-437e-3beb-ae91b8ea51fb,f3e56a9d-701d-4138-17b4-468168466ac1,974aa30d-547e-4e21-86d6-1f3c34623f7f,881.7,512,226,471,28,697,780,249,954,218,30.25,98.41,44.92,647.4,improving,235,48,844,true,37.06,completed,sample_text_6722,2025-08-27T18:06:23.574Z,2026-01-15T10:25:49.019Z,2025-10-04T09:52:06.998Z,2026-01-20T16:02:02.325Z,2025-09-27T14:19:40.901Z,2025-08-22T18:23:08.723Z
9cb97a6e-2ca4-44f2-c698-91f8bdb63f86,ec3dd584-9571-48a4-dbfd-905d9bdad20d,1eca3985-996e-497f-4644-294968d742b8,2d6bfb42-752b-4b9d-3444-de223d3aae60,832.51,812,895,694,196,561,319,10,434,382,15.37,57.55,98.73,486.58,stable,362,262,576,true,81.11,completed,sample_text_2355,2025-09-17T07:24:13.140Z,2025-07-04T09:18:34.253Z,2025-05-08T23:01:43.091Z,2025-08-28T07:00:50.637Z,2025-09-01T16:17:32.214Z,2025-07-06T17:34:02.170Z
4aeffcee-f097-4fdf-1006-5bf0698820f5,e3365cd7-81d6-41a6-c786-86fd08bb2298,13f8f388-7de1-4383-f922-a0d8a397e76c,0e77db3f-7cdc-48b3-e10c-c05d74f5b464,215.35,248,241,158,771,941,519,944,922,947,21.2,34.24,33.54,658.27,improving,146,999,140,true,83.64,behind,sample_text_3293,2026-02-04T07:49:24.129Z,2026-01-31T16:44:08.039Z,2025-12-26T13:06:33.652Z,2025-08-31T17:04:33.623Z,2025-07-25T23:09:41.699Z,2025-10-20T06:48:17.053Z
8663046c-50ac-4d73-059d-997b8200ca93,1c838e84-c20a-4ba3-eb30-b5b3f01c4156,4fab3abf-dd8f-4d4b-ef39-52d4314418ca,dc5c38cd-11bd-4d48-b540-0659ffe8f55b,303.01,380,62,613,382,792,198,568,392,450,80.1,37.32,99.55,676.1,declining,541,347,80,true,96.62,not_started,sample_text_1400,2025-12-06T23:02:03.738Z,2026-02-18T16:29:10.098Z,2025-04-29T07:50:06.139Z,2026-01-21T00:22:04.344Z,2026-04-07T18:52:20.949Z,2025-10-17T08:12:31.661Z
7ae0bc1a-305f-4d8d-481d-11004cf0b042,9bc1579d-9568-426b-e472-0da17f977ab5,16c0f045-ad9e-4d23-8922-374a2534b914,5ad3d718-54d7-4cd2-1fcf-87aea33287e9,339.83,138,184,329,520,698,95,594,94,265,31.36,54.64,54.85,510.27,stable,988,22,884,true,51.57,behind,sample_text_5779,2025-06-08T12:22:36.122Z,2025-11-26T04:37:13.071Z,2026-04-05T10:38:45.321Z,2025-05-14T07:04:50.164Z,2026-01-21T01:47:55.089Z,2025-09-23T01:58:22.862Z
4defecfa-b728-442d-8b4b-dea3442e0fdc,2aec5726-4c1e-417e-c6cf-9881808fd293,7e8192d3-756a-4974-209e-dc1ea1cca26e,b913d05c-d452-4b8d-58bc-5af42ecc92ad,314.18,836,811,102,37,149,983,706,72,80,10.02,17.63,12.71,686.66,stable,881,487,894,true,95.09,discontinued,sample_text_5090,2025-11-10T06:42:23.083Z,2026-02-12T09:50:19.912Z,2025-12-24T11:54:23.792Z,2025-05-22T13:36:16.049Z,2025-12-04T19:24:38.150Z,2025-04-22T01:44:21.533Z
0d892de1-657b-4953-fe12-18490efb1ee0,0a6828b5-4d55-4c26-d7ba-a1b99663b2fe,1c4d8e9f-05af-4567-fc15-60738335dd73,ca649c96-10ee-4d76-dcea-e4beca9603df,936.85,323,763,232,270,281,48,202,2,363,97.28,67.03,47.17,158.67,stable,153,192,601,false,34.69,critical,sample_text_2683,2026-02-17T15:35:26.557Z,2025-11-08T23:21:08.274Z,2025-12-09T19:40:04.471Z,2026-02-06T11:04:03.153Z,2026-02-08T02:02:44.989Z,2025-09-01T12:38:11.732Z
2894dd70-3268-4850-e3cb-78ccc4276cdf,9fb97d7d-c648-45dd-decd-8fba34ef4c41,c8bf5171-97bd-4a3c-df89-c4059e1474e2,5cca90e9-35ef-4b60-da97-176e79a801fd,682.58,344,932,911,542,391,354,877,510,248,84.07,97.64,44.76,513.09,declining,611,618,131,false,44.34,not_started,sample_text_9280,2025-08-03T11:09:31.301Z,2026-01-24T14:28:31.899Z,2026-01-01T15:38:37.708Z,2025-11-03T19:09:16.938Z,2025-04-15T06:38:23.738Z,2025-11-30T18:18:51.191Z
b4003243-bfdd-4cf0-9321-f2ae8bdbf04e,e3365cd7-81d6-41a6-c786-86fd08bb2298,2e858920-a13b-46d3-3f94-8050bb03f098,f3bdc0f5-709a-4443-3bcd-690202dcd619,322.85,222,210,488,164,536,294,117,5,578,89.49,21.71,60.52,547.53,stable,207,597,172,false,63.18,not_started,sample_text_4981,2026-01-06T14:23:16.160Z,2025-04-26T03:51:23.741Z,2026-01-29T16:29:42.432Z,2026-01-27T13:26:57.457Z,2026-02-18T06:33:54.092Z,2026-04-01T01:52:24.288Z
572145b4-8c66-47cc-0dce-1d31100d8410,0a6828b5-4d55-4c26-d7ba-a1b99663b2fe,521d1584-627e-495f-893e-82a12f5344be,44e96aef-1775-4e8c-e285-02e0cadba8e3,985.33,922,506,674,711,718,508,125,765,577,7.94,62.03,59.58,744.82,improving,99,655,186,true,53.7,on_track,sample_text_960,2025-12-10T07:18:11.137Z,2025-07-14T19:25:33.634Z,2025-05-25T03:31:49.360Z,2025-06-22T11:24:52.009Z,2026-03-12T00:42:38.647Z,2026-02-23T07:35:11.394Z
19ee76da-1d08-4576-5344-4dd71b9bfcca,e0b5f5e4-afd9-462e-ec04-fb5455b210a3,4f68cba7-6170-4ab1-21f9-a7a23a74f8c0,cd416869-1efc-4398-0a2a-903b79ed2d98,173.61,502,54,911,799,144,788,754,307,887,29.99,4.86,35.55,848.04,improving,840,583,701,true,38.92,behind,sample_text_2559,2026-02-25T00:41:33.513Z,2025-09-09T23:58:30.167Z,2025-04-13T06:41:59.973Z,2026-01-16T05:28:54.203Z,2025-06-18T21:53:31.583Z,2025-06-29T08:24:47.580Z
ce1c9ec4-5276-4cd3-2140-73f4a1d23436,6d2954e1-a294-4f4c-a73e-cd9374c16466,16c0f045-ad9e-4d23-8922-374a2534b914,40dc6875-50a3-4da6-8104-124ea7a529fb,554.89,601,228,866,859,49,756,135,204,377,82.52,91.12,77.53,535.95,declining,927,773,509,false,76.28,completed,sample_text_4870,2025-12-19T13:10:59.289Z,2025-05-23T21:01:12.261Z,2025-11-04T13:10:11.446Z,2026-02-14T00:28:14.963Z,2025-11-26T20:36:02.972Z,2026-01-22T07:08:24.688Z
cac4b84f-2da7-4b13-66cc-1edd8622be38,093f659d-b7ea-45cd-f8d9-33ac23698fa0,e394ca10-b5a0-45cc-8730-3524aff8641a,afb57115-93e2-41e4-19fb-726afc7dc847,340.03,246,349,530,957,547,186,255,564,823,98.68,72.46,32.26,271.61,improving,686,959,256,false,72.56,not_started,sample_text_6488,2025-06-10T09:02:58.625Z,2026-02-16T10:14:25.260Z,2026-02-17T17:15:20.861Z,2025-06-22T12:38:09.595Z,2025-09-11T00:44:25.755Z,2025-09-14T06:33:37.680Z
f63d57df-c5c5-40b9-5e2f-8f0501b0e0cd,8e77bf83-cdbf-4e65-c0fd-b456dae5ca6e,eb97341d-2385-4175-9a86-c3256608e18e,cd416869-1efc-4398-0a2a-903b79ed2d98,315.91,468,284,801,990,987,181,629,430,289,52.28,27.53,74.39,714.32,improving,659,216,269,true,21.35,completed,sample_text_2259,2025-09-21T16:12:43.490Z,2025-04-20T09:01:19.219Z,2025-10-30T16:06:42.292Z,2026-02-16T17:15:30.782Z,2026-03-29T07:16:05.970Z,2025-06-11T08:14:38.361Z
e4b26cbe-c8b0-4411-dbc4-6432633be19f,0f853a45-92cb-4e08-bb3a-9f894364a97f,7cc152ca-2334-4efd-8c58-4327009bcdb6,19b0ce65-5cea-46af-9685-0855cb090984,126.15,452,698,564,391,874,721,657,437,43,75.77,59.72,51.86,400.88,declining,870,860,115,false,28.27,not_started,sample_text_7784,2025-12-13T11:12:37.641Z,2025-12-12T01:58:10.077Z,2025-11-17T21:50:21.973Z,2026-01-25T15:10:02.213Z,2025-07-15T11:29:43.083Z,2025-10-14T22:39:59.433Z
162563c6-47d0-4063-6063-9925b5e30def,8e77bf83-cdbf-4e65-c0fd-b456dae5ca6e,2e858920-a13b-46d3-3f94-8050bb03f098,440eba09-b8a9-4df2-7ce2-88916df0536d,738.81,765,389,679,254,886,508,935,596,728,31.47,43.79,25.52,358.36,declining,372,14,90,false,38.3,on_track,sample_text_4359,2025-09-27T06:47:31.943Z,2026-02-23T13:20:01.136Z,2026-01-04T14:20:18.485Z,2025-07-08T18:26:48.130Z,2026-02-05T07:29:04.411Z,2025-09-19T10:55:39.300Z
fbb50cfa-9d2b-49e2-42a4-5fc491d19cfd,354a8aed-8ff3-48d7-00fd-76a6427a85cc,c8bf5171-97bd-4a3c-df89-c4059e1474e2,f61f2a14-3a64-4170-c4e0-7f394614ec15,103.23,118,22,344,890,463,396,265,849,20,39.87,36.61,19.14,769.05,improving,81,901,987,false,41.23,not_started,sample_text_3780,2025-12-13T00:41:23.688Z,2025-10-23T02:26:58.919Z,2025-05-25T02:30:52.536Z,2025-10-25T06:42:42.506Z,2025-11-20T03:13:04.529Z,2025-09-11T05:09:16.536Z
e0717a3f-ec2f-484c-56d5-fc8b4b0ed14d,04f767dc-1a7c-43e8-2019-c5577d3ae052,89bd14e2-cf78-45ab-904a-7a7f0f4a4010,73e655b7-927f-4010-5d38-ed87d5958465,365.06,889,810,122,904,560,822,913,655,147,20.1,53.03,55.53,486.72,improving,91,968,43,false,86.3,completed,sample_text_1697,2026-03-08T07:00:09.257Z,2026-01-14T22:50:08.603Z,2025-12-22T09:11:01.653Z,2025-11-03T20:31:55.572Z,2025-05-29T13:04:49.311Z,2025-12-24T09:30:32.496Z
a00897bc-de01-4fe9-7cd3-94b9449bebfe,a27d74e2-2d9c-4728-84c3-cf4dbccaa5ee,1c4d8e9f-05af-4567-fc15-60738335dd73,43a0c009-5096-4beb-ceb2-2e90d29fa6d1,303.98,446,554,981,133,620,26,226,862,802,87.7,27.78,51.23,639.18,declining,533,579,42,true,10.1,completed,sample_text_9002,2025-05-08T11:50:34.310Z,2025-06-16T08:25:12.532Z,2025-08-06T18:15:38.748Z,2025-04-19T00:32:18.978Z,2025-09-07T15:19:43.153Z,2026-01-10T19:02:52.678Z
3c794bce-5fc8-40bb-fc58-1c0437aec604,a70b1f5f-95d9-4a6b-0910-a715243975f7,f902ac6e-7076-46f8-2ee0-d0970401682b,12c936b7-76a2-4244-3342-f64b193771af,575.11,878,831,309,852,934,16,85,632,819,11.67,82.95,43.8,854.95,improving,303,968,370,false,13.62,completed,sample_text_7423,2025-12-19T16:32:38.223Z,2026-03-11T06:01:29.434Z,2025-07-26T08:55:44.873Z,2025-04-29T14:45:35.488Z,2025-07-08T10:30:48.562Z,2025-11-18T00:12:39.746Z
f296a5ed-4f50-4275-6711-6cd57227c9df,3821dac3-4b74-4883-4b91-de100fbd6258,820e0d69-1dec-4fa2-7dff-4973e37417e7,152072c0-f075-4a77-bebe-aaa40d5c36c5,730.04,84,820,87,895,43,997,275,645,223,3.87,79.23,16.87,897.17,stable,838,53,609,true,53.01,discontinued,sample_text_9382,2025-08-27T02:17:21.871Z,2025-06-19T20:46:02.584Z,2025-06-20T10:53:47.072Z,2025-10-04T10:45:02.308Z,2026-02-14T21:08:06.491Z,2025-05-29T15:03:46.492Z
f48610d7-07da-4abf-b612-eee463f339b5,e0b5f5e4-afd9-462e-ec04-fb5455b210a3,10539e4e-19ad-49ff-5fb1-13c6a13a9cc0,a37257b2-9391-4433-6110-687c09f379ec,852.05,522,331,341,496,84,954,69,558,302,54.88,74.98,90.19,135.57,stable,20,972,464,true,12.74,behind,sample_text_1439,2026-03-14T10:11:23.602Z,2025-07-27T00:07:36.754Z,2025-07-24T05:23:12.390Z,2025-08-27T03:53:51.090Z,2025-05-31T21:25:11.949Z,2025-06-27T16:18:08.177Z
59e75f7e-c19a-41a0-c2ad-ea042068e069,b67c6dd5-03b5-49d6-f6fa-91a5dcce714c,7e8192d3-756a-4974-209e-dc1ea1cca26e,f3bdc0f5-709a-4443-3bcd-690202dcd619,983.55,448,427,216,588,569,253,993,143,35,63.94,15.75,49,713.79,stable,956,971,270,false,73.65,completed,sample_text_8532,2025-07-12T03:47:57.729Z,2026-01-27T05:09:28.000Z,2025-12-20T01:19:57.302Z,2026-03-14T06:58:30.506Z,2025-09-16T22:17:51.714Z,2025-06-03T04:14:11.765Z
8fcfca0a-26fe-4b67-7808-3daf16314568,ddaebb0c-208f-4c1d-99d6-3c94ad714d88,921679af-a07e-442d-b254-00f81e5f665d,1458a564-2503-4c4e-98fd-ff8eee30f920,638.39,551,401,683,584,775,69,539,798,236,18.09,65.75,43.97,882.77,declining,672,122,289,true,47.65,completed,sample_text_916,2026-01-01T14:06:13.773Z,2025-06-15T09:05:44.181Z,2026-03-25T11:51:19.885Z,2025-06-28T09:39:04.488Z,2025-06-09T10:48:53.513Z,2025-11-16T10:22:21.699Z
d1511c75-fc87-46d0-cbb3-7098bbca0bab,8e77bf83-cdbf-4e65-c0fd-b456dae5ca6e,59faa8f0-e266-467f-aa62-7fd97008cad7,0ba497e7-4a6e-4b40-b8d5-7f23952ad2cd,818.41,440,322,546,528,358,703,574,466,763,68.97,68.09,14.88,865.51,improving,849,839,942,false,47.99,critical,sample_text_6909,2025-05-27T00:21:03.501Z,2026-03-30T14:36:28.923Z,2026-02-26T06:47:22.347Z,2025-10-15T21:52:41.301Z,2025-10-31T06:14:37.857Z,2026-03-15T12:06:46.040Z
98a844b1-fdde-40ea-c4f1-533aaa8dcbf9,22cc6a8f-9b50-4313-a8c9-a3c43b392d05,e536d26c-1212-499f-3401-979cc6978147,ef30f378-ae06-4200-e466-b63a46dd4365,452.15,84,408,661,923,303,976,189,649,146,82.17,37.95,76.03,349.42,stable,203,907,510,false,87.27,on_track,sample_text_2438,2026-04-11T20:51:01.676Z,2025-05-12T09:58:04.259Z,2025-07-31T21:23:14.896Z,2026-02-05T16:56:52.700Z,2026-01-26T13:45:52.837Z,2026-02-13T06:22:41.575Z
2533646c-b82a-45f1-569a-fd48d6a3506e,da56bf9e-670d-458d-06b7-c28efe44bae9,8fcce2e7-79c7-439d-1c00-1a62a46a56f2,49c0f8d8-fcc1-4c41-a548-3ff914a66692,238.56,639,304,4,312,984,55,220,975,109,14.42,35.82,14.66,99.58,stable,465,358,189,true,36.37,not_started,sample_text_2820,2026-03-10T14:53:51.525Z,2025-04-17T23:42:05.341Z,2025-11-28T18:20:36.765Z,2026-01-31T12:01:54.706Z,2025-09-11T19:05:46.364Z,2026-01-09T03:42:37.739Z
45d3a707-b330-4899-417c-cad01216bebe,e2e17755-5579-455b-5775-badd073cd6e2,13f8f388-7de1-4383-f922-a0d8a397e76c,cd416869-1efc-4398-0a2a-903b79ed2d98,181.53,803,154,211,534,375,833,472,455,653,20.93,93.89,51.42,504.03,improving,171,137,73,false,41.69,completed,sample_text_6853,2026-03-13T19:11:27.560Z,2025-11-26T21:18:17.565Z,2026-01-04T17:32:46.840Z,2025-07-08T09:53:11.723Z,2025-09-03T14:46:25.421Z,2025-10-08T08:21:05.924Z
a00d3c11-8970-4b47-12fa-25d987507102,53d17442-b477-40dd-7421-38a81cb807b4,c41be56c-1b03-4f83-3798-7ff82c84c273,26241fc8-1326-4f27-2a84-eb284a0bd4ba,487.81,538,729,743,694,588,170,433,122,395,60.77,82.36,32.53,515.46,stable,388,859,270,true,69.62,on_track,sample_text_1108,2026-02-16T08:08:59.085Z,2025-11-06T22:36:00.344Z,2026-03-15T04:47:16.852Z,2026-03-19T13:48:03.961Z,2025-09-13T10:01:30.263Z,2026-02-25T22:17:11.022Z
172562d3-f346-42ec-3db0-2853a48fae2c,da56bf9e-670d-458d-06b7-c28efe44bae9,930d6afd-4225-4c87-6245-39cb7a7a0d26,857fcefe-5faf-4a3c-df5d-917321d0ed26,372.06,840,579,204,508,232,157,229,153,606,62.12,54.84,81.18,105.84,declining,791,582,823,true,59.45,behind,sample_text_1434,2025-07-25T14:27:19.808Z,2025-04-21T04:56:32.798Z,2026-03-07T03:42:55.631Z,2025-11-25T04:21:14.790Z,2025-10-05T16:12:59.067Z,2025-11-21T12:57:16.776Z
55d982b9-9846-48bf-f089-bba401d81869,e3365cd7-81d6-41a6-c786-86fd08bb2298,4ca6797c-e546-4f8b-df90-dbb08907d99e,7e8ad38f-d17c-4824-3c91-c8579a6b5e5f,921.91,15,995,179,365,208,993,581,403,997,28.19,10.79,80.82,738.18,declining,387,782,237,true,59.35,completed,sample_text_4156,2025-05-11T03:36:12.772Z,2026-02-25T09:12:39.692Z,2025-11-05T15:37:24.580Z,2025-08-10T12:17:32.811Z,2026-03-26T13:05:20.856Z,2025-08-19T02:16:08.317Z
1f67bb1d-a5ab-4f65-9c6e-5abf4464466d,e5536f1d-70a4-4729-c482-8f7e415dd89b,7cc152ca-2334-4efd-8c58-4327009bcdb6,2815d421-fa85-4846-4e67-32f2b052db68,383.43,419,352,671,907,192,46,134,689,44,65.16,58.54,44.67,849.73,improving,406,207,755,false,4.36,completed,sample_text_8955,2025-08-07T20:28:08.575Z,2026-03-07T15:32:19.453Z,2025-09-25T12:40:48.374Z,2025-06-10T01:10:13.020Z,2026-02-27T06:01:16.259Z,2026-02-22T19:37:28.954Z
833cb58b-123a-4de6-6e50-1608a41b6236,0a6828b5-4d55-4c26-d7ba-a1b99663b2fe,94dc4310-c140-4af7-8a5b-88c24ff5a5d3,4b7cf6ad-bee5-43d3-4470-e6643cf6983e,950.64,835,842,733,884,972,159,469,92,825,61.74,72.96,36.99,465.11,stable,78,825,419,false,96.77,on_track,sample_text_357,2026-03-29T01:32:25.261Z,2026-02-12T01:32:30.059Z,2025-05-27T03:02:12.337Z,2025-07-08T18:06:32.383Z,2026-02-07T22:55:17.979Z,2025-06-20T10:36:42.605Z
5b8fdac3-1220-4177-70b5-cca4c4653088,56ce6d7a-11a7-4010-eed8-0ac222e7299e,24557b57-0c13-4c0c-a3e9-39903a1a94a3,942582d6-df90-465e-0a7c-344463dcc5fc,757.02,431,363,738,260,475,274,923,889,153,57.7,80.17,89.03,276.02,improving,980,191,606,false,99.45,discontinued,sample_text_8810,2025-08-06T15:20:04.854Z,2026-01-04T13:46:43.031Z,2025-05-13T05:16:30.877Z,2025-11-03T05:01:33.428Z,2025-09-28T16:52:09.918Z,2025-07-23T21:02:30.314Z
89a05fc7-4fe0-4d73-1ae9-d8fb40bbdee5,ddaebb0c-208f-4c1d-99d6-3c94ad714d88,32a1daeb-123e-4dbe-b622-aea59b73722d,8e053e88-8c6b-4a2d-0248-e26f6841348e,184.94,320,449,514,101,234,184,520,314,59,14.25,45.06,42.78,459.75,stable,688,168,682,true,59.86,discontinued,sample_text_6809,2025-11-17T07:19:19.990Z,2026-03-21T18:35:45.855Z,2025-08-28T03:28:55.459Z,2025-12-03T12:43:18.006Z,2026-03-04T16:43:14.732Z,2025-05-14T17:02:49.863Z
89c2e50c-443f-49ca-27f7-e6bac704355b,8e77bf83-cdbf-4e65-c0fd-b456dae5ca6e,b9a92613-a49f-49ac-02ac-12389b77c55c,440eba09-b8a9-4df2-7ce2-88916df0536d,649.81,314,645,741,28,199,903,210,923,936,46.09,79.96,94.03,511.68,declining,145,136,667,false,23.41,behind,sample_text_861,2026-01-01T19:15:31.947Z,2025-06-24T00:53:43.674Z,2025-05-12T23:56:00.212Z,2025-09-29T10:25:52.969Z,2025-04-14T01:09:37.149Z,2025-04-26T10:46:30.713Z
caa3f93d-fdd5-4ec3-5c00-39599b85abf7,ff7b5b59-28e3-4c72-312f-ad72de847623,2d706e75-fd47-4d6b-cc14-10a1bf804d62,152072c0-f075-4a77-bebe-aaa40d5c36c5,469.49,897,601,267,93,114,392,32,257,357,5.06,80.98,62.82,136.92,declining,174,51,447,true,38.91,critical,sample_text_3418,2025-12-16T14:57:13.526Z,2025-11-14T13:28:04.571Z,2026-02-23T10:41:32.420Z,2026-01-08T15:28:32.264Z,2025-06-19T17:25:36.099Z,2025-05-02T21:56:41.437Z
efedeb9e-24a0-44f5-aa83-2f2ba0841295,8445b8d0-fa6a-4454-0ffa-e73de69b3697,b1160aa4-615e-46be-c33f-53b664f1618f,cd807608-c28a-4e54-37b1-20305ffdcd5c,465.55,362,480,557,421,339,124,576,741,475,61.13,75.66,42.06,35.32,improving,859,147,512,true,98.91,on_track,sample_text_7567,2025-04-21T06:20:34.521Z,2026-02-20T13:52:55.285Z,2025-09-09T17:12:31.875Z,2025-09-15T13:05:33.214Z,2025-05-27T12:46:20.556Z,2026-04-05T00:41:34.959Z
393817a6-7b2a-41ae-18a5-6f646ad3eb81,d2bb5682-7c2b-4eb6-8b8c-1743ca39b9ae,eb97341d-2385-4175-9a86-c3256608e18e,60bb9abd-ad4f-43fe-d09e-d416a48001a5,413.58,342,440,248,124,406,908,191,287,726,15.44,87.15,76.89,293.25,improving,258,969,444,true,74.96,completed,sample_text_3753,2025-04-28T23:06:31.609Z,2025-05-02T00:41:27.062Z,2025-07-04T08:04:33.137Z,2025-08-01T18:33:39.511Z,2025-10-12T09:02:26.582Z,2025-08-11T20:51:19.833Z
60f12c6a-1e47-4f33-adc5-f509cbdc4325,ff7b5b59-28e3-4c72-312f-ad72de847623,7cc152ca-2334-4efd-8c58-4327009bcdb6,440eba09-b8a9-4df2-7ce2-88916df0536d,590.99,274,608,447,178,291,192,535,910,546,14.45,41.8,42.01,474.43,improving,311,687,75,false,44.9,behind,sample_text_8568,2025-11-12T15:09:28.761Z,2025-12-03T02:58:30.024Z,2025-08-21T18:29:07.671Z,2025-08-19T16:31:52.692Z,2026-03-26T14:23:46.688Z,2025-10-12T12:19:34.450Z
f794788a-c795-4511-6d67-6b1ba9a801c2,8445b8d0-fa6a-4454-0ffa-e73de69b3697,3f4d6f7d-05f7-4310-de9f-ae93e46984db,857fcefe-5faf-4a3c-df5d-917321d0ed26,626.92,246,547,884,422,120,190,679,408,768,62.24,0.73,55.81,349.93,improving,687,839,748,true,83.09,not_started,sample_text_2828,2025-04-30T15:46:17.235Z,2026-01-31T07:23:28.145Z,2025-12-19T19:33:28.602Z,2026-01-26T04:26:37.661Z,2026-04-08T06:01:55.386Z,2025-08-15T11:57:14.158Z
d4715a3f-b9d8-4771-9886-91ed190ac056,8e77bf83-cdbf-4e65-c0fd-b456dae5ca6e,f56bd850-ae1d-4c12-1f67-ecd289df1620,f3bdc0f5-709a-4443-3bcd-690202dcd619,683.54,587,744,746,885,747,135,233,911,225,5.57,75.82,49.27,903.4,improving,821,139,980,true,55.94,on_track,sample_text_9555,2025-07-31T13:08:51.822Z,2025-11-03T00:22:09.047Z,2025-04-15T20:20:14.004Z,2025-09-23T01:55:57.596Z,2025-05-09T19:00:20.532Z,2026-01-30T01:38:57.959Z
f91d0633-b5e6-4003-3e58-0906da7fe28d,f2392f7d-a5b0-4fcc-13a3-f5b494facaed,b1160aa4-615e-46be-c33f-53b664f1618f,0519f110-4080-47f1-0e4d-53c0e3b18659,411.23,405,80,138,910,228,575,706,219,545,17.84,32,11.2,205.19,stable,356,303,404,true,51.9,completed,sample_text_2776,2025-12-02T03:56:48.790Z,2025-08-07T05:29:30.462Z,2025-12-10T16:38:56.071Z,2025-12-19T19:13:51.277Z,2025-05-21T17:36:03.286Z,2026-01-19T01:06:31.039Z
640b46ff-0f50-474e-388a-f1c8b694ea5a,392790ab-50ca-414f-ce4a-09dadfaa0790,661bcb95-f84e-4871-e1c4-675bf8171439,8e053e88-8c6b-4a2d-0248-e26f6841348e,211.6,336,259,354,119,678,274,84,21,373,64.75,41.52,66.04,587.63,stable,207,556,905,true,37.05,discontinued,sample_text_9644,2025-08-10T19:49:29.947Z,2025-06-22T05:39:49.058Z,2025-09-11T05:05:44.472Z,2025-07-22T16:25:48.522Z,2025-11-10T04:15:38.472Z,2025-11-06T13:16:35.055Z
806f6f19-459e-48de-e17e-f593e1886758,7b01d302-0a70-4c31-f833-da69c718f73d,2e842555-494e-4eac-25b2-d2a4430cc9ed,0ba497e7-4a6e-4b40-b8d5-7f23952ad2cd,127.85,585,1000,109,606,931,186,54,906,993,53.89,32.2,22.88,322.66,declining,709,537,253,false,63.34,discontinued,sample_text_33,2026-04-05T11:44:20.182Z,2025-11-12T19:32:17.792Z,2025-12-27T04:56:26.585Z,2025-08-02T23:40:27.180Z,2026-02-14T12:32:47.665Z,2025-12-25T17:06:31.948Z
3fe0ab76-7282-4589-3ec6-126c48a2927c,f2392f7d-a5b0-4fcc-13a3-f5b494facaed,f56bd850-ae1d-4c12-1f67-ecd289df1620,857fcefe-5faf-4a3c-df5d-917321d0ed26,209.7,829,317,295,631,627,585,585,969,983,94.16,61.63,15.45,457.2,declining,312,119,99,false,52.21,not_started,sample_text_8240,2025-12-03T06:42:52.591Z,2025-10-21T15:31:08.724Z,2026-04-08T21:50:21.995Z,2025-11-18T11:40:34.803Z,2026-01-22T18:40:15.571Z,2025-09-01T11:55:12.071Z
799401ac-4064-4221-2cd2-f6541c6f05af,f9139713-caa6-44fc-57f8-54d13d1981b1,521d1584-627e-495f-893e-82a12f5344be,7abd7935-415a-4e5c-0200-73c72eee9749,63.63,674,881,111,370,578,241,741,537,854,65.83,14.27,56.01,379.06,stable,424,849,253,true,23.12,not_started,sample_text_1519,2026-03-18T09:04:48.466Z,2026-02-14T20:50:57.772Z,2025-07-27T19:46:22.083Z,2026-01-03T12:57:27.002Z,2026-03-15T07:41:10.865Z,2025-07-14T18:06:25.660Z
073c7032-fbd5-4d6a-3d6f-9b2974df1aac,ba7a4b0f-ab5c-4d6a-5299-a5cc023c573d,00e48b05-b6cb-410f-1525-6668c44bdb40,ef30f378-ae06-4200-e466-b63a46dd4365,778.87,618,252,638,835,470,424,820,562,82,91.46,77.84,84.68,107.43,declining,138,932,905,true,8.29,on_track,sample_text_147,2026-01-13T13:27:22.227Z,2025-10-16T02:08:27.728Z,2025-07-15T15:23:47.883Z,2025-07-13T05:13:29.528Z,2025-11-30T17:04:11.662Z,2025-06-18T23:29:19.210Z
c28bfdf9-5b7d-40f6-cb27-0ba836aa4acc,f3245852-12e5-4379-8a66-102c2f3b17dc,930d6afd-4225-4c87-6245-39cb7a7a0d26,afb57115-93e2-41e4-19fb-726afc7dc847,818.36,546,186,401,775,8,217,543,32,727,57.62,88.72,52.64,458.17,improving,275,367,907,false,53.57,discontinued,sample_text_4701,2025-12-10T19:01:38.800Z,2025-07-27T08:29:10.340Z,2026-02-15T15:17:48.386Z,2026-03-19T20:44:13.478Z,2025-10-03T00:37:06.144Z,2026-03-01T09:14:44.312Z
e96d82d0-0bfc-47d0-44e4-fb6613307a35,0fe15401-d8c6-475b-c190-0d88ceee9427,c41be56c-1b03-4f83-3798-7ff82c84c273,44e91cce-ea65-438a-461a-9f0cf86acc81,693.04,575,553,419,170,941,945,438,778,357,20.31,97.93,21.95,230.79,declining,727,471,999,true,49.8,completed,sample_text_4263,2025-11-14T00:58:50.616Z,2025-08-07T12:55:37.406Z,2025-08-23T21:51:33.118Z,2025-05-26T13:15:49.140Z,2025-12-09T10:38:20.995Z,2026-01-05T14:18:12.494Z
c41ac6ce-d64a-4545-ab8d-81023515289a,22a0a6d0-f90a-40bf-5c2c-2c0d989b6a0d,3a19d003-2447-4c77-d435-69866c42a3e8,5354d00b-34f0-4a88-58d4-8decde6ce2ee,507.5,223,305,766,842,336,365,69,849,354,11.68,82.64,53.8,226.27,stable,991,180,589,true,16.01,behind,sample_text_7033,2026-02-12T19:35:49.175Z,2026-03-31T02:53:44.711Z,2025-07-15T12:40:58.686Z,2025-08-19T01:32:54.183Z,2025-05-09T23:42:31.518Z,2025-05-18T23:33:18.430Z
ea191ddf-2d46-46d4-c9e0-2632d9fd574e,4298b1e0-3106-4cb3-2217-06e177b7279a,fe4720c1-f369-4760-b122-6b324f08f3a3,09e8d1ef-f5f0-41fa-38f3-10bac079d03c,848.32,838,156,205,710,374,596,569,610,721,0.38,40.49,99.25,583.05,stable,58,959,955,true,14.43,on_track,sample_text_811,2025-09-19T07:56:10.165Z,2026-01-31T15:23:35.849Z,2025-11-12T20:43:23.130Z,2025-05-02T05:48:30.805Z,2025-06-16T13:19:51.254Z,2026-01-31T09:04:26.287Z
c86d6341-c035-42cc-adc9-4dd5d51722e5,0a6828b5-4d55-4c26-d7ba-a1b99663b2fe,b9a92613-a49f-49ac-02ac-12389b77c55c,4459d0bc-ac12-45e0-2241-37b73184e150,195.82,167,117,557,338,109,317,479,467,260,30.74,76.01,15.49,89.06,declining,567,941,192,false,32.97,completed,sample_text_6645,2026-01-10T23:37:35.080Z,2025-08-19T18:49:40.235Z,2025-07-17T16:27:15.653Z,2025-05-17T02:03:17.153Z,2025-06-13T12:46:16.953Z,2026-01-13T01:29:09.843Z
3b9c94c8-355e-4811-c22c-528d346e5669,e2e17755-5579-455b-5775-badd073cd6e2,4fab3abf-dd8f-4d4b-ef39-52d4314418ca,72ea06ea-6647-4b34-faa9-4b6acc59b996,41.43,958,910,199,99,149,254,573,567,234,66.26,85.07,76.79,398.59,stable,365,344,519,false,96.78,behind,sample_text_9559,2025-12-25T06:34:52.984Z,2025-08-13T15:06:59.495Z,2025-12-16T20:01:30.211Z,2025-05-19T11:00:14.717Z,2026-03-11T02:28:09.756Z,2025-12-02T11:03:27.894Z
9d6f255c-dc8d-4bf4-3238-999c89c9a393,92cf908b-38ac-4b5d-0803-1a8f60b5c6b9,b017f20d-2b75-45dd-64d2-722f145a78d0,f3bdc0f5-709a-4443-3bcd-690202dcd619,906.56,812,612,98,687,192,714,617,72,42,95.2,85.53,64.14,389.97,declining,421,972,314,false,82.87,behind,sample_text_2857,2025-11-23T04:52:11.401Z,2025-11-25T04:32:24.734Z,2026-01-02T04:45:28.548Z,2025-06-20T14:01:21.577Z,2025-09-12T09:32:51.990Z,2026-02-07T16:13:46.309Z
229b3506-4867-4def-70b0-babdf321570f,1797da59-3197-4d22-4628-5686cdfac972,94dc4310-c140-4af7-8a5b-88c24ff5a5d3,152072c0-f075-4a77-bebe-aaa40d5c36c5,38.69,280,482,907,33,242,419,23,358,46,59.89,73.43,2.14,499.82,improving,836,330,796,false,74.31,not_started,sample_text_8668,2025-05-18T02:42:41.026Z,2025-06-22T01:54:43.917Z,2025-09-30T17:02:12.987Z,2026-01-05T10:42:13.595Z,2025-07-25T20:42:53.206Z,2025-07-01T13:35:41.552Z
863e2800-a2ec-40c9-615b-6f7261306981,c9e85a3d-88f7-4ead-d63e-86c9e54e124f,24557b57-0c13-4c0c-a3e9-39903a1a94a3,98dc63d7-8988-4ff8-b7ca-2ab8d1f39352,317.91,966,817,714,303,954,132,940,842,515,92.96,87.59,52.25,514.18,stable,669,594,905,true,40.31,not_started,sample_text_4532,2026-01-17T00:31:09.900Z,2025-09-28T08:31:11.006Z,2025-07-08T20:17:58.087Z,2025-04-30T09:50:55.561Z,2026-02-03T10:18:35.483Z,2025-07-17T12:38:29.302Z
f7d3f443-1093-4264-49bc-f9476a18c728,36a2bd98-8d6a-422c-04cc-be071c7128f3,89bd14e2-cf78-45ab-904a-7a7f0f4a4010,3f1eb67e-af2a-4430-00e8-036be32a0239,407.13,756,619,191,2,439,1,981,918,935,55.99,71.98,83.86,365.15,stable,839,535,620,true,85.56,on_track,sample_text_9225,2025-12-29T20:36:44.990Z,2025-07-02T01:24:53.299Z,2025-08-17T19:22:26.415Z,2025-09-22T01:29:40.793Z,2025-11-28T17:33:30.612Z,2026-02-10T15:29:36.045Z
b6eaed74-0968-4896-d506-ebc12daa3c70,6db61a4b-84a8-461f-cebe-88f07baaac2d,4c81bc97-321d-48c5-d316-8243b2e8187e,43a0c009-5096-4beb-ceb2-2e90d29fa6d1,255.04,192,97,438,56,388,708,986,146,870,22.92,78.55,35.96,392.07,improving,829,927,663,true,75.77,on_track,sample_text_6864,2026-01-06T19:04:21.107Z,2025-04-15T22:53:22.641Z,2025-04-17T11:49:27.542Z,2025-12-09T16:52:23.528Z,2026-01-12T21:02:09.124Z,2026-01-18T03:23:13.010Z
4e365b47-8ace-4580-e872-e06f287d637b,36a2bd98-8d6a-422c-04cc-be071c7128f3,2e858920-a13b-46d3-3f94-8050bb03f098,49c0f8d8-fcc1-4c41-a548-3ff914a66692,698.82,201,310,861,708,628,620,464,341,318,33.47,38.02,94.14,382,improving,815,610,429,false,81.08,completed,sample_text_6631,2026-01-22T12:22:28.191Z,2026-04-09T09:36:54.721Z,2025-06-12T22:38:46.303Z,2025-08-15T18:59:33.069Z,2025-12-16T06:51:37.779Z,2025-06-18T22:47:24.381Z
916d8e9f-cf27-4512-53b7-3dfbdf6bc1db,01063723-1de5-41a1-e5d1-0089f90f19b6,b017f20d-2b75-45dd-64d2-722f145a78d0,152072c0-f075-4a77-bebe-aaa40d5c36c5,405.58,732,253,376,173,154,533,405,304,620,55.79,17.09,65.84,902.21,declining,143,249,573,true,96.17,not_started,sample_text_2616,2025-12-15T04:11:47.641Z,2025-06-02T19:29:25.313Z,2025-04-20T09:16:51.003Z,2025-07-29T20:47:01.040Z,2025-12-25T09:41:51.043Z,2026-01-04T10:56:07.400Z
f33e1182-bb3b-47bc-d2f5-fb075d90869b,3821dac3-4b74-4883-4b91-de100fbd6258,521d1584-627e-495f-893e-82a12f5344be,60bb9abd-ad4f-43fe-d09e-d416a48001a5,906.99,410,640,179,968,655,762,520,922,245,38.7,33.2,22.98,618.01,declining,113,963,883,true,47.84,on_track,sample_text_8187,2025-07-06T01:42:55.299Z,2026-01-12T16:07:03.963Z,2025-11-13T15:53:42.684Z,2026-03-15T18:36:40.106Z,2025-06-12T15:30:20.389Z,2026-03-02T23:13:01.815Z
909d0e1a-7bcf-47ed-8665-c1fabd299a1f,9fb97d7d-c648-45dd-decd-8fba34ef4c41,615ffcad-04ca-4584-4505-45cbefd50d58,08c9d53b-5bb4-4a4e-3e69-2fcd9679e99e,179.31,956,734,897,551,508,832,257,202,628,35.86,75.51,10.18,687.5,declining,151,884,214,false,26.14,on_track,sample_text_6499,2025-11-20T18:46:40.462Z,2025-12-29T23:11:46.734Z,2025-09-06T09:41:32.065Z,2025-07-31T03:13:16.516Z,2025-06-27T04:28:20.579Z,2025-07-14T15:36:33.715Z
4e116993-6b94-4331-785e-594c5083cdac,a9d01c6e-83df-4c25-d0c3-0543543bbe63,7cc152ca-2334-4efd-8c58-4327009bcdb6,3e334f12-6fd2-4fbe-3f23-a1309343356d,158.01,561,81,969,187,429,804,472,727,118,30.18,13.67,3.3,67.14,stable,725,171,149,true,45.54,completed,sample_text_1517,2025-08-08T16:57:56.388Z,2026-04-01T17:02:53.918Z,2025-05-24T01:21:34.511Z,2025-10-20T15:33:57.216Z,2025-06-20T23:14:20.310Z,2025-09-17T10:10:22.063Z
d4d4f0a6-a928-494e-d360-4aab95270961,4eb401f1-2970-4058-6e97-a97a6fb8e8b7,7cc152ca-2334-4efd-8c58-4327009bcdb6,b913d05c-d452-4b8d-58bc-5af42ecc92ad,550.09,659,935,587,898,504,220,633,782,821,63.76,50.7,47.6,557.6,stable,907,933,479,true,86.37,not_started,sample_text_9077,2025-09-28T10:03:13.512Z,2025-12-04T16:57:41.384Z,2025-09-22T16:19:33.665Z,2025-08-28T02:47:14.293Z,2025-04-15T02:35:50.763Z,2025-05-02T17:01:15.642Z
75d12f35-74ec-4012-7854-f254d35826b2,4298b1e0-3106-4cb3-2217-06e177b7279a,e394ca10-b5a0-45cc-8730-3524aff8641a,4f78a299-95cc-4ebc-45f5-de09ee40e0da,461.51,932,111,217,908,276,565,604,292,3,79.01,14.69,30.95,601.31,stable,314,510,95,false,57.95,completed,sample_text_6820,2026-04-04T14:10:40.154Z,2025-09-15T09:18:25.169Z,2025-09-07T10:26:47.130Z,2025-08-01T02:39:49.675Z,2025-09-23T14:22:09.398Z,2025-09-28T16:37:24.053Z
beecd369-2787-4021-e031-a179c3474068,da56bf9e-670d-458d-06b7-c28efe44bae9,89bd14e2-cf78-45ab-904a-7a7f0f4a4010,0e77db3f-7cdc-48b3-e10c-c05d74f5b464,380.69,673,170,502,227,838,785,97,911,23,27.31,32.23,25.45,600.88,stable,595,1000,944,false,10.01,on_track,sample_text_7446,2025-11-17T01:12:42.290Z,2025-06-13T09:55:23.273Z,2025-10-10T05:43:52.423Z,2025-04-26T05:30:01.615Z,2025-05-11T21:47:11.854Z,2026-03-07T17:02:19.035Z
10139020-aca0-4ca2-7ca9-9fc5c2926c9d,90bb83ca-2bb7-45da-7fea-80080434dbd5,e394ca10-b5a0-45cc-8730-3524aff8641a,09e8d1ef-f5f0-41fa-38f3-10bac079d03c,730.77,850,238,778,125,216,474,259,318,174,12.18,81.64,67.23,202.76,improving,195,481,362,false,33.57,behind,sample_text_5144,2025-09-11T09:06:28.492Z,2025-06-06T19:08:22.308Z,2025-08-22T07:46:37.661Z,2026-03-12T04:19:32.867Z,2026-02-12T08:26:00.264Z,2025-08-13T23:12:21.577Z
ec268606-e827-4285-5e1f-a0e3a9df1f66,a27d74e2-2d9c-4728-84c3-cf4dbccaa5ee,c0b731c7-72d6-4cbc-7d82-0603fe27478a,98dc63d7-8988-4ff8-b7ca-2ab8d1f39352,372.99,737,636,244,521,276,859,175,769,573,93.54,82.76,70.31,581.71,stable,386,144,174,false,38.51,discontinued,sample_text_9541,2026-02-17T22:23:28.092Z,2025-09-29T03:54:44.374Z,2025-11-26T22:04:54.343Z,2025-05-21T02:13:18.062Z,2025-05-20T21:54:46.196Z,2025-04-29T22:57:35.592Z
811e451e-f6af-4316-a6a3-b035dccac0e0,1b16683a-98b0-4954-e675-86e26360065f,1eca3985-996e-497f-4644-294968d742b8,152072c0-f075-4a77-bebe-aaa40d5c36c5,934.52,308,609,859,831,971,622,269,204,510,94.79,52.77,59.59,525.34,declining,299,385,334,false,28.54,behind,sample_text_2756,2026-03-16T04:47:35.469Z,2025-06-24T23:10:18.918Z,2025-07-25T01:25:07.426Z,2025-05-29T07:02:33.826Z,2025-12-06T12:49:00.626Z,2026-03-25T16:26:46.353Z
38333773-2e34-4fc6-7545-842da4499c5a,239d70c0-edab-4bf4-a388-f3e9c190ee86,af7db41b-a69f-4ae5-eb9c-f59fa17dcd26,44e91cce-ea65-438a-461a-9f0cf86acc81,107.09,787,313,236,352,891,972,987,944,6,89.68,82.16,26.21,416.36,improving,961,393,892,true,45.19,not_started,sample_text_6546,2026-03-03T09:06:52.451Z,2025-12-16T10:51:03.166Z,2025-09-05T05:12:00.554Z,2025-05-08T14:33:32.902Z,2025-07-20T18:41:16.540Z,2025-09-26T16:37:04.613Z
927f77c4-570b-4632-a3bb-779b9217226e,a70b1f5f-95d9-4a6b-0910-a715243975f7,00e48b05-b6cb-410f-1525-6668c44bdb40,19b0ce65-5cea-46af-9685-0855cb090984,781.82,671,159,471,120,421,446,664,464,816,85.71,20.77,89.64,243.98,stable,561,986,413,true,63.95,completed,sample_text_2517,2025-11-20T09:12:27.629Z,2025-10-11T10:06:33.735Z,2025-05-01T16:58:19.356Z,2025-11-21T21:39:14.193Z,2026-03-08T15:59:02.055Z,2025-05-06T19:52:22.672Z
33b4b868-78f5-430c-02ab-d6a1122f5137,7278e65a-9c24-4acf-5b35-796f64dbce30,f0fe80e2-ee98-4631-fd46-bedaa4937130,63b3d997-8d4b-4027-f32c-5ba74efdff76,584.1,791,23,965,302,896,279,391,487,54,50.22,27.14,76.64,386.63,improving,388,950,452,false,44.45,completed,sample_text_4687,2025-04-21T05:23:16.630Z,2025-07-07T17:20:26.343Z,2025-08-06T01:08:04.813Z,2026-04-11T08:39:09.348Z,2025-06-27T13:31:45.329Z,2026-01-29T17:37:43.448Z
b7b94ae3-f7f1-4864-6fa7-9cf7b998d730,ec3dd584-9571-48a4-dbfd-905d9bdad20d,545d1106-2b34-4e12-24da-7673253ca1d7,5cca90e9-35ef-4b60-da97-176e79a801fd,518.8,332,447,519,234,476,190,527,958,944,23.65,29.67,22.96,209.34,stable,695,613,630,true,65.41,behind,sample_text_8234,2025-04-23T11:54:22.502Z,2026-03-28T03:29:19.511Z,2026-03-14T03:24:22.892Z,2026-02-12T13:32:43.985Z,2025-10-02T02:52:13.087Z,2026-01-02T11:36:37.159Z
522bf59c-2984-4ec3-96f2-181d63efbd7e,6fb8d879-d8bc-47e9-d75c-868c65e4b80e,469af544-bb26-4d4c-4b28-ab15c4812991,cd416869-1efc-4398-0a2a-903b79ed2d98,853.05,876,176,60,907,53,142,545,788,954,36.69,2.2,89.35,621.04,stable,667,589,210,false,85.06,completed,sample_text_4992,2025-08-12T02:56:23.590Z,2025-05-15T06:26:14.275Z,2026-03-28T20:10:07.745Z,2025-07-30T21:06:33.054Z,2025-06-22T21:30:56.940Z,2026-01-09T09:32:36.326Z
30177839-a722-4e2d-3355-a46254fe7122,6e60c3c1-79e3-49f2-3701-c8f0fce81cb1,2d706e75-fd47-4d6b-cc14-10a1bf804d62,4b7cf6ad-bee5-43d3-4470-e6643cf6983e,839.03,729,257,506,719,776,365,43,614,466,32.79,11.09,55.79,711.81,declining,12,404,413,false,29.98,completed,sample_text_8580,2025-12-29T09:29:21.247Z,2025-10-24T00:16:01.367Z,2025-11-15T02:52:16.589Z,2025-09-12T19:10:16.957Z,2025-09-06T10:39:19.274Z,2025-06-06T06:39:26.282Z
1577cc6b-cc18-419b-8098-b04211df17ce,90bb83ca-2bb7-45da-7fea-80080434dbd5,7d85b267-ac94-499b-94c1-eff3632a4d8b,9a9475d1-a832-46dc-d803-59feef06073e,96.19,325,821,250,224,532,518,140,78,931,55.76,10.89,41.45,704.08,improving,767,178,873,false,97.8,completed,sample_text_5905,2025-12-08T14:25:12.520Z,2025-06-29T14:31:05.367Z,2025-08-19T08:41:35.267Z,2026-02-10T11:39:15.403Z,2025-07-22T17:33:42.469Z,2025-06-27T22:42:28.945Z
acde4f68-0bc0-4d8c-9292-4bea8723c57b,7086daf9-3111-437e-3beb-ae91b8ea51fb,4f68cba7-6170-4ab1-21f9-a7a23a74f8c0,2d6bfb42-752b-4b9d-3444-de223d3aae60,178.18,471,887,600,313,97,384,239,339,602,33.77,33.19,61.54,119.27,stable,156,569,902,true,46.91,not_started,sample_text_814,2025-10-14T11:13:27.924Z,2025-09-30T21:50:32.744Z,2026-01-06T06:40:51.802Z,2025-04-22T07:52:35.528Z,2025-07-02T03:39:46.878Z,2025-05-30T17:47:30.212Z
a00d331f-8444-4fcb-024b-2693df6e4bec,1797da59-3197-4d22-4628-5686cdfac972,13f8f388-7de1-4383-f922-a0d8a397e76c,3f1eb67e-af2a-4430-00e8-036be32a0239,867.4,883,586,521,516,853,922,143,208,822,52.99,77.74,89.15,371.14,declining,639,234,951,false,1.8,completed,sample_text_6003,2025-04-30T03:01:22.166Z,2025-10-27T11:22:23.587Z,2025-09-21T20:57:07.042Z,2025-08-23T05:53:24.786Z,2025-12-21T19:38:26.314Z,2025-09-27T18:09:52.188Z
9b38bc23-7d73-44c5-0c9c-fce4a5ef2dff,5ecd0d1d-d5ec-46f2-6aca-86fd5dfdab07,545d1106-2b34-4e12-24da-7673253ca1d7,d914d5ce-2aec-454b-3d59-d028d03124f6,659.76,215,767,275,593,197,159,526,637,988,95.86,3.69,28.99,994.19,improving,493,45,392,false,42.58,behind,sample_text_4122,2025-05-01T11:46:12.392Z,2025-09-15T14:15:29.117Z,2025-05-17T18:41:25.902Z,2026-04-01T18:59:00.431Z,2026-02-04T03:00:10.399Z,2026-01-06T03:54:13.002Z
327a0e9b-706a-4ad7-8e13-9315684cba42,d2bb5682-7c2b-4eb6-8b8c-1743ca39b9ae,eb97341d-2385-4175-9a86-c3256608e18e,6fd51bd1-cbdc-4c3a-0686-e52d7fe6061c,697.21,987,30,733,4,473,560,989,278,992,58.5,76.35,62.63,941.19,stable,185,825,55,true,25.53,not_started,sample_text_7112,2025-07-28T04:13:37.617Z,2026-02-03T06:57:16.360Z,2025-08-05T19:10:08.839Z,2025-10-20T10:12:07.666Z,2025-09-07T19:34:00.650Z,2026-03-03T16:47:13.072Z
4af22907-56fe-488a-ce97-c040c036921b,5859fef3-05c8-484e-150b-75f6cf06c810,291d99ad-c85c-4557-8915-25527607d5cf,857fcefe-5faf-4a3c-df5d-917321d0ed26,404.75,885,639,729,775,402,821,703,342,748,25.9,8.84,34.72,908.18,declining,769,194,72,true,17.24,completed,sample_text_5081,2026-03-02T17:15:58.131Z,2025-11-26T04:26:35.304Z,2025-10-17T07:09:26.106Z,2025-08-22T11:58:39.430Z,2025-04-14T02:27:58.113Z,2025-05-03T01:08:20.723Z
fb032479-fc6c-43a9-241a-b2617bb56140,22a0a6d0-f90a-40bf-5c2c-2c0d989b6a0d,3a19d003-2447-4c77-d435-69866c42a3e8,25984c0e-a7ff-4156-822e-ec2fb55f198a,711.98,593,762,354,68,486,868,558,3,239,0.63,19.02,83.49,87.79,stable,459,330,290,true,69.1,completed,sample_text_402,2025-09-06T09:15:39.827Z,2025-10-29T17:05:04.641Z,2026-01-28T12:19:31.840Z,2025-09-30T23:19:31.636Z,2025-05-18T20:46:32.319Z,2026-01-15T02:22:09.192Z
ece29153-ff9c-4fc8-56f9-cb0ec4349a1a,ec3dd584-9571-48a4-dbfd-905d9bdad20d,921679af-a07e-442d-b254-00f81e5f665d,c679812d-8719-424c-f810-c17bf20e8d10,970.76,270,980,48,645,992,262,178,71,658,45.88,33.39,97.26,858.49,improving,39,785,942,true,46.44,behind,sample_text_879,2026-01-13T15:51:34.508Z,2025-05-05T03:10:12.467Z,2025-08-12T09:34:36.363Z,2025-12-25T05:00:08.673Z,2026-01-18T06:08:01.946Z,2026-03-30T00:02:55.121Z
e0efad75-6498-49ee-5fc6-12b0774cf3ac,2aec5726-4c1e-417e-c6cf-9881808fd293,c8bf5171-97bd-4a3c-df89-c4059e1474e2,0519f110-4080-47f1-0e4d-53c0e3b18659,696.27,90,72,794,297,997,407,844,662,830,0.32,22,29.13,725.9,improving,557,987,444,false,55.81,behind,sample_text_4348,2025-05-08T20:54:59.675Z,2026-02-24T20:47:48.135Z,2025-09-21T11:50:10.540Z,2026-03-13T02:13:03.467Z,2026-03-17T20:52:48.322Z,2026-02-05T17:01:50.807Z
15f7de31-5f81-4269-b297-a14980b3dc55,7cd8bff5-4341-4461-ae03-af249bc974f9,314cdd92-266e-488d-cf88-6e18f6db8ca6,44e96aef-1775-4e8c-e285-02e0cadba8e3,609.33,219,117,796,575,544,526,477,740,588,80.5,82.46,66.5,931.92,declining,94,829,932,false,21.97,completed,sample_text_1988,2025-09-18T07:59:17.907Z,2025-11-27T19:11:52.705Z,2026-01-10T17:42:35.476Z,2025-04-23T23:59:59.809Z,2025-08-27T14:30:09.369Z,2025-11-18T07:03:49.872Z
089324c9-57e9-488b-0ace-c83ff889beea,01063723-1de5-41a1-e5d1-0089f90f19b6,469af544-bb26-4d4c-4b28-ab15c4812991,8896db36-2d61-437b-b2c1-dc033ac04606,818.86,740,438,95,490,249,799,666,95,340,56.34,90.28,87.1,915.36,declining,442,448,4,false,38.68,on_track,sample_text_8225,2025-04-30T03:14:38.345Z,2025-09-13T07:55:25.890Z,2026-01-22T17:10:24.521Z,2026-04-07T18:21:31.841Z,2025-08-28T10:49:02.516Z,2026-03-25T12:19:05.401Z
a1314de3-e1c3-42c1-cc54-bda234e096c4,db0d14ad-557f-4320-7a13-8a2d95908763,4f68cba7-6170-4ab1-21f9-a7a23a74f8c0,43a0c009-5096-4beb-ceb2-2e90d29fa6d1,858.9,345,890,287,841,13,487,987,809,148,49.96,17.27,15.63,75.87,declining,901,333,28,true,3,completed,sample_text_7949,2026-03-21T01:17:36.446Z,2025-06-22T06:05:02.355Z,2025-05-18T13:33:13.060Z,2025-11-24T18:48:01.003Z,2025-12-15T20:01:31.556Z,2026-01-14T01:14:13.243Z
562035aa-5e34-4b2f-9b2b-810106196f27,354a8aed-8ff3-48d7-00fd-76a6427a85cc,c0b731c7-72d6-4cbc-7d82-0603fe27478a,cd807608-c28a-4e54-37b1-20305ffdcd5c,46.2,200,816,450,66,227,533,598,394,930,2.57,9.04,77.75,605.56,improving,216,996,332,true,12.62,critical,sample_text_2743,2025-09-27T11:38:09.135Z,2025-04-17T13:20:15.125Z,2025-09-08T21:18:08.288Z,2026-04-09T05:17:35.404Z,2025-12-23T22:50:49.681Z,2026-01-21T18:12:08.909Z
8bea6169-5a66-4031-6e95-a23f861b8422,53916321-ba31-43c5-4662-702e1f8fc3b9,3a19d003-2447-4c77-d435-69866c42a3e8,4361747f-bbcd-4426-e55e-5ac00ba3e695,855.71,466,596,382,622,170,412,484,137,777,83.75,4.18,1.13,555.54,stable,763,904,739,false,16.87,on_track,sample_text_8212,2025-09-24T01:19:32.111Z,2025-05-25T15:19:51.505Z,2025-07-19T20:04:26.937Z,2025-06-01T02:21:42.977Z,2025-07-19T21:55:39.765Z,2025-11-19T00:43:02.412Z
0fdbddc1-7f2e-4017-468f-d502fb05b79b,4eb401f1-2970-4058-6e97-a97a6fb8e8b7,2bd4f3bc-df4b-49c7-997f-c11868da495a,824fd656-898c-4a31-aa57-ef6e1d6c346d,68.46,209,933,173,210,877,622,827,605,993,64.38,8.74,69.74,424.68,improving,645,958,326,false,90.02,on_track,sample_text_361,2026-01-23T16:29:45.149Z,2026-01-01T12:06:05.599Z,2026-01-21T09:00:24.422Z,2025-08-04T08:36:07.170Z,2025-10-26T12:41:11.847Z,2025-11-10T00:31:22.064Z
a4d0ef6c-3993-4de1-d9ce-1099c585ffb4,0a9e3ade-a1f9-402f-d989-08906f23513d,baeb778f-0236-4ea0-497b-a0d46e5c6619,08c9d53b-5bb4-4a4e-3e69-2fcd9679e99e,922.43,866,535,456,526,699,774,517,550,405,45.29,97.04,72.2,607.48,stable,915,544,127,true,79.35,on_track,sample_text_3450,2025-08-18T10:06:59.965Z,2025-10-07T04:33:27.502Z,2025-07-12T15:45:13.077Z,2025-12-07T19:02:01.321Z,2025-08-22T19:12:00.214Z,2026-01-17T05:49:49.991Z
6e737785-f51b-4f06-3de8-68f068961e97,f3245852-12e5-4379-8a66-102c2f3b17dc,f0fe80e2-ee98-4631-fd46-bedaa4937130,43a0c009-5096-4beb-ceb2-2e90d29fa6d1,859.88,423,280,106,794,268,237,884,657,576,53.77,25.63,59.37,186.88,declining,928,653,295,false,51.61,critical,sample_text_6514,2025-08-26T15:27:54.296Z,2025-05-07T05:59:22.370Z,2025-09-26T12:51:12.389Z,2025-08-06T17:13:43.636Z,2026-01-30T17:16:04.186Z,2025-09-05T13:41:16.101Z
4ec86377-11a1-4dbf-090b-c67326c652a6,53d17442-b477-40dd-7421-38a81cb807b4,3d03d7a9-93e0-4b8e-6b5b-e7f8337fab48,a9f9f807-e129-4f29-9091-c45f8770da1a,718.25,678,240,963,523,401,145,773,478,572,3.48,18.09,60.22,786.84,declining,750,56,462,false,94.29,discontinued,sample_text_3540,2025-06-19T20:30:20.259Z,2025-12-24T00:18:10.296Z,2026-02-23T10:09:03.039Z,2025-08-04T09:16:17.155Z,2025-12-27T14:23:00.356Z,2025-09-30T17:09:56.530Z
5b8f7882-2959-4de5-008c-70f47807de66,56ce6d7a-11a7-4010-eed8-0ac222e7299e,615ffcad-04ca-4584-4505-45cbefd50d58,440eba09-b8a9-4df2-7ce2-88916df0536d,807.18,427,575,958,89,174,5,133,752,820,55.83,49.91,92.6,11.79,improving,274,524,43,true,30.69,on_track,sample_text_1161,2025-07-06T01:32:28.601Z,2025-11-10T12:02:20.537Z,2026-01-30T11:31:25.605Z,2026-04-04T04:03:14.868Z,2025-07-06T16:04:33.112Z,2025-08-05T04:41:46.775Z
aaf2df07-747b-419d-c966-71bd0dd9bc36,1797da59-3197-4d22-4628-5686cdfac972,b9a92613-a49f-49ac-02ac-12389b77c55c,cfed3b67-1de3-46ea-e76f-c89d08ec289a,755.2,90,315,432,806,344,824,724,967,936,3.38,95.28,18.35,531.45,declining,216,190,109,false,53.56,completed,sample_text_2348,2025-05-23T16:08:17.043Z,2025-09-18T16:02:12.355Z,2025-11-07T02:24:31.643Z,2026-04-04T09:50:19.582Z,2025-10-27T00:50:03.899Z,2025-05-09T03:11:50.973Z
5925004b-b2c8-438c-0691-285fc10448f3,239d70c0-edab-4bf4-a388-f3e9c190ee86,3d03d7a9-93e0-4b8e-6b5b-e7f8337fab48,2f04b13c-c50c-4de2-5f7d-f7ef75d312f1,697.79,575,22,751,755,645,434,199,319,898,70.93,11.69,77.19,697.77,improving,384,153,35,true,41.64,completed,sample_text_2876,2025-08-15T00:47:29.442Z,2025-06-29T19:32:12.489Z,2025-12-14T11:25:33.466Z,2025-04-13T12:05:21.752Z,2025-12-16T14:50:42.593Z,2025-12-22T10:40:47.066Z
5981a767-fda6-4e4b-71ac-a07f5b17006d,e0b5f5e4-afd9-462e-ec04-fb5455b210a3,fecc715c-91cf-4144-4e6d-27d53565cfa5,b913d05c-d452-4b8d-58bc-5af42ecc92ad,119.68,103,61,108,707,740,818,924,33,622,18.42,31.45,15.22,367.7,improving,722,33,510,false,92.01,discontinued,sample_text_583,2025-08-01T06:17:42.333Z,2025-07-06T15:19:54.393Z,2025-08-10T08:08:59.509Z,2025-12-30T13:18:51.232Z,2026-01-06T07:16:16.005Z,2025-11-13T19:10:20.188Z
43565ea3-4468-49b3-5191-516ebf791388,4eb401f1-2970-4058-6e97-a97a6fb8e8b7,f902ac6e-7076-46f8-2ee0-d0970401682b,cd416869-1efc-4398-0a2a-903b79ed2d98,906.26,638,259,673,411,520,18,348,837,561,64.67,64.37,67.13,349.36,improving,525,44,831,true,20.75,on_track,sample_text_9040,2025-09-21T08:59:07.540Z,2025-12-11T06:30:58.457Z,2026-01-04T19:48:53.869Z,2026-01-23T03:30:35.630Z,2025-09-09T11:31:08.516Z,2025-09-03T21:47:16.756Z
8428735e-0da6-42bd-3dca-761dd6395fae,e0b5f5e4-afd9-462e-ec04-fb5455b210a3,c41be56c-1b03-4f83-3798-7ff82c84c273,8a50d483-aa92-4384-4deb-3d5c6bf0f0f7,581.19,903,642,801,896,33,488,966,20,547,41.69,0.6,86.99,391.13,improving,787,73,38,false,2.91,completed,sample_text_3798,2026-03-06T08:20:16.036Z,2025-04-14T18:47:30.914Z,2025-08-29T10:17:00.353Z,2026-02-21T08:32:08.585Z,2025-08-26T13:48:05.061Z,2026-02-16T18:08:57.685Z
fbfb133f-f87b-4d01-6429-c65f0ba154ae,0a9e3ade-a1f9-402f-d989-08906f23513d,7cc152ca-2334-4efd-8c58-4327009bcdb6,8896db36-2d61-437b-b2c1-dc033ac04606,457.42,409,362,455,182,487,780,110,736,123,83.19,2.28,62.1,155.91,improving,180,605,653,false,98.82,behind,sample_text_6392,2025-05-13T03:03:20.216Z,2026-03-25T09:44:05.797Z,2025-06-05T14:42:08.854Z,2025-05-30T11:54:10.431Z,2026-02-21T07:49:43.917Z,2026-02-18T04:21:49.369Z
6ab86a07-8154-40f1-3f56-7307aa4033d5,1b16683a-98b0-4954-e675-86e26360065f,1c4d8e9f-05af-4567-fc15-60738335dd73,2d6bfb42-752b-4b9d-3444-de223d3aae60,934.71,855,966,141,512,283,337,770,670,831,94.48,6.69,3.6,619.5,improving,87,758,18,true,91.58,completed,sample_text_5252,2025-06-12T13:18:02.199Z,2026-04-03T12:13:22.692Z,2025-09-26T19:11:33.399Z,2026-02-03T02:52:26.763Z,2025-09-20T04:18:53.887Z,2025-04-20T10:33:59.159Z
fac7d3e4-4f3f-4098-dec7-0eacd1c077ac,c9e85a3d-88f7-4ead-d63e-86c9e54e124f,3a19d003-2447-4c77-d435-69866c42a3e8,230051a7-77f6-49c9-6d7a-c1c341da56c9,425.45,470,865,49,966,606,16,559,132,921,58.01,65.7,67.21,965.14,improving,933,973,68,false,71.31,on_track,sample_text_8980,2026-02-03T21:53:31.804Z,2026-02-22T06:06:53.823Z,2025-08-15T05:13:06.052Z,2025-10-18T14:16:48.079Z,2025-07-10T10:03:57.598Z,2025-05-18T10:08:45.411Z
