status,id,intervention_id,school_id,student_id,scheduled_date,scheduled_start_time,scheduled_duration_minutes,actual_date,actual_start_time,actual_duration_minutes,cancellation_reason,delivered_by,location,modality,group_size,fidelity_checklist,fidelity_score,fidelity_notes,student_engaged,engagement_notes,session_notes,skills_practiced,homework_assigned,parent_communication,created_at,updated_at,created_by
partial,2f33dd07-bdce-4474-f7ad-81e4dc5b5e2e,7cd8bff5-4341-4461-ae03-af249bc974f9,16c0f045-ad9e-4d23-8922-374a2534b914,4459d0bc-ac12-45e0-2241-37b73184e150,2025-09-14T03:55:03.472Z,sample_text_6351,957,2025-06-14T03:54:21.851Z,sample_text_9115,430,sample_text_743,ade33206-8c00-4f20-4bf1-7781c1eb9609,sample_text_1134,hybrid,439,sample_text_3180,838.02,sample_text_8160,true,sample_text_6971,sample_text_734,sample_text_5638,sample_text_9802,true,2025-09-07T15:25:56.065Z,2025-12-01T02:48:36.013Z,b19a9a30-5bc1-42f9-ac14-0842a27abbe0
scheduled,43fb5d6a-3b4f-4dc9-587d-8acf1dc655cf,b67c6dd5-03b5-49d6-f6fa-91a5dcce714c,eb97341d-2385-4175-9a86-c3256608e18e,fb441a9a-76af-4633-ef6e-1ccf7e88caa7,2025-08-24T22:33:59.723Z,sample_text_7388,596,2025-12-16T15:37:06.542Z,sample_text_7767,322,sample_text_5652,1f8bb59a-e0eb-4b2b-fe13-07a0c2675cb8,sample_text_1177,in_person,462,sample_text_6148,692.73,sample_text_4103,false,sample_text_8440,sample_text_6511,sample_text_1556,sample_text_1691,true,2025-05-29T08:49:02.435Z,2025-04-25T07:51:24.773Z,7275a4a2-65a3-47ed-3d1e-7026f453021d
completed,b911b1b7-6a67-479c-839f-379feac48374,6e60c3c1-79e3-49f2-3701-c8f0fce81cb1,0898bc8a-8083-4b0c-faf9-0f5d0224e73e,c679812d-8719-424c-f810-c17bf20e8d10,2026-02-06T23:32:06.379Z,sample_text_9212,429,2025-11-06T17:19:06.966Z,sample_text_9216,472,sample_text_3299,03983122-261d-403c-9284-32860383f137,sample_text_4703,in_person,113,sample_text_1094,908.03,sample_text_6838,true,sample_text_5638,sample_text_9889,sample_text_4574,sample_text_266,false,2025-10-07T12:16:21.705Z,2026-01-07T01:15:34.868Z,074f3f9d-1d98-495a-36ce-ea4c10de32e7
scheduled,a83e626b-6d59-4a0f-2532-4766747111f7,81bdd85f-842c-462f-80f2-77e9a08b68bb,00e48b05-b6cb-410f-1525-6668c44bdb40,4f6d2f72-e04a-4494-a2d8-a7c9330625ec,2026-01-11T13:43:54.993Z,sample_text_1933,822,2025-11-12T07:55:33.010Z,sample_text_4920,405,sample_text_9210,cf7e2aea-c07d-4ed1-1fc0-69c3d64d741c,sample_text_4227,virtual,339,sample_text_1474,847.62,sample_text_2644,true,sample_text_4052,sample_text_2954,sample_text_7824,sample_text_7285,true,2025-08-22T02:43:27.297Z,2025-06-30T14:48:17.896Z,b3ab5a31-3db7-455f-604b-d752ad0d37c7
partial,83bb57e0-62a4-4476-c8f1-183668e1199d,da56bf9e-670d-458d-06b7-c28efe44bae9,00e48b05-b6cb-410f-1525-6668c44bdb40,0ba497e7-4a6e-4b40-b8d5-7f23952ad2cd,2025-11-27T15:47:39.639Z,sample_text_8592,299,2026-02-22T11:29:24.125Z,sample_text_1647,857,sample_text_6490,4b5660c5-6ded-4e88-5938-1722c262ea15,sample_text_5580,in_person,236,sample_text_366,468.37,sample_text_6538,false,sample_text_4306,sample_text_2600,sample_text_4501,sample_text_745,true,2025-06-15T09:31:30.154Z,2025-05-14T10:15:41.237Z,6a49f986-fadb-4bcd-512c-c56d68c9b08b
completed,8461437c-a9b0-427b-9fff-fa4cd1a25c48,e0b5f5e4-afd9-462e-ec04-fb5455b210a3,921679af-a07e-442d-b254-00f81e5f665d,e66f5152-bb91-495c-70a1-919b8657aacd,2026-03-06T07:09:48.641Z,sample_text_1041,502,2025-12-26T23:11:58.776Z,sample_text_1414,809,sample_text_8671,b19a9a30-5bc1-42f9-ac14-0842a27abbe0,sample_text_7984,in_person,520,sample_text_604,13.58,sample_text_982,false,sample_text_8781,sample_text_8139,sample_text_619,sample_text_6455,true,2025-07-29T03:55:06.039Z,2026-03-05T01:06:09.224Z,5bbe0d79-fac8-4b07-36d1-5a4ce3a79f5a
completed,eae50406-eb0b-4d7e-3376-0c96912ba3cb,d2bb5682-7c2b-4eb6-8b8c-1743ca39b9ae,219980cb-3f77-4414-faeb-5f70b1472a36,6fd51bd1-cbdc-4c3a-0686-e52d7fe6061c,2026-02-26T01:49:41.314Z,sample_text_7708,810,2025-11-13T00:39:56.519Z,sample_text_3086,208,sample_text_8933,e2e59b60-b37d-4442-b14f-f66ec99cab25,sample_text_598,in_person,635,sample_text_8407,725.98,sample_text_227,false,sample_text_1475,sample_text_6817,sample_text_7523,sample_text_8194,true,2025-04-20T17:11:23.209Z,2025-06-08T00:52:34.373Z,d1707a15-e071-4bbb-65ff-4dfa7f902567
completed,5374eb0c-4427-4eca-c21e-c07d351af15e,56ce6d7a-11a7-4010-eed8-0ac222e7299e,af7db41b-a69f-4ae5-eb9c-f59fa17dcd26,a9f9f807-e129-4f29-9091-c45f8770da1a,2025-04-28T09:09:14.728Z,sample_text_1171,887,2025-10-14T20:14:05.524Z,sample_text_6553,10,sample_text_2886,e4b1ae0d-39bf-42a5-dfb9-7a9275ba3f82,sample_text_9765,in_person,555,sample_text_4096,350.15,sample_text_6959,true,sample_text_6652,sample_text_7326,sample_text_2742,sample_text_3398,true,2025-08-08T06:45:15.990Z,2025-08-03T21:23:40.990Z,b68d9d85-277a-4f14-1564-cbb9598388f9
completed,cdfbd8e1-3c52-4741-4e73-f880473c7fdb,02921be7-21ab-4274-eb8c-fd17367ef932,2bd4f3bc-df4b-49c7-997f-c11868da495a,ef30f378-ae06-4200-e466-b63a46dd4365,2025-08-12T13:38:18.991Z,sample_text_3111,252,2025-04-24T23:39:24.667Z,sample_text_799,183,sample_text_1253,1f8bb59a-e0eb-4b2b-fe13-07a0c2675cb8,sample_text_4989,virtual,82,sample_text_4214,49.05,sample_text_9422,false,sample_text_2716,sample_text_3987,sample_text_7308,sample_text_1632,false,2025-07-28T17:14:37.140Z,2025-06-18T01:19:26.870Z,234b0627-79ac-4de2-9e5f-3deaab1f438f
completed,f98151b2-da96-4487-e4f9-cf844de2f059,ddaebb0c-208f-4c1d-99d6-3c94ad714d88,343e4691-d779-4742-a9b6-c828fbb55b61,7abd7935-415a-4e5c-0200-73c72eee9749,2026-03-23T22:51:23.362Z,sample_text_6283,472,2025-09-06T19:57:43.539Z,sample_text_4737,936,sample_text_1869,8a0aa082-f148-423d-fd6f-c28d86c0215a,sample_text_2076,virtual,125,sample_text_3,128.19,sample_text_3683,true,sample_text_4498,sample_text_7027,sample_text_5574,sample_text_3995,true,2026-01-20T13:03:08.707Z,2025-05-06T05:37:46.377Z,8a0aa082-f148-423d-fd6f-c28d86c0215a
cancelled,0087bdb2-fb4c-4770-450b-14f3befed550,a9d01c6e-83df-4c25-d0c3-0543543bbe63,94dc4310-c140-4af7-8a5b-88c24ff5a5d3,f3bdc0f5-709a-4443-3bcd-690202dcd619,2025-07-25T06:50:01.694Z,sample_text_2534,982,,sample_text_958,,sample_text_9357,6601188e-454e-46f8-39d3-12e3a2450d73,sample_text_1476,virtual,424,sample_text_4240,,sample_text_8311,true,sample_text_3249,sample_text_6088,sample_text_7099,sample_text_5461,true,2025-04-25T21:00:18.506Z,2025-07-17T06:54:44.194Z,034eaa7e-6ebe-4134-5494-fbfbc43c72ec
completed,878842f2-017c-47b3-33df-898631c3209e,ec1ba003-ffce-4ac3-4d22-9142d9c5f0ee,e394ca10-b5a0-45cc-8730-3524aff8641a,c679812d-8719-424c-f810-c17bf20e8d10,2026-01-26T08:30:34.527Z,sample_text_3241,928,2026-01-23T00:11:41.894Z,sample_text_483,504,sample_text_7202,034eaa7e-6ebe-4134-5494-fbfbc43c72ec,sample_text_8961,in_person,149,sample_text_9795,537.29,sample_text_3705,true,sample_text_2065,sample_text_3838,sample_text_1987,sample_text_8325,true,2025-07-09T23:15:59.289Z,2025-07-27T18:22:45.736Z,af45888d-3cda-415b-1d81-91022a417bde
no_show,400ea834-3bd6-4d66-86c0-4a9862340edd,e4e629c5-87d4-4ff9-a454-60a9e53957d8,c41be56c-1b03-4f83-3798-7ff82c84c273,6ca9565d-394f-4984-5af6-b337411ec843,2026-04-10T02:54:04.177Z,sample_text_4166,802,2025-07-04T03:47:41.049Z,sample_text_6174,607,sample_text_6197,52f0edcc-bfb7-4f33-ad2e-fd54c484c769,sample_text_5827,virtual,438,sample_text_9392,148.9,sample_text_7542,false,sample_text_1178,sample_text_8329,sample_text_4145,sample_text_8832,true,2025-12-08T22:12:20.974Z,2025-12-02T04:40:36.954Z,9c9bf7cc-e7e9-4ae2-6497-3685d6fe38d9
completed,f687c436-7b68-4bfa-122b-936c06858f58,35da515d-35a2-4861-590b-fb685b51a2fd,545d1106-2b34-4e12-24da-7673253ca1d7,3e4e588f-bb13-48f9-ae27-231d699b174f,2026-02-19T01:04:10.358Z,sample_text_84,108,2025-08-24T10:33:26.044Z,sample_text_7176,544,sample_text_442,e4a45791-4bec-432e-83c4-834772750abf,sample_text_5678,virtual,893,sample_text_9078,427.73,sample_text_6527,true,sample_text_5240,sample_text_5519,sample_text_8117,sample_text_2785,true,2025-05-16T11:48:37.685Z,2025-11-14T06:40:07.702Z,4983674c-e15e-4015-0eb3-50b01d7810f8
completed,10c9e107-2dc9-4733-3f9d-0118430ccec5,22a0a6d0-f90a-40bf-5c2c-2c0d989b6a0d,291d99ad-c85c-4557-8915-25527607d5cf,942582d6-df90-465e-0a7c-344463dcc5fc,2025-08-23T06:25:16.110Z,sample_text_3520,604,2025-12-14T10:27:15.837Z,sample_text_7087,595,sample_text_2063,1f944d7a-c145-4606-b226-ca59addffefd,sample_text_498,in_person,331,sample_text_1631,578.66,sample_text_3430,true,sample_text_6708,sample_text_8174,sample_text_3266,sample_text_9524,false,2025-10-29T04:42:14.624Z,2025-10-29T20:32:08.759Z,7a4c360c-bb74-4deb-f15e-c8b948e7a622
partial,de9088c0-8971-47c1-ebc2-de6235ebbb16,7278e65a-9c24-4acf-5b35-796f64dbce30,2bd4f3bc-df4b-49c7-997f-c11868da495a,12c936b7-76a2-4244-3342-f64b193771af,2025-05-04T08:55:59.426Z,sample_text_2993,434,2025-10-11T18:02:21.841Z,sample_text_3121,24,sample_text_9485,760e9861-7716-4fc7-6676-f5213f248cda,sample_text_511,in_person,557,sample_text_8882,961.32,sample_text_8153,true,sample_text_7296,sample_text_4345,sample_text_4187,sample_text_2979,false,2025-09-05T01:03:30.620Z,2025-09-08T07:06:36.994Z,1f8bb59a-e0eb-4b2b-fe13-07a0c2675cb8
completed,a8c13955-7982-4809-4151-21516287c55e,3e90a57e-4981-458b-1a9c-b59ffc169491,4c81bc97-321d-48c5-d316-8243b2e8187e,857fcefe-5faf-4a3c-df5d-917321d0ed26,2025-07-31T14:42:31.884Z,sample_text_9295,453,2026-03-02T08:46:04.532Z,sample_text_8525,430,sample_text_9824,52f0edcc-bfb7-4f33-ad2e-fd54c484c769,sample_text_1629,in_person,451,sample_text_652,640.93,sample_text_5700,true,sample_text_4481,sample_text_5508,sample_text_899,sample_text_2373,true,2025-11-18T11:16:07.209Z,2025-12-01T15:52:15.894Z,d9edb57f-a55c-4a07-df66-d6f8356c9964
partial,4feddfcb-61e0-4363-90e1-56cb5ab79017,3e90a57e-4981-458b-1a9c-b59ffc169491,00e48b05-b6cb-410f-1525-6668c44bdb40,3e4e588f-bb13-48f9-ae27-231d699b174f,2025-07-09T17:27:39.754Z,sample_text_1739,771,2025-06-27T22:51:12.284Z,sample_text_767,420,sample_text_7757,4b5660c5-6ded-4e88-5938-1722c262ea15,sample_text_3180,in_person,435,sample_text_6705,923.43,sample_text_7677,false,sample_text_9286,sample_text_6147,sample_text_7787,sample_text_1161,true,2025-10-03T07:40:18.027Z,2025-07-06T00:54:21.445Z,9eaa373f-8df1-4b6c-b2c9-c62b6f3363fe
completed,5f59a131-9ec7-4a3c-7c86-10f21d6ae9a6,b67c6dd5-03b5-49d6-f6fa-91a5dcce714c,b1160aa4-615e-46be-c33f-53b664f1618f,0ba497e7-4a6e-4b40-b8d5-7f23952ad2cd,2025-09-22T13:22:11.498Z,sample_text_854,746,2025-09-18T19:55:55.476Z,sample_text_8642,679,sample_text_1478,b68d9d85-277a-4f14-1564-cbb9598388f9,sample_text_1815,virtual,904,sample_text_6050,688.04,sample_text_1605,true,sample_text_1481,sample_text_1890,sample_text_370,sample_text_526,true,2026-01-12T04:43:19.785Z,2025-07-06T19:39:18.548Z,47f67693-54d3-499f-af1f-6dc1264f95f8
completed,45236f3d-799e-4012-2204-11c02bf4cccd,cc19aa3d-8df7-4ba6-943a-ebbf9970c3bc,b1160aa4-615e-46be-c33f-53b664f1618f,2d6bfb42-752b-4b9d-3444-de223d3aae60,2025-06-01T06:44:49.007Z,sample_text_3850,967,2025-11-11T02:15:15.913Z,sample_text_9974,940,sample_text_3813,2f694710-7063-42cd-b6b6-33ab87581536,sample_text_8251,in_person,210,sample_text_221,872.76,sample_text_8484,true,sample_text_6949,sample_text_5941,sample_text_5667,sample_text_8279,true,2026-01-07T05:35:56.935Z,2026-03-09T21:40:36.488Z,9b6a74d9-b351-48c9-fd99-3ea43ff586df
completed,0d02ccd0-4534-499d-4c42-965873e2484b,22a0a6d0-f90a-40bf-5c2c-2c0d989b6a0d,2bd4f3bc-df4b-49c7-997f-c11868da495a,3e4e588f-bb13-48f9-ae27-231d699b174f,2025-05-24T08:02:09.471Z,sample_text_2767,8,2025-07-08T04:30:54.687Z,sample_text_9221,637,sample_text_5273,91481a49-39f6-4c85-9a87-3de01f285177,sample_text_6402,in_person,42,sample_text_4450,454.11,sample_text_4605,true,sample_text_1790,sample_text_8713,sample_text_5389,sample_text_1477,false,2025-07-08T11:41:50.058Z,2025-05-23T02:07:06.011Z,3f95f74e-1bdc-41c3-893d-2d90a62d76bc
scheduled,22541851-367c-4e22-bff2-f91d8a691a5e,ec3dd584-9571-48a4-dbfd-905d9bdad20d,4c81bc97-321d-48c5-d316-8243b2e8187e,5cca90e9-35ef-4b60-da97-176e79a801fd,2025-10-24T14:40:32.807Z,sample_text_9839,809,2025-10-24T13:12:52.599Z,sample_text_6165,877,sample_text_4964,b8378524-c3b6-4652-6983-adbddb7aa9dd,sample_text_6896,in_person,941,sample_text_9232,361.83,sample_text_7526,false,sample_text_9452,sample_text_5348,sample_text_1917,sample_text_7764,false,2025-09-13T10:24:54.426Z,2025-11-16T03:08:30.914Z,8a0aa082-f148-423d-fd6f-c28d86c0215a
no_show,af54de4b-e046-4d53-9e78-a237200a3fa8,8f80124e-7fab-4583-99a9-6b1f15ac293c,7e8192d3-756a-4974-209e-dc1ea1cca26e,4459d0bc-ac12-45e0-2241-37b73184e150,2025-08-03T17:51:27.015Z,sample_text_6698,659,2025-11-08T21:56:27.926Z,sample_text_3560,479,sample_text_9024,b68d9d85-277a-4f14-1564-cbb9598388f9,sample_text_8910,in_person,844,sample_text_869,460.64,sample_text_4032,true,sample_text_1048,sample_text_3177,sample_text_1721,sample_text_7443,false,2025-12-28T03:08:13.551Z,2025-09-09T18:23:36.231Z,616cd82a-150d-43e4-e90b-50dd3877886b
completed,538a52e4-94c3-4365-7edf-dfcc1c9b4ede,36a2bd98-8d6a-422c-04cc-be071c7128f3,291d99ad-c85c-4557-8915-25527607d5cf,ab6bc2eb-0064-48a7-7f0c-9a1783bcd064,2025-05-17T15:20:54.619Z,sample_text_2006,512,2025-07-09T07:36:05.860Z,sample_text_5659,244,sample_text_4055,72571b3c-f6ea-4a2a-2118-2d3a77def4dd,sample_text_2504,hybrid,110,sample_text_3685,30.79,sample_text_4127,false,sample_text_854,sample_text_7937,sample_text_941,sample_text_2108,true,2025-11-30T03:34:46.529Z,2025-11-16T22:07:39.364Z,367ec86b-33cc-4e1c-99be-6d4f3680b591
completed,18af7a05-8234-41fd-ef0c-a14a12b42a75,c9e85a3d-88f7-4ead-d63e-86c9e54e124f,13f8f388-7de1-4383-f922-a0d8a397e76c,ca649c96-10ee-4d76-dcea-e4beca9603df,2025-06-12T10:18:21.993Z,sample_text_2053,83,2025-10-30T00:13:22.136Z,sample_text_8598,986,sample_text_978,b941f6ec-4ce0-4310-9221-6be0482727a0,sample_text_5636,virtual,421,sample_text_8979,892.43,sample_text_7548,true,sample_text_2816,sample_text_3846,sample_text_7814,sample_text_7391,true,2025-07-01T14:35:55.450Z,2025-12-05T20:33:42.760Z,3f95f74e-1bdc-41c3-893d-2d90a62d76bc
completed,28accb31-9cad-496f-bc4b-99917c108e79,093f659d-b7ea-45cd-f8d9-33ac23698fa0,1c4d8e9f-05af-4567-fc15-60738335dd73,2f04b13c-c50c-4de2-5f7d-f7ef75d312f1,2025-12-18T00:34:49.387Z,sample_text_5188,557,2025-09-28T21:11:39.662Z,sample_text_6255,154,sample_text_9323,6cd68fef-f7ed-4b57-a09f-e6e7ee2302bd,sample_text_9356,hybrid,731,sample_text_8745,50.94,sample_text_3840,true,sample_text_6792,sample_text_6609,sample_text_8398,sample_text_3009,true,2025-07-20T09:03:17.716Z,2026-02-27T09:53:24.902Z,91481a49-39f6-4c85-9a87-3de01f285177
completed,8345b22b-0d31-4cf4-4e24-85bce379c63e,e4ebc728-43de-4dc6-8cfd-0a6e04ab4faf,e112e16e-d7d4-47de-a1f6-038db1f702ae,7e8ad38f-d17c-4824-3c91-c8579a6b5e5f,2026-03-20T08:03:04.135Z,sample_text_1827,220,2025-12-14T20:39:26.179Z,sample_text_4867,300,sample_text_3069,6cd68fef-f7ed-4b57-a09f-e6e7ee2302bd,sample_text_2386,in_person,507,sample_text_5915,130.87,sample_text_207,true,sample_text_2973,sample_text_960,sample_text_4474,sample_text_6768,true,2026-02-06T00:08:31.016Z,2025-04-24T15:22:43.440Z,b8378524-c3b6-4652-6983-adbddb7aa9dd
cancelled,20ba8ee5-0daa-420c-071a-9501235b996e,7b01d302-0a70-4c31-f833-da69c718f73d,820e0d69-1dec-4fa2-7dff-4973e37417e7,72ea06ea-6647-4b34-faa9-4b6acc59b996,2026-04-06T07:56:51.109Z,sample_text_6536,589,,sample_text_5529,,sample_text_6916,5bbe0d79-fac8-4b07-36d1-5a4ce3a79f5a,sample_text_6896,virtual,263,sample_text_6966,,sample_text_2564,false,sample_text_7147,sample_text_4620,sample_text_6796,sample_text_7284,false,2025-10-13T01:18:04.711Z,2025-10-06T00:40:38.017Z,4983674c-e15e-4015-0eb3-50b01d7810f8
cancelled,2670cf14-2ed5-47d3-fbc6-8f97dbd0f3e5,ddaebb0c-208f-4c1d-99d6-3c94ad714d88,7e8192d3-756a-4974-209e-dc1ea1cca26e,ab6bc2eb-0064-48a7-7f0c-9a1783bcd064,2025-10-27T20:36:53.640Z,sample_text_2700,691,,sample_text_473,,sample_text_1883,0a5b5544-8433-485d-8477-4051a66c59da,sample_text_7822,hybrid,805,sample_text_945,,sample_text_4740,true,sample_text_3263,sample_text_5233,sample_text_6140,sample_text_5693,false,2025-06-11T06:01:55.254Z,2025-09-10T10:30:30.372Z,367ec86b-33cc-4e1c-99be-6d4f3680b591
completed,0bd4ccde-fbd2-4906-4649-f5141bc3a716,e3365cd7-81d6-41a6-c786-86fd08bb2298,13905047-dc05-4f11-21d1-ceb2ff2a4ead,09e8d1ef-f5f0-41fa-38f3-10bac079d03c,2025-08-24T09:18:44.752Z,sample_text_8429,603,2025-11-23T14:17:37.755Z,sample_text_4109,647,sample_text_2510,65b719d4-a6d4-4c9f-1165-ea0ebe168811,sample_text_1826,in_person,228,sample_text_9276,199.48,sample_text_9110,true,sample_text_2866,sample_text_7412,sample_text_7165,sample_text_485,false,2025-09-28T00:48:08.963Z,2025-12-12T06:52:28.674Z,699866f4-eda9-4222-4727-7702d9d050eb
no_show,7596d4a1-ee39-45b5-1653-e86b3f9b6e47,7278e65a-9c24-4acf-5b35-796f64dbce30,7d85b267-ac94-499b-94c1-eff3632a4d8b,63b3d997-8d4b-4027-f32c-5ba74efdff76,2025-06-28T12:36:07.968Z,sample_text_9933,986,2025-05-01T06:46:10.234Z,sample_text_2541,121,sample_text_3521,db60da3b-65f5-43f8-0cf6-3a1af6e416bd,sample_text_2926,hybrid,571,sample_text_4437,238.52,sample_text_5635,false,sample_text_7234,sample_text_2347,sample_text_3683,sample_text_3338,true,2025-07-05T04:05:38.190Z,2025-06-03T09:40:00.032Z,367ec86b-33cc-4e1c-99be-6d4f3680b591
completed,53cd94d1-1a6f-437b-f8a3-f90f1eabcf7c,0660e705-3f95-4fd9-a41a-321262e51eb3,7cc152ca-2334-4efd-8c58-4327009bcdb6,7abd7935-415a-4e5c-0200-73c72eee9749,2025-08-22T13:18:47.236Z,sample_text_2450,864,2026-03-18T15:03:22.630Z,sample_text_2571,433,sample_text_660,72571b3c-f6ea-4a2a-2118-2d3a77def4dd,sample_text_6641,in_person,383,sample_text_2910,634.56,sample_text_576,false,sample_text_2591,sample_text_7372,sample_text_6330,sample_text_1347,false,2025-06-12T07:12:20.845Z,2025-07-21T22:10:03.189Z,9c9bf7cc-e7e9-4ae2-6497-3685d6fe38d9
partial,2845d453-c4f4-4673-e419-a0deda36fefe,6d2954e1-a294-4f4c-a73e-cd9374c16466,4f68cba7-6170-4ab1-21f9-a7a23a74f8c0,3aaad658-14e8-4861-52c9-2341f1d4e7da,2025-07-08T13:14:34.588Z,sample_text_4448,541,2026-01-16T23:15:47.434Z,sample_text_8563,669,sample_text_2408,74bd910d-f592-4d1d-0e88-4bd9512f610b,sample_text_8095,in_person,864,sample_text_8039,437.19,sample_text_2720,true,sample_text_5600,sample_text_3830,sample_text_7307,sample_text_5018,true,2026-03-03T01:50:17.210Z,2025-09-30T08:11:18.328Z,9b6a74d9-b351-48c9-fd99-3ea43ff586df
completed,16125732-25a2-4415-31e4-80ba32732bd8,ec3dd584-9571-48a4-dbfd-905d9bdad20d,2d706e75-fd47-4d6b-cc14-10a1bf804d62,1458a564-2503-4c4e-98fd-ff8eee30f920,2025-10-11T03:09:25.819Z,sample_text_1637,227,2025-11-02T19:13:48.457Z,sample_text_8885,210,sample_text_9827,3f95f74e-1bdc-41c3-893d-2d90a62d76bc,sample_text_4290,virtual,535,sample_text_2186,913.78,sample_text_6101,false,sample_text_973,sample_text_2443,sample_text_3722,sample_text_9348,true,2025-09-05T20:24:09.366Z,2025-10-28T22:44:25.139Z,9eaa373f-8df1-4b6c-b2c9-c62b6f3363fe
completed,c3211022-70e4-4dd5-4017-fdd754bd4b30,7b01d302-0a70-4c31-f833-da69c718f73d,661bcb95-f84e-4871-e1c4-675bf8171439,230051a7-77f6-49c9-6d7a-c1c341da56c9,2026-03-11T15:08:25.954Z,sample_text_1098,492,2025-11-11T13:16:58.589Z,sample_text_5358,957,sample_text_9574,3f95f74e-1bdc-41c3-893d-2d90a62d76bc,sample_text_9157,in_person,426,sample_text_6610,915.92,sample_text_3161,false,sample_text_7552,sample_text_4573,sample_text_4501,sample_text_9892,true,2025-11-13T06:51:57.028Z,2026-02-04T22:58:36.140Z,3f95f74e-1bdc-41c3-893d-2d90a62d76bc
no_show,418ee086-b841-457b-fcbc-e444388909a4,cc19aa3d-8df7-4ba6-943a-ebbf9970c3bc,eb97341d-2385-4175-9a86-c3256608e18e,2d6bfb42-752b-4b9d-3444-de223d3aae60,2025-05-03T14:57:46.745Z,sample_text_3748,909,2025-10-19T17:52:37.856Z,sample_text_3442,101,sample_text_6331,d1707a15-e071-4bbb-65ff-4dfa7f902567,sample_text_3505,virtual,370,sample_text_5689,938.72,sample_text_6303,false,sample_text_3650,sample_text_5777,sample_text_8544,sample_text_7835,false,2026-01-26T00:26:33.356Z,2025-12-06T06:53:10.386Z,03983122-261d-403c-9284-32860383f137
partial,d9c42f5e-d2bc-40f7-1ada-94a6d9f95186,01063723-1de5-41a1-e5d1-0089f90f19b6,4fab3abf-dd8f-4d4b-ef39-52d4314418ca,8896db36-2d61-437b-b2c1-dc033ac04606,2026-03-23T23:28:07.988Z,sample_text_9162,680,2025-11-14T15:02:15.894Z,sample_text_5899,587,sample_text_3902,cb8fa579-1a0f-4b56-d0df-17115e069361,sample_text_7258,virtual,599,sample_text_6530,764.77,sample_text_5396,false,sample_text_8210,sample_text_6534,sample_text_6737,sample_text_773,false,2025-11-18T03:24:01.093Z,2025-10-15T02:39:23.339Z,59b39d5f-196d-4a89-1b1d-30029759628a
completed,f0572085-ce3e-4911-5aab-c7ff8c1b5c46,b67c6dd5-03b5-49d6-f6fa-91a5dcce714c,f902ac6e-7076-46f8-2ee0-d0970401682b,afb57115-93e2-41e4-19fb-726afc7dc847,2025-10-12T00:05:28.239Z,sample_text_12,738,2025-09-01T12:13:43.654Z,sample_text_2599,475,sample_text_1311,ea49fb72-2050-42e2-81c3-091e5dbcc276,sample_text_4186,hybrid,970,sample_text_7009,19.96,sample_text_7504,false,sample_text_1909,sample_text_4333,sample_text_704,sample_text_8311,false,2026-01-16T07:25:58.929Z,2026-03-15T00:51:20.216Z,fa8263d2-b6b1-4514-4f07-6307b13d93f7
no_show,01724af1-7bca-439c-2aee-7068f4757b50,7b01d302-0a70-4c31-f833-da69c718f73d,930d6afd-4225-4c87-6245-39cb7a7a0d26,31e6dcd8-7b5b-4c54-b419-66da1259c0d7,2025-11-20T08:57:58.382Z,sample_text_6558,547,2025-06-30T14:43:14.539Z,sample_text_145,783,sample_text_8311,2fd3b0e9-a8a5-42ef-ecf1-96898dccef87,sample_text_4236,hybrid,893,sample_text_5674,246.96,sample_text_8097,true,sample_text_7779,sample_text_8289,sample_text_6745,sample_text_2532,false,2025-06-05T16:52:33.948Z,2026-04-01T18:58:56.445Z,5bbe0d79-fac8-4b07-36d1-5a4ce3a79f5a
completed,d859b4fc-b6c8-484d-9a36-3e300bf1df2d,7cd8bff5-4341-4461-ae03-af249bc974f9,0898bc8a-8083-4b0c-faf9-0f5d0224e73e,9a9475d1-a832-46dc-d803-59feef06073e,2026-04-05T05:29:20.181Z,sample_text_7830,93,2025-11-29T18:58:11.285Z,sample_text_7931,73,sample_text_2027,367ec86b-33cc-4e1c-99be-6d4f3680b591,sample_text_3901,in_person,142,sample_text_1530,535.62,sample_text_8181,true,sample_text_583,sample_text_1469,sample_text_9172,sample_text_9138,true,2025-05-12T01:15:19.774Z,2026-02-14T12:42:59.472Z,4983674c-e15e-4015-0eb3-50b01d7810f8
completed,b3ece3d0-3ab9-47b5-d08a-c613851fb26e,0660e705-3f95-4fd9-a41a-321262e51eb3,e536d26c-1212-499f-3401-979cc6978147,fb441a9a-76af-4633-ef6e-1ccf7e88caa7,2025-08-04T05:41:29.612Z,sample_text_8489,749,2025-09-23T10:11:45.950Z,sample_text_5042,811,sample_text_7819,a7fdde05-87ad-4532-1887-2448d13ec652,sample_text_9175,in_person,191,sample_text_7581,191.57,sample_text_8450,true,sample_text_143,sample_text_6021,sample_text_4047,sample_text_7921,true,2025-11-28T22:45:07.630Z,2026-03-24T18:53:35.414Z,2fd3b0e9-a8a5-42ef-ecf1-96898dccef87
completed,e4afcf0e-f9d8-42dd-43f0-6f68f54c8e64,ba7a4b0f-ab5c-4d6a-5299-a5cc023c573d,837a9baf-7fed-4fe4-630e-eeaf60164bcb,3aaad658-14e8-4861-52c9-2341f1d4e7da,2025-08-05T08:17:59.745Z,sample_text_8571,298,2025-05-21T20:31:46.651Z,sample_text_7036,633,sample_text_1344,62a9a1d7-9f49-48d7-cd45-e5cf69a2994c,sample_text_3067,in_person,229,sample_text_5290,176.79,sample_text_941,false,sample_text_4619,sample_text_5355,sample_text_2588,sample_text_157,true,2025-08-23T06:35:12.203Z,2025-10-08T14:57:06.767Z,b3ab5a31-3db7-455f-604b-d752ad0d37c7
completed,d12c54d0-232f-4d8c-9636-fc2fd89a95b1,90bb83ca-2bb7-45da-7fea-80080434dbd5,2e842555-494e-4eac-25b2-d2a4430cc9ed,4f78a299-95cc-4ebc-45f5-de09ee40e0da,2026-04-08T23:29:49.845Z,sample_text_1286,84,2025-08-14T15:39:26.809Z,sample_text_4453,80,sample_text_6278,3bfa1ef4-6a42-4cc6-e6e5-1989f79cca90,sample_text_5523,in_person,694,sample_text_4198,318.86,sample_text_2042,true,sample_text_6020,sample_text_183,sample_text_9451,sample_text_8649,false,2025-09-07T19:51:22.663Z,2026-03-24T04:56:15.177Z,02eac898-e03e-4ede-7167-c2b3f40e7d1a
completed,35282566-9449-49e8-db1b-0c83ff704434,5650edea-48a1-43b0-e4d1-f31c189db61d,16c0f045-ad9e-4d23-8922-374a2534b914,c679812d-8719-424c-f810-c17bf20e8d10,2025-05-19T12:20:51.276Z,sample_text_8089,772,2026-01-23T05:15:05.947Z,sample_text_5757,32,sample_text_7314,9c9bf7cc-e7e9-4ae2-6497-3685d6fe38d9,sample_text_7152,hybrid,372,sample_text_9091,321.82,sample_text_2941,false,sample_text_4804,sample_text_9067,sample_text_4809,sample_text_1025,false,2025-06-01T21:42:35.167Z,2025-05-08T13:03:31.035Z,13815186-454f-4056-c0e4-2d163f76617d
completed,8cccba5f-02bc-4142-5111-7f16b8cb015b,6db61a4b-84a8-461f-cebe-88f07baaac2d,c0b731c7-72d6-4cbc-7d82-0603fe27478a,25984c0e-a7ff-4156-822e-ec2fb55f198a,2026-02-28T11:36:27.440Z,sample_text_2744,666,2025-04-28T17:49:20.716Z,sample_text_5366,39,sample_text_5898,6601188e-454e-46f8-39d3-12e3a2450d73,sample_text_5201,virtual,340,sample_text_1971,866.14,sample_text_7567,false,sample_text_9910,sample_text_7176,sample_text_4551,sample_text_4156,true,2025-07-21T01:45:45.583Z,2026-01-02T00:24:46.065Z,54566fd8-2ce9-43f1-d9c4-3262fe0540e9
completed,237f2df4-cc28-4ca9-e0e0-e301b920926b,093f659d-b7ea-45cd-f8d9-33ac23698fa0,4ca6797c-e546-4f8b-df90-dbb08907d99e,4ca4247e-c61f-4837-bf77-9c36a300d1a6,2026-01-02T19:24:21.415Z,sample_text_6772,421,2025-11-21T01:04:10.800Z,sample_text_2982,220,sample_text_8380,65b719d4-a6d4-4c9f-1165-ea0ebe168811,sample_text_899,in_person,247,sample_text_7281,121.46,sample_text_2024,true,sample_text_7692,sample_text_8414,sample_text_2165,sample_text_6921,true,2026-01-09T05:21:05.428Z,2025-10-05T12:39:37.328Z,91481a49-39f6-4c85-9a87-3de01f285177
cancelled,149da933-4939-4999-f307-cd235c75dbd4,53916321-ba31-43c5-4662-702e1f8fc3b9,2a4e5e57-fab3-47be-aa17-438ff8cedd26,2de16969-104d-43a0-bfd9-fe690d9d6eac,2025-08-03T08:18:11.267Z,sample_text_7164,717,,sample_text_8071,,sample_text_8310,01576ed3-e96e-415a-7c79-d2b4e79c9251,sample_text_5191,in_person,893,sample_text_7716,,sample_text_3847,true,sample_text_5307,sample_text_2005,sample_text_6849,sample_text_2104,true,2025-04-23T22:59:56.772Z,2025-04-25T12:59:22.248Z,e2e59b60-b37d-4442-b14f-f66ec99cab25
completed,ebd7d542-c1f4-4e74-0630-269981f7a469,ff7b5b59-28e3-4c72-312f-ad72de847623,b017f20d-2b75-45dd-64d2-722f145a78d0,72ea06ea-6647-4b34-faa9-4b6acc59b996,2025-05-25T12:37:21.252Z,sample_text_4111,798,2026-03-07T11:06:11.762Z,sample_text_8238,266,sample_text_4919,8ac01f7d-9c30-4771-a900-d8fc5dd68b28,sample_text_6629,hybrid,60,sample_text_2268,489.22,sample_text_8277,true,sample_text_3077,sample_text_5473,sample_text_2886,sample_text_7389,false,2025-09-09T15:10:28.717Z,2026-02-21T06:23:32.098Z,72571b3c-f6ea-4a2a-2118-2d3a77def4dd
completed,ffdba267-d974-4d14-18cf-d6a671eecc30,1b16683a-98b0-4954-e675-86e26360065f,73370ee3-24e1-494c-b530-e79710873eeb,36fa19ad-37fd-44f9-4a36-73f18ecfe5f4,2025-07-09T11:37:11.383Z,sample_text_4227,303,2025-11-23T04:21:43.766Z,sample_text_1491,717,sample_text_3295,e2e59b60-b37d-4442-b14f-f66ec99cab25,sample_text_3424,virtual,707,sample_text_319,46.71,sample_text_7589,false,sample_text_7864,sample_text_2525,sample_text_8494,sample_text_5282,false,2025-04-28T01:27:52.961Z,2025-12-06T08:12:47.823Z,72571b3c-f6ea-4a2a-2118-2d3a77def4dd
scheduled,508c633b-89a4-4c16-6c70-dc3a0a695cd1,ddaebb0c-208f-4c1d-99d6-3c94ad714d88,2e858920-a13b-46d3-3f94-8050bb03f098,5cca90e9-35ef-4b60-da97-176e79a801fd,2026-02-08T20:18:01.520Z,sample_text_9803,268,2026-02-25T01:28:26.478Z,sample_text_3745,19,sample_text_1783,f8d9b2f5-6abe-4500-e812-54aa85e6d1f7,sample_text_3111,virtual,497,sample_text_4561,554.1,sample_text_4066,false,sample_text_7239,sample_text_4212,sample_text_1686,sample_text_64,false,2025-08-29T03:55:05.242Z,2025-10-09T05:12:33.740Z,6601188e-454e-46f8-39d3-12e3a2450d73
completed,e639eebe-1265-4aa1-010c-c4bf9cd22c8b,53916321-ba31-43c5-4662-702e1f8fc3b9,13f8f388-7de1-4383-f922-a0d8a397e76c,8ec11999-7a20-466e-84f7-f134e29d20eb,2026-02-22T05:58:59.850Z,sample_text_9776,564,2025-08-03T21:56:23.737Z,sample_text_2342,514,sample_text_9165,6cd68fef-f7ed-4b57-a09f-e6e7ee2302bd,sample_text_2169,in_person,404,sample_text_3144,141.78,sample_text_9151,true,sample_text_4881,sample_text_7048,sample_text_7015,sample_text_4775,true,2025-10-01T14:16:39.755Z,2025-09-26T10:49:10.090Z,cb8fa579-1a0f-4b56-d0df-17115e069361
completed,309a15b4-bce8-4708-69a9-228d954ce0db,1c838e84-c20a-4ba3-eb30-b5b3f01c4156,e112e16e-d7d4-47de-a1f6-038db1f702ae,5354d00b-34f0-4a88-58d4-8decde6ce2ee,2026-03-06T18:58:58.637Z,sample_text_7410,984,2025-08-20T06:34:19.421Z,sample_text_3443,769,sample_text_5311,b68d9d85-277a-4f14-1564-cbb9598388f9,sample_text_6280,in_person,156,sample_text_7511,183.9,sample_text_7348,true,sample_text_5426,sample_text_3630,sample_text_8474,sample_text_4177,true,2025-04-21T18:59:15.392Z,2025-08-30T01:10:55.216Z,074f3f9d-1d98-495a-36ce-ea4c10de32e7
partial,94e007c3-8783-4aad-b09e-fbae658819c1,01063723-1de5-41a1-e5d1-0089f90f19b6,4f68cba7-6170-4ab1-21f9-a7a23a74f8c0,5cca90e9-35ef-4b60-da97-176e79a801fd,2026-03-14T22:25:25.196Z,sample_text_9557,107,2025-08-12T07:56:26.153Z,sample_text_3003,532,sample_text_2717,e2e59b60-b37d-4442-b14f-f66ec99cab25,sample_text_4537,in_person,650,sample_text_1065,586.72,sample_text_8114,true,sample_text_812,sample_text_5671,sample_text_3787,sample_text_2436,true,2025-06-03T19:02:47.143Z,2025-04-16T12:10:38.487Z,3f95f74e-1bdc-41c3-893d-2d90a62d76bc
cancelled,ca21dab1-f579-4e7f-0b5a-aa84fa31cdba,d2bb5682-7c2b-4eb6-8b8c-1743ca39b9ae,c8bf5171-97bd-4a3c-df89-c4059e1474e2,12c936b7-76a2-4244-3342-f64b193771af,2025-07-06T15:45:00.308Z,sample_text_8084,832,,sample_text_2058,,sample_text_2650,a7fdde05-87ad-4532-1887-2448d13ec652,sample_text_7376,in_person,956,sample_text_2695,,sample_text_3093,true,sample_text_5288,sample_text_1651,sample_text_8188,sample_text_7164,false,2025-09-13T11:20:51.647Z,2026-02-03T13:35:40.835Z,c6fb6b4b-9efd-4a20-fd85-28ef5167ab5d
completed,61019d79-aae6-435b-9297-b4e9988fffaf,7cd8bff5-4341-4461-ae03-af249bc974f9,a41d4030-6171-4181-a953-5d0104c592fd,7abd7935-415a-4e5c-0200-73c72eee9749,2026-03-28T20:36:19.380Z,sample_text_8115,422,2025-10-17T17:18:13.586Z,sample_text_1745,473,sample_text_5382,db60da3b-65f5-43f8-0cf6-3a1af6e416bd,sample_text_2770,hybrid,505,sample_text_1787,260.14,sample_text_9357,true,sample_text_662,sample_text_3247,sample_text_7525,sample_text_8485,false,2025-09-22T19:30:24.316Z,2025-08-06T05:50:56.670Z,74bd910d-f592-4d1d-0e88-4bd9512f610b
cancelled,62c80391-6654-4dbf-ec62-0f957e692016,22cc6a8f-9b50-4313-a8c9-a3c43b392d05,24557b57-0c13-4c0c-a3e9-39903a1a94a3,2f04b13c-c50c-4de2-5f7d-f7ef75d312f1,2025-06-29T19:47:43.593Z,sample_text_3430,391,,sample_text_9230,,sample_text_9945,621e454c-d590-4953-4dc4-27d658cef254,sample_text_7130,in_person,216,sample_text_585,,sample_text_9073,true,sample_text_5729,sample_text_7472,sample_text_3515,sample_text_6991,true,2025-07-03T17:59:53.680Z,2026-02-10T09:45:17.876Z,2fd3b0e9-a8a5-42ef-ecf1-96898dccef87
completed,16b568d7-73f5-470f-bd1c-0a184b957eb9,9fb97d7d-c648-45dd-decd-8fba34ef4c41,c41be56c-1b03-4f83-3798-7ff82c84c273,1458a564-2503-4c4e-98fd-ff8eee30f920,2025-07-14T09:23:43.970Z,sample_text_3734,710,2025-07-14T10:22:55.908Z,sample_text_8558,458,sample_text_6034,6a49f986-fadb-4bcd-512c-c56d68c9b08b,sample_text_3034,hybrid,576,sample_text_9168,265.49,sample_text_324,true,sample_text_9147,sample_text_3919,sample_text_4574,sample_text_6333,false,2025-09-15T04:42:51.953Z,2025-11-30T07:05:51.232Z,d686c193-7466-44fb-b1a6-37325154df4c
cancelled,11ef863e-ad6e-4e96-6cbe-5d13837eb628,53d17442-b477-40dd-7421-38a81cb807b4,521d1584-627e-495f-893e-82a12f5344be,cd807608-c28a-4e54-37b1-20305ffdcd5c,2025-10-22T13:20:31.559Z,sample_text_6785,271,,sample_text_3563,,sample_text_3894,2fd3b0e9-a8a5-42ef-ecf1-96898dccef87,sample_text_516,in_person,82,sample_text_4981,,sample_text_4077,false,sample_text_1488,sample_text_9038,sample_text_1632,sample_text_2487,false,2026-02-01T02:09:32.786Z,2025-04-25T09:12:33.519Z,074f3f9d-1d98-495a-36ce-ea4c10de32e7
no_show,f99e166c-3be6-4626-7c5b-97861f646af0,6db61a4b-84a8-461f-cebe-88f07baaac2d,820e0d69-1dec-4fa2-7dff-4973e37417e7,19b0ce65-5cea-46af-9685-0855cb090984,2025-10-30T22:16:33.686Z,sample_text_4585,372,2025-11-22T17:39:28.157Z,sample_text_1254,29,sample_text_2944,3f95f74e-1bdc-41c3-893d-2d90a62d76bc,sample_text_8527,hybrid,50,sample_text_711,325.04,sample_text_7816,true,sample_text_6317,sample_text_9246,sample_text_6433,sample_text_2035,true,2026-01-29T10:49:29.048Z,2025-09-24T00:06:38.572Z,9eaa373f-8df1-4b6c-b2c9-c62b6f3363fe
completed,875fdb1e-303d-411e-1736-c8c0da80b920,0f853a45-92cb-4e08-bb3a-9f894364a97f,521d1584-627e-495f-893e-82a12f5344be,12c936b7-76a2-4244-3342-f64b193771af,2025-07-12T06:09:25.036Z,sample_text_2531,58,2025-07-29T05:58:38.969Z,sample_text_4190,761,sample_text_4133,6cd68fef-f7ed-4b57-a09f-e6e7ee2302bd,sample_text_4077,in_person,178,sample_text_3976,915.56,sample_text_8404,false,sample_text_6463,sample_text_7404,sample_text_9339,sample_text_92,false,2025-04-12T13:50:04.877Z,2025-08-22T03:57:47.413Z,e4b1ae0d-39bf-42a5-dfb9-7a9275ba3f82
cancelled,c9b03bb8-d620-43bd-8eb2-833bf4dd0c91,5b87189e-f2c1-4df6-c8e6-85342cf1a109,59faa8f0-e266-467f-aa62-7fd97008cad7,cd416869-1efc-4398-0a2a-903b79ed2d98,2026-03-31T11:46:37.332Z,sample_text_6414,709,,sample_text_9733,,sample_text_7735,7eb2d58e-90b4-4cb6-235b-f52575ca8c43,sample_text_2780,hybrid,118,sample_text_4118,,sample_text_1147,true,sample_text_3777,sample_text_5222,sample_text_5426,sample_text_7892,true,2025-05-13T21:15:11.281Z,2025-07-23T18:22:41.392Z,e4b1ae0d-39bf-42a5-dfb9-7a9275ba3f82
cancelled,3dce8206-b85e-4a90-3db0-c9c424852045,f2392f7d-a5b0-4fcc-13a3-f5b494facaed,5b1b6bbb-ac85-477d-9a11-d480281a4b21,5ad3d718-54d7-4cd2-1fcf-87aea33287e9,2026-02-09T11:16:42.600Z,sample_text_2104,901,,sample_text_6689,,sample_text_8952,cb8fa579-1a0f-4b56-d0df-17115e069361,sample_text_508,hybrid,414,sample_text_395,,sample_text_3585,true,sample_text_6215,sample_text_5925,sample_text_3472,sample_text_6923,false,2026-01-30T05:03:04.598Z,2026-02-06T01:31:29.654Z,9eaa373f-8df1-4b6c-b2c9-c62b6f3363fe
partial,dd9a9863-4052-4d89-1af5-4a1742773aef,e4e629c5-87d4-4ff9-a454-60a9e53957d8,e112e16e-d7d4-47de-a1f6-038db1f702ae,152072c0-f075-4a77-bebe-aaa40d5c36c5,2025-06-21T02:43:40.666Z,sample_text_5078,104,2025-05-17T21:47:31.395Z,sample_text_4749,330,sample_text_4482,b3ab5a31-3db7-455f-604b-d752ad0d37c7,sample_text_8245,virtual,11,sample_text_2075,235.41,sample_text_8010,false,sample_text_331,sample_text_3003,sample_text_7041,sample_text_9013,false,2026-03-12T08:45:22.316Z,2025-11-18T12:36:12.218Z,9c9bf7cc-e7e9-4ae2-6497-3685d6fe38d9
completed,c3aaceaf-ece5-4d49-22a2-f33f475e13a9,22cc6a8f-9b50-4313-a8c9-a3c43b392d05,94dc4310-c140-4af7-8a5b-88c24ff5a5d3,72ea06ea-6647-4b34-faa9-4b6acc59b996,2026-02-02T17:24:19.665Z,sample_text_3001,272,2025-06-30T07:42:25.875Z,sample_text_4188,498,sample_text_4675,d1707a15-e071-4bbb-65ff-4dfa7f902567,sample_text_4185,in_person,162,sample_text_8908,539.49,sample_text_6582,false,sample_text_1512,sample_text_9369,sample_text_652,sample_text_9325,false,2025-11-21T11:00:20.945Z,2026-03-19T00:55:12.677Z,8ac01f7d-9c30-4771-a900-d8fc5dd68b28
cancelled,a4a66f54-43e9-4353-cc51-a38241178a8c,0a9e3ade-a1f9-402f-d989-08906f23513d,0898bc8a-8083-4b0c-faf9-0f5d0224e73e,dc5c38cd-11bd-4d48-b540-0659ffe8f55b,2025-04-20T21:57:53.248Z,sample_text_1964,311,,sample_text_2842,,sample_text_8639,b19a9a30-5bc1-42f9-ac14-0842a27abbe0,sample_text_9634,in_person,211,sample_text_136,,sample_text_6578,true,sample_text_4566,sample_text_7823,sample_text_8072,sample_text_3711,false,2025-06-29T09:19:05.089Z,2025-10-27T06:05:26.984Z,b8378524-c3b6-4652-6983-adbddb7aa9dd
cancelled,59773418-21fe-4a62-4734-ca0ca6cf070d,6e60c3c1-79e3-49f2-3701-c8f0fce81cb1,f902ac6e-7076-46f8-2ee0-d0970401682b,36fa19ad-37fd-44f9-4a36-73f18ecfe5f4,2025-11-18T16:20:51.348Z,sample_text_9923,167,,sample_text_6766,,sample_text_7561,b3ab5a31-3db7-455f-604b-d752ad0d37c7,sample_text_6426,virtual,567,sample_text_7985,,sample_text_1758,false,sample_text_1219,sample_text_9470,sample_text_8370,sample_text_7012,false,2025-06-20T13:58:04.674Z,2025-05-22T12:37:27.588Z,7eb2d58e-90b4-4cb6-235b-f52575ca8c43
completed,b625070d-00f1-4712-275f-7784c78b103a,92cf908b-38ac-4b5d-0803-1a8f60b5c6b9,94dc4310-c140-4af7-8a5b-88c24ff5a5d3,49c0f8d8-fcc1-4c41-a548-3ff914a66692,2025-09-24T20:02:19.443Z,sample_text_1776,933,2025-05-28T03:36:43.904Z,sample_text_4155,503,sample_text_2518,cb8fa579-1a0f-4b56-d0df-17115e069361,sample_text_3153,in_person,543,sample_text_2293,363.88,sample_text_845,true,sample_text_1772,sample_text_6560,sample_text_5985,sample_text_9495,false,2026-02-01T15:15:13.819Z,2026-02-15T21:43:47.505Z,e4a45791-4bec-432e-83c4-834772750abf
completed,710bc15c-5642-4e6e-b686-5ac102896f16,36a2bd98-8d6a-422c-04cc-be071c7128f3,c41be56c-1b03-4f83-3798-7ff82c84c273,5354d00b-34f0-4a88-58d4-8decde6ce2ee,2026-01-06T07:29:54.748Z,sample_text_7186,486,2026-02-10T08:44:39.515Z,sample_text_827,495,sample_text_5619,616cd82a-150d-43e4-e90b-50dd3877886b,sample_text_1187,in_person,504,sample_text_8215,220.35,sample_text_7900,false,sample_text_6709,sample_text_4955,sample_text_1895,sample_text_8880,false,2026-02-12T03:02:18.641Z,2025-09-29T21:57:44.194Z,13815186-454f-4056-c0e4-2d163f76617d
partial,72d72baf-9dfd-49f7-a94c-7624ab8314c3,53916321-ba31-43c5-4662-702e1f8fc3b9,291d99ad-c85c-4557-8915-25527607d5cf,440eba09-b8a9-4df2-7ce2-88916df0536d,2025-11-11T09:59:47.530Z,sample_text_7653,685,2026-03-13T19:51:43.006Z,sample_text_4358,56,sample_text_8429,03983122-261d-403c-9284-32860383f137,sample_text_7246,in_person,641,sample_text_5104,663.74,sample_text_1569,true,sample_text_6420,sample_text_2271,sample_text_452,sample_text_1330,true,2025-06-19T17:54:41.334Z,2025-11-25T09:08:02.658Z,7eb2d58e-90b4-4cb6-235b-f52575ca8c43
completed,afe30878-b0f9-42ec-75e9-4d363ca2728a,b99d9240-0c15-492c-bcb5-5dab6f5707ac,aed83b90-feeb-480d-e57c-176768104c81,74996144-2438-4454-03fb-d777b4c9db8b,2026-01-09T19:23:07.662Z,sample_text_5426,957,2026-02-21T04:19:34.132Z,sample_text_9110,49,sample_text_4259,59b39d5f-196d-4a89-1b1d-30029759628a,sample_text_3651,in_person,147,sample_text_5818,97.86,sample_text_3073,false,sample_text_3859,sample_text_8703,sample_text_3858,sample_text_4947,true,2025-04-22T16:20:55.114Z,2025-04-15T23:44:10.286Z,7eb2d58e-90b4-4cb6-235b-f52575ca8c43
completed,394f6484-5532-459e-f857-7fbdeea0f8cd,9fb97d7d-c648-45dd-decd-8fba34ef4c41,1612581f-ee93-42bd-8ca1-106ca3f5fb8d,09e8d1ef-f5f0-41fa-38f3-10bac079d03c,2026-01-01T14:28:10.729Z,sample_text_9826,175,2025-09-17T20:04:31.839Z,sample_text_309,35,sample_text_2819,6601188e-454e-46f8-39d3-12e3a2450d73,sample_text_8685,in_person,210,sample_text_2767,985.2,sample_text_2472,true,sample_text_107,sample_text_8384,sample_text_3893,sample_text_3518,true,2026-02-15T10:36:10.504Z,2025-08-31T03:15:23.834Z,5b22fa71-538f-4f40-5599-52754e6eb443
partial,998458a8-fb16-44a2-8770-2c68f09d443c,7278e65a-9c24-4acf-5b35-796f64dbce30,24557b57-0c13-4c0c-a3e9-39903a1a94a3,5cca90e9-35ef-4b60-da97-176e79a801fd,2025-06-03T03:31:12.198Z,sample_text_4488,714,2025-04-16T19:48:45.070Z,sample_text_8364,987,sample_text_1892,b3ab5a31-3db7-455f-604b-d752ad0d37c7,sample_text_3998,in_person,990,sample_text_1379,965.83,sample_text_8645,false,sample_text_3785,sample_text_6307,sample_text_3992,sample_text_757,true,2025-04-16T01:07:23.493Z,2025-08-26T23:20:28.460Z,760e9861-7716-4fc7-6676-f5213f248cda
completed,e79835a7-e6af-4eee-6280-84195c303b80,0a6828b5-4d55-4c26-d7ba-a1b99663b2fe,343e4691-d779-4742-a9b6-c828fbb55b61,44e96aef-1775-4e8c-e285-02e0cadba8e3,2025-12-05T12:13:37.940Z,sample_text_4069,910,2025-05-27T21:55:41.042Z,sample_text_4455,712,sample_text_3840,6cd68fef-f7ed-4b57-a09f-e6e7ee2302bd,sample_text_650,in_person,996,sample_text_7546,648.78,sample_text_2980,false,sample_text_1328,sample_text_9049,sample_text_4531,sample_text_1361,true,2025-12-11T21:26:21.776Z,2025-07-08T16:28:43.575Z,b19a9a30-5bc1-42f9-ac14-0842a27abbe0
completed,577c2c6c-7ac5-4cd2-ecb0-49504663c63f,354a8aed-8ff3-48d7-00fd-76a6427a85cc,5eca5363-069f-462b-ef13-7dba299c99d9,5bcd0cf0-44a3-4e73-1c78-3d3c73e703b3,2026-03-03T14:48:35.729Z,sample_text_6641,948,2026-04-01T18:03:37.439Z,sample_text_4384,310,sample_text_1529,db60da3b-65f5-43f8-0cf6-3a1af6e416bd,sample_text_881,in_person,125,sample_text_3049,279.33,sample_text_6823,true,sample_text_3974,sample_text_4809,sample_text_5362,sample_text_549,true,2025-09-28T06:08:51.721Z,2026-03-30T19:59:44.034Z,6601188e-454e-46f8-39d3-12e3a2450d73
scheduled,0c26143e-0be9-4469-1743-e90fe3dcb2cd,1b16683a-98b0-4954-e675-86e26360065f,c41be56c-1b03-4f83-3798-7ff82c84c273,44e96aef-1775-4e8c-e285-02e0cadba8e3,2025-11-18T09:15:23.351Z,sample_text_3557,627,2025-11-23T07:14:29.034Z,sample_text_1644,43,sample_text_5191,02eac898-e03e-4ede-7167-c2b3f40e7d1a,sample_text_7967,hybrid,197,sample_text_7698,480.85,sample_text_3988,false,sample_text_350,sample_text_3766,sample_text_1684,sample_text_7646,false,2025-07-04T22:05:29.648Z,2026-02-03T02:01:26.495Z,d686c193-7466-44fb-b1a6-37325154df4c
completed,40555aac-e9d9-461f-3392-37d81743e86c,b99d9240-0c15-492c-bcb5-5dab6f5707ac,f3e56a9d-701d-4138-17b4-468168466ac1,6fd51bd1-cbdc-4c3a-0686-e52d7fe6061c,2025-12-31T07:30:35.540Z,sample_text_3736,607,2025-09-12T09:42:07.627Z,sample_text_7951,913,sample_text_9477,c6fb6b4b-9efd-4a20-fd85-28ef5167ab5d,sample_text_976,in_person,262,sample_text_7289,885.21,sample_text_3244,false,sample_text_3760,sample_text_2568,sample_text_8965,sample_text_3304,false,2025-07-07T09:40:29.906Z,2026-03-05T13:18:16.575Z,e4a45791-4bec-432e-83c4-834772750abf
completed,7fcffdf5-e7cf-40bf-7e93-425ba7951f8c,4eb401f1-2970-4058-6e97-a97a6fb8e8b7,2d706e75-fd47-4d6b-cc14-10a1bf804d62,3aaad658-14e8-4861-52c9-2341f1d4e7da,2026-02-14T01:56:35.760Z,sample_text_7963,504,2025-07-18T00:38:11.229Z,sample_text_3892,660,sample_text_3840,b68d9d85-277a-4f14-1564-cbb9598388f9,sample_text_3821,in_person,574,sample_text_7566,518.09,sample_text_3375,true,sample_text_1716,sample_text_7356,sample_text_3897,sample_text_8281,true,2026-02-25T03:33:31.474Z,2025-09-30T11:38:07.858Z,5bbe0d79-fac8-4b07-36d1-5a4ce3a79f5a
cancelled,5e4b4d79-caca-4c22-8b6c-2f9375c14549,ddaebb0c-208f-4c1d-99d6-3c94ad714d88,930d6afd-4225-4c87-6245-39cb7a7a0d26,26241fc8-1326-4f27-2a84-eb284a0bd4ba,2026-01-15T12:33:13.018Z,sample_text_5463,67,,sample_text_6764,,sample_text_2395,074f3f9d-1d98-495a-36ce-ea4c10de32e7,sample_text_8739,in_person,275,sample_text_5295,,sample_text_7112,true,sample_text_2285,sample_text_413,sample_text_8296,sample_text_6439,false,2025-10-03T08:37:34.475Z,2025-09-13T17:36:31.614Z,1f944d7a-c145-4606-b226-ca59addffefd
completed,6289796f-e5c1-4de7-a6b6-8a2ee3a35903,6e60c3c1-79e3-49f2-3701-c8f0fce81cb1,fe4720c1-f369-4760-b122-6b324f08f3a3,7b4e9cee-f4ce-4983-6f42-9424ff347d5a,2026-01-24T16:12:43.421Z,sample_text_1472,804,2025-11-08T17:08:33.249Z,sample_text_1193,510,sample_text_7612,91481a49-39f6-4c85-9a87-3de01f285177,sample_text_7725,hybrid,408,sample_text_5849,638.5,sample_text_3720,true,sample_text_1745,sample_text_7019,sample_text_1291,sample_text_6145,false,2025-08-03T00:14:40.191Z,2025-12-30T07:58:46.465Z,addfc86c-41af-41c3-ce53-f3cc7fcccdf6
completed,79bd9274-34cf-4eb2-747e-39aa8b58839b,8445b8d0-fa6a-4454-0ffa-e73de69b3697,820e0d69-1dec-4fa2-7dff-4973e37417e7,98dc63d7-8988-4ff8-b7ca-2ab8d1f39352,2025-04-28T23:20:48.144Z,sample_text_3658,957,2025-12-04T17:13:41.092Z,sample_text_9220,673,sample_text_8012,6cd68fef-f7ed-4b57-a09f-e6e7ee2302bd,sample_text_8728,hybrid,157,sample_text_8017,285.28,sample_text_4034,true,sample_text_3506,sample_text_5807,sample_text_4000,sample_text_2359,false,2025-05-25T07:54:45.646Z,2025-06-14T13:18:39.210Z,cf7e2aea-c07d-4ed1-1fc0-69c3d64d741c
completed,968c0484-cade-46ab-4e21-5eff008ee29f,4eb401f1-2970-4058-6e97-a97a6fb8e8b7,545d1106-2b34-4e12-24da-7673253ca1d7,8896db36-2d61-437b-b2c1-dc033ac04606,2025-12-02T03:43:15.655Z,sample_text_2300,460,2025-09-11T10:44:12.993Z,sample_text_2038,683,sample_text_2496,65b719d4-a6d4-4c9f-1165-ea0ebe168811,sample_text_5649,in_person,41,sample_text_275,735.73,sample_text_7802,true,sample_text_1962,sample_text_6530,sample_text_571,sample_text_2553,false,2026-02-06T22:22:56.132Z,2025-10-10T15:45:53.964Z,f8d9b2f5-6abe-4500-e812-54aa85e6d1f7
partial,3242694e-6692-4cb0-3bdc-28c4ee449a75,e5536f1d-70a4-4729-c482-8f7e415dd89b,5b1b6bbb-ac85-477d-9a11-d480281a4b21,8ec11999-7a20-466e-84f7-f134e29d20eb,2025-09-29T17:28:44.220Z,sample_text_8595,668,2025-09-17T16:31:27.603Z,sample_text_1337,421,sample_text_2762,b941f6ec-4ce0-4310-9221-6be0482727a0,sample_text_4314,in_person,398,sample_text_5823,147.67,sample_text_2510,true,sample_text_7205,sample_text_2270,sample_text_4840,sample_text_39,false,2025-09-04T18:38:06.740Z,2025-12-28T04:23:06.925Z,02eac898-e03e-4ede-7167-c2b3f40e7d1a
partial,6fe18835-d699-4dd0-7054-c8276f1d70d7,7b01d302-0a70-4c31-f833-da69c718f73d,7e8192d3-756a-4974-209e-dc1ea1cca26e,0519f110-4080-47f1-0e4d-53c0e3b18659,2025-08-23T00:12:24.759Z,sample_text_327,180,2026-01-29T11:17:08.502Z,sample_text_8910,237,sample_text_6754,0a5b5544-8433-485d-8477-4051a66c59da,sample_text_2886,in_person,60,sample_text_9851,870.14,sample_text_8091,false,sample_text_4892,sample_text_4313,sample_text_1262,sample_text_8491,false,2025-12-13T23:08:10.088Z,2025-10-31T06:39:14.274Z,d686c193-7466-44fb-b1a6-37325154df4c
completed,547d0633-911c-4631-8648-7ae35031f181,b99d9240-0c15-492c-bcb5-5dab6f5707ac,c8bf5171-97bd-4a3c-df89-c4059e1474e2,cd807608-c28a-4e54-37b1-20305ffdcd5c,2025-08-07T11:58:33.355Z,sample_text_9531,845,2025-10-07T14:04:37.432Z,sample_text_5248,68,sample_text_8930,91481a49-39f6-4c85-9a87-3de01f285177,sample_text_3869,in_person,931,sample_text_2125,251.73,sample_text_3020,true,sample_text_324,sample_text_5214,sample_text_7995,sample_text_6719,true,2026-03-13T03:28:13.438Z,2025-10-26T01:16:03.342Z,b68d9d85-277a-4f14-1564-cbb9598388f9
completed,c16f6760-2229-4140-d85d-ebf549d9a41f,22cc6a8f-9b50-4313-a8c9-a3c43b392d05,f56bd850-ae1d-4c12-1f67-ecd289df1620,857fcefe-5faf-4a3c-df5d-917321d0ed26,2025-12-13T15:29:59.839Z,sample_text_8845,899,2025-09-08T22:24:34.440Z,sample_text_1194,611,sample_text_6710,13815186-454f-4056-c0e4-2d163f76617d,sample_text_1124,virtual,224,sample_text_8015,24.91,sample_text_8928,true,sample_text_4623,sample_text_3566,sample_text_891,sample_text_5828,false,2025-07-24T04:51:34.171Z,2025-09-28T05:36:47.457Z,59b39d5f-196d-4a89-1b1d-30029759628a
cancelled,fdb53d1b-85d1-41cc-22f0-63c40f7f946b,aafbdce4-b166-4344-e700-6fcd4aaa8f29,76fb7096-3d5c-4180-3013-e7a55c8b02bb,74996144-2438-4454-03fb-d777b4c9db8b,2025-07-22T18:54:30.075Z,sample_text_2675,345,,sample_text_844,,sample_text_6949,fa8263d2-b6b1-4514-4f07-6307b13d93f7,sample_text_4406,hybrid,456,sample_text_7526,,sample_text_6132,false,sample_text_7015,sample_text_2210,sample_text_5505,sample_text_6522,false,2025-05-27T03:19:35.775Z,2025-07-26T19:56:53.195Z,4983674c-e15e-4015-0eb3-50b01d7810f8
completed,d01f1d50-8c8e-4363-f33d-8cc352ff0cde,4802aca5-84c1-4dec-bcdf-1d631717991e,c0b731c7-72d6-4cbc-7d82-0603fe27478a,25984c0e-a7ff-4156-822e-ec2fb55f198a,2025-07-03T04:19:28.300Z,sample_text_2325,602,2025-12-10T08:17:58.574Z,sample_text_8630,848,sample_text_1995,034eaa7e-6ebe-4134-5494-fbfbc43c72ec,sample_text_4788,in_person,293,sample_text_9485,130.84,sample_text_1750,false,sample_text_7016,sample_text_6362,sample_text_97,sample_text_9187,false,2025-05-05T03:18:19.916Z,2025-11-14T10:10:49.412Z,03983122-261d-403c-9284-32860383f137
no_show,a5678025-d4db-473e-ca55-b58003215f1d,0660e705-3f95-4fd9-a41a-321262e51eb3,615ffcad-04ca-4584-4505-45cbefd50d58,6ca9565d-394f-4984-5af6-b337411ec843,2025-08-15T01:28:44.504Z,sample_text_7646,706,2026-01-06T15:16:18.443Z,sample_text_5263,814,sample_text_7143,7eb2d58e-90b4-4cb6-235b-f52575ca8c43,sample_text_4499,in_person,42,sample_text_360,435.85,sample_text_6541,false,sample_text_2999,sample_text_7435,sample_text_2145,sample_text_8334,true,2026-01-19T02:07:36.992Z,2025-12-19T23:29:36.167Z,0a5b5544-8433-485d-8477-4051a66c59da
partial,823a50a9-f96a-4d18-4a36-af37cc6471b0,e4e629c5-87d4-4ff9-a454-60a9e53957d8,615ffcad-04ca-4584-4505-45cbefd50d58,4361747f-bbcd-4426-e55e-5ac00ba3e695,2025-04-26T10:35:29.233Z,sample_text_8231,154,2025-06-27T15:57:54.977Z,sample_text_4628,904,sample_text_1993,616cd82a-150d-43e4-e90b-50dd3877886b,sample_text_3626,virtual,673,sample_text_4288,360.45,sample_text_4806,true,sample_text_1740,sample_text_294,sample_text_7102,sample_text_81,true,2026-01-03T19:58:08.502Z,2026-02-27T16:21:59.475Z,9eaa373f-8df1-4b6c-b2c9-c62b6f3363fe
completed,e9912d35-0e7b-435f-2e65-cb42f46e95d9,7b01d302-0a70-4c31-f833-da69c718f73d,59faa8f0-e266-467f-aa62-7fd97008cad7,8ec11999-7a20-466e-84f7-f134e29d20eb,2026-01-07T15:08:05.110Z,sample_text_829,528,2025-05-11T22:04:48.788Z,sample_text_5486,261,sample_text_8265,c99158d6-bd93-42cc-6585-6fedbda473c8,sample_text_2277,virtual,979,sample_text_6835,984.34,sample_text_1293,true,sample_text_2483,sample_text_2423,sample_text_8288,sample_text_8635,true,2026-03-02T18:31:15.276Z,2025-10-15T20:28:57.836Z,2fd3b0e9-a8a5-42ef-ecf1-96898dccef87
partial,432d5e92-9f9d-416d-4c74-e28fd434b951,aafbdce4-b166-4344-e700-6fcd4aaa8f29,e394ca10-b5a0-45cc-8730-3524aff8641a,3e4e588f-bb13-48f9-ae27-231d699b174f,2025-11-09T23:48:48.514Z,sample_text_8910,303,2025-09-22T19:19:35.231Z,sample_text_4543,730,sample_text_5193,7275a4a2-65a3-47ed-3d1e-7026f453021d,sample_text_6309,hybrid,693,sample_text_3169,216.74,sample_text_4694,true,sample_text_2950,sample_text_9697,sample_text_6388,sample_text_5076,true,2025-05-24T20:28:55.054Z,2025-04-18T10:07:00.699Z,cf7e2aea-c07d-4ed1-1fc0-69c3d64d741c
partial,438db43d-8f24-47eb-27e0-ab312a2326cc,093f659d-b7ea-45cd-f8d9-33ac23698fa0,921679af-a07e-442d-b254-00f81e5f665d,c679812d-8719-424c-f810-c17bf20e8d10,2026-03-01T06:09:20.546Z,sample_text_563,77,2025-06-07T01:55:27.164Z,sample_text_7558,195,sample_text_8653,616cd82a-150d-43e4-e90b-50dd3877886b,sample_text_1698,in_person,74,sample_text_2713,515.68,sample_text_8796,true,sample_text_9143,sample_text_3271,sample_text_1537,sample_text_323,true,2026-01-16T23:48:03.810Z,2025-08-21T07:35:18.689Z,03983122-261d-403c-9284-32860383f137
partial,79da96d5-36fa-45cb-5372-77fa9871a6fc,8e77bf83-cdbf-4e65-c0fd-b456dae5ca6e,baeb778f-0236-4ea0-497b-a0d46e5c6619,942582d6-df90-465e-0a7c-344463dcc5fc,2025-05-11T23:17:01.484Z,sample_text_8568,753,2026-02-14T07:09:57.936Z,sample_text_7653,142,sample_text_4154,7a4c360c-bb74-4deb-f15e-c8b948e7a622,sample_text_7306,in_person,792,sample_text_8848,764.72,sample_text_9346,true,sample_text_9844,sample_text_9364,sample_text_1504,sample_text_924,false,2025-07-29T10:49:42.995Z,2026-02-26T11:06:51.498Z,6a49f986-fadb-4bcd-512c-c56d68c9b08b
completed,891330e0-5637-47e1-91fa-5c5271557013,6fb8d879-d8bc-47e9-d75c-868c65e4b80e,7e8192d3-756a-4974-209e-dc1ea1cca26e,4b7cf6ad-bee5-43d3-4470-e6643cf6983e,2025-10-27T16:39:06.523Z,sample_text_7533,424,2026-02-12T16:51:12.588Z,sample_text_3298,658,sample_text_3038,9b6a74d9-b351-48c9-fd99-3ea43ff586df,sample_text_3745,in_person,992,sample_text_8510,931.36,sample_text_1067,false,sample_text_6055,sample_text_7396,sample_text_7136,sample_text_8189,true,2026-01-10T14:41:46.617Z,2025-07-04T14:31:06.538Z,9b6a74d9-b351-48c9-fd99-3ea43ff586df
scheduled,fa0465c2-7597-407e-b343-8851f2577bb5,0f853a45-92cb-4e08-bb3a-9f894364a97f,291d99ad-c85c-4557-8915-25527607d5cf,1458a564-2503-4c4e-98fd-ff8eee30f920,2025-12-20T14:42:37.423Z,sample_text_3471,295,2025-06-04T15:02:26.707Z,sample_text_4649,272,sample_text_6976,01576ed3-e96e-415a-7c79-d2b4e79c9251,sample_text_6232,virtual,517,sample_text_7228,579.08,sample_text_7988,false,sample_text_8806,sample_text_9520,sample_text_3655,sample_text_816,false,2025-04-26T08:07:25.695Z,2025-08-08T17:25:43.928Z,e4a45791-4bec-432e-83c4-834772750abf
completed,98a14aa0-dad2-4655-4a37-52ff4910b8d8,22cc6a8f-9b50-4313-a8c9-a3c43b392d05,94519cc1-bdc7-4549-769e-8964efcea7c6,4ca4247e-c61f-4837-bf77-9c36a300d1a6,2026-01-13T23:53:15.668Z,sample_text_6030,515,2025-05-12T01:49:05.592Z,sample_text_4356,957,sample_text_569,7d07d517-dedd-404d-c698-f00e2aeb820f,sample_text_3385,in_person,29,sample_text_8864,210.05,sample_text_1381,true,sample_text_5278,sample_text_4463,sample_text_2226,sample_text_7426,false,2025-08-07T00:06:39.325Z,2025-05-14T17:41:00.990Z,62a9a1d7-9f49-48d7-cd45-e5cf69a2994c
scheduled,65ea5f79-8261-4e27-e24b-6db2ae22d63d,2816ccd1-fce4-4fb5-0fbb-dfb23ed54240,f0fe80e2-ee98-4631-fd46-bedaa4937130,4ca4247e-c61f-4837-bf77-9c36a300d1a6,2025-05-06T08:13:35.380Z,sample_text_4985,212,2025-11-23T15:18:24.415Z,sample_text_9303,506,sample_text_5833,8ac01f7d-9c30-4771-a900-d8fc5dd68b28,sample_text_3117,in_person,598,sample_text_1508,272.22,sample_text_919,false,sample_text_5796,sample_text_3968,sample_text_8850,sample_text_6411,true,2025-06-21T06:13:47.126Z,2025-10-04T08:23:47.533Z,b68d9d85-277a-4f14-1564-cbb9598388f9
partial,15a8dfe4-ad90-47a2-15b1-d99eb7d70faf,0fe15401-d8c6-475b-c190-0d88ceee9427,f56bd850-ae1d-4c12-1f67-ecd289df1620,ab6bc2eb-0064-48a7-7f0c-9a1783bcd064,2025-05-25T09:39:45.596Z,sample_text_8811,276,2025-08-08T12:42:46.623Z,sample_text_5257,403,sample_text_6358,7eb2d58e-90b4-4cb6-235b-f52575ca8c43,sample_text_363,virtual,77,sample_text_1745,775.39,sample_text_4261,false,sample_text_1756,sample_text_5436,sample_text_340,sample_text_1171,false,2025-10-24T00:33:13.751Z,2025-11-26T00:26:20.054Z,074f3f9d-1d98-495a-36ce-ea4c10de32e7
completed,6cad1f72-57eb-41bf-40d9-57f4687deeb2,a70b1f5f-95d9-4a6b-0910-a715243975f7,7006fd96-e3f8-4225-33e4-be34d610ffbb,e66f5152-bb91-495c-70a1-919b8657aacd,2025-05-08T16:55:02.611Z,sample_text_6530,539,2025-08-28T20:17:23.807Z,sample_text_7160,419,sample_text_1565,b19a9a30-5bc1-42f9-ac14-0842a27abbe0,sample_text_1037,hybrid,174,sample_text_4142,126.32,sample_text_7678,true,sample_text_4253,sample_text_1259,sample_text_9394,sample_text_399,false,2025-07-27T06:09:29.501Z,2025-07-15T02:05:50.755Z,1f8bb59a-e0eb-4b2b-fe13-07a0c2675cb8
scheduled,0163704e-cfe6-46ba-1355-1aaa32eb318e,04f767dc-1a7c-43e8-2019-c5577d3ae052,00e48b05-b6cb-410f-1525-6668c44bdb40,25984c0e-a7ff-4156-822e-ec2fb55f198a,2025-11-16T09:25:19.016Z,sample_text_3613,532,2025-07-18T05:54:30.723Z,sample_text_8121,46,sample_text_376,f8d9b2f5-6abe-4500-e812-54aa85e6d1f7,sample_text_2465,hybrid,644,sample_text_8748,66.55,sample_text_6866,false,sample_text_1582,sample_text_1042,sample_text_774,sample_text_8181,true,2025-09-15T09:29:24.506Z,2026-03-31T21:58:56.953Z,621e454c-d590-4953-4dc4-27d658cef254
scheduled,87974a54-a38a-48f7-dd18-8f90cfd6fbe3,7086daf9-3111-437e-3beb-ae91b8ea51fb,4ca6797c-e546-4f8b-df90-dbb08907d99e,0e77db3f-7cdc-48b3-e10c-c05d74f5b464,2025-10-10T14:03:29.751Z,sample_text_9020,264,2025-10-18T01:24:56.511Z,sample_text_2638,635,sample_text_9608,74bd910d-f592-4d1d-0e88-4bd9512f610b,sample_text_7013,virtual,524,sample_text_6604,566.56,sample_text_1269,true,sample_text_7598,sample_text_8688,sample_text_777,sample_text_8500,false,2025-12-23T02:55:36.474Z,2026-02-02T04:18:05.167Z,d9edb57f-a55c-4a07-df66-d6f8356c9964
completed,29beff01-0e38-4079-24bf-4773a3f1a48a,36a2bd98-8d6a-422c-04cc-be071c7128f3,c8bf5171-97bd-4a3c-df89-c4059e1474e2,19b0ce65-5cea-46af-9685-0855cb090984,2025-10-27T16:59:38.557Z,sample_text_6471,411,2025-09-25T08:00:58.839Z,sample_text_8507,107,sample_text_5783,760e9861-7716-4fc7-6676-f5213f248cda,sample_text_8679,in_person,508,sample_text_2222,145.91,sample_text_1668,true,sample_text_403,sample_text_5115,sample_text_5749,sample_text_3720,false,2025-10-03T19:15:00.224Z,2026-02-17T15:40:52.679Z,a7fdde05-87ad-4532-1887-2448d13ec652
completed,b263021c-19b7-4138-facc-50d9880968ff,e4ebc728-43de-4dc6-8cfd-0a6e04ab4faf,24557b57-0c13-4c0c-a3e9-39903a1a94a3,974aa30d-547e-4e21-86d6-1f3c34623f7f,2025-07-09T12:14:03.262Z,sample_text_5003,447,2026-02-24T02:39:26.926Z,sample_text_3164,897,sample_text_8512,3bfa1ef4-6a42-4cc6-e6e5-1989f79cca90,sample_text_3281,hybrid,250,sample_text_1115,244.99,sample_text_9526,false,sample_text_4858,sample_text_2057,sample_text_4871,sample_text_4973,false,2025-08-15T02:00:32.223Z,2025-11-15T23:13:02.410Z,cf7e2aea-c07d-4ed1-1fc0-69c3d64d741c
completed,d0eecffb-c4b8-4a7f-df42-54059ff1a892,5b87189e-f2c1-4df6-c8e6-85342cf1a109,2d706e75-fd47-4d6b-cc14-10a1bf804d62,8896db36-2d61-437b-b2c1-dc033ac04606,2025-09-20T11:50:10.976Z,sample_text_2136,918,2026-02-13T02:27:25.994Z,sample_text_2856,309,sample_text_890,f8d9b2f5-6abe-4500-e812-54aa85e6d1f7,sample_text_1616,in_person,673,sample_text_8153,537.07,sample_text_6849,true,sample_text_7840,sample_text_1331,sample_text_6058,sample_text_9350,false,2025-11-25T00:07:20.863Z,2026-02-27T22:53:02.630Z,074f3f9d-1d98-495a-36ce-ea4c10de32e7
cancelled,89b99c44-599c-4d2c-21c2-beef98bdc3d3,0a6828b5-4d55-4c26-d7ba-a1b99663b2fe,343e4691-d779-4742-a9b6-c828fbb55b61,31e6dcd8-7b5b-4c54-b419-66da1259c0d7,2025-07-22T23:30:41.046Z,sample_text_997,249,,sample_text_5423,,sample_text_6467,91481a49-39f6-4c85-9a87-3de01f285177,sample_text_5525,in_person,395,sample_text_8966,,sample_text_4410,true,sample_text_7191,sample_text_4125,sample_text_4844,sample_text_3940,true,2026-04-01T23:53:47.522Z,2026-01-22T19:03:39.125Z,c99158d6-bd93-42cc-6585-6fedbda473c8
completed,15259369-70ca-48a7-32b2-cf4157376630,e5536f1d-70a4-4729-c482-8f7e415dd89b,e536d26c-1212-499f-3401-979cc6978147,83c0f5a4-11a8-4b1f-5064-e6047d878674,2026-01-03T22:37:13.937Z,sample_text_7537,137,2025-11-13T23:11:25.860Z,sample_text_1688,181,sample_text_3866,db60da3b-65f5-43f8-0cf6-3a1af6e416bd,sample_text_1920,in_person,534,sample_text_4299,518.96,sample_text_8286,true,sample_text_1693,sample_text_8699,sample_text_1786,sample_text_4889,false,2026-03-06T01:43:25.180Z,2025-10-03T14:22:13.003Z,e4a45791-4bec-432e-83c4-834772750abf
completed,473e5a84-09ce-4581-7d3f-eec0032fdb7b,e0b5f5e4-afd9-462e-ec04-fb5455b210a3,fe4720c1-f369-4760-b122-6b324f08f3a3,dc5c38cd-11bd-4d48-b540-0659ffe8f55b,2025-08-12T01:22:45.226Z,sample_text_9688,230,2025-05-20T09:13:11.706Z,sample_text_3110,188,sample_text_2613,621e454c-d590-4953-4dc4-27d658cef254,sample_text_6090,in_person,685,sample_text_4148,267.35,sample_text_418,true,sample_text_7370,sample_text_5613,sample_text_1726,sample_text_8446,true,2025-05-09T03:08:04.990Z,2025-09-19T20:45:31.892Z,034eaa7e-6ebe-4134-5494-fbfbc43c72ec
scheduled,9e3da0a5-7e43-4ef9-e8fd-d47f741be1e3,ec1ba003-ffce-4ac3-4d22-9142d9c5f0ee,16c0f045-ad9e-4d23-8922-374a2534b914,60bb9abd-ad4f-43fe-d09e-d416a48001a5,2025-04-12T15:54:03.731Z,sample_text_793,970,2026-03-18T17:36:22.674Z,sample_text_2442,779,sample_text_7049,ea49fb72-2050-42e2-81c3-091e5dbcc276,sample_text_2401,in_person,839,sample_text_2112,590.87,sample_text_5697,false,sample_text_6364,sample_text_6658,sample_text_5829,sample_text_7999,true,2025-08-31T11:04:39.972Z,2026-03-16T20:10:11.919Z,03983122-261d-403c-9284-32860383f137
completed,7c5ec962-7516-4df3-44cc-b6a2667c3b1f,9bc1579d-9568-426b-e472-0da17f977ab5,661bcb95-f84e-4871-e1c4-675bf8171439,440eba09-b8a9-4df2-7ce2-88916df0536d,2025-08-23T16:47:13.035Z,sample_text_4578,527,2025-06-27T02:09:43.534Z,sample_text_6890,993,sample_text_2013,62a9a1d7-9f49-48d7-cd45-e5cf69a2994c,sample_text_9629,virtual,162,sample_text_3990,504.97,sample_text_1668,false,sample_text_246,sample_text_8541,sample_text_8729,sample_text_1326,false,2026-03-01T18:35:28.369Z,2026-04-02T01:21:40.580Z,b941f6ec-4ce0-4310-9221-6be0482727a0
partial,9e02c250-f43c-4fee-a95f-f2040b8177c4,6fb8d879-d8bc-47e9-d75c-868c65e4b80e,59faa8f0-e266-467f-aa62-7fd97008cad7,25984c0e-a7ff-4156-822e-ec2fb55f198a,2026-03-03T11:35:53.651Z,sample_text_1285,996,2025-10-30T03:14:55.510Z,sample_text_5443,133,sample_text_2280,b68d9d85-277a-4f14-1564-cbb9598388f9,sample_text_6015,virtual,306,sample_text_9866,113.74,sample_text_8913,true,sample_text_1890,sample_text_6904,sample_text_5682,sample_text_2104,true,2025-05-28T05:59:38.434Z,2025-09-08T08:00:12.939Z,a7fdde05-87ad-4532-1887-2448d13ec652
completed,0f2826ee-5453-4609-ee28-b6205520371e,6d2954e1-a294-4f4c-a73e-cd9374c16466,5b1b6bbb-ac85-477d-9a11-d480281a4b21,0519f110-4080-47f1-0e4d-53c0e3b18659,2026-02-27T09:21:43.034Z,sample_text_3521,336,2026-03-19T13:14:33.861Z,sample_text_541,117,sample_text_5883,8a0aa082-f148-423d-fd6f-c28d86c0215a,sample_text_8226,virtual,793,sample_text_7945,254.14,sample_text_4723,true,sample_text_1848,sample_text_5688,sample_text_7193,sample_text_1413,false,2025-07-29T09:55:20.733Z,2025-10-08T05:37:59.023Z,234b0627-79ac-4de2-9e5f-3deaab1f438f
completed,0d058125-1632-458f-d4ef-a15765a2a4ed,e5536f1d-70a4-4729-c482-8f7e415dd89b,e536d26c-1212-499f-3401-979cc6978147,824fd656-898c-4a31-aa57-ef6e1d6c346d,2025-06-14T09:59:53.172Z,sample_text_169,830,2026-03-05T15:28:16.992Z,sample_text_7397,492,sample_text_1865,3bfa1ef4-6a42-4cc6-e6e5-1989f79cca90,sample_text_2951,in_person,492,sample_text_5804,354.66,sample_text_3512,false,sample_text_6702,sample_text_8641,sample_text_2989,sample_text_7445,false,2025-05-02T16:04:35.066Z,2025-11-17T18:34:01.618Z,b8378524-c3b6-4652-6983-adbddb7aa9dd
no_show,263928de-0ee8-43ef-0b57-751058d38e94,22a0a6d0-f90a-40bf-5c2c-2c0d989b6a0d,8fcce2e7-79c7-439d-1c00-1a62a46a56f2,d914d5ce-2aec-454b-3d59-d028d03124f6,2025-10-21T12:47:27.763Z,sample_text_9604,675,2026-01-13T04:58:21.116Z,sample_text_8052,225,sample_text_6672,cf7e2aea-c07d-4ed1-1fc0-69c3d64d741c,sample_text_2819,virtual,605,sample_text_1090,697.54,sample_text_3038,true,sample_text_3136,sample_text_8937,sample_text_8808,sample_text_991,false,2025-10-14T14:47:48.117Z,2026-01-28T01:09:57.698Z,1f8bb59a-e0eb-4b2b-fe13-07a0c2675cb8
completed,16dadae1-3bc1-41d0-ee5c-11da6db55a29,cc19aa3d-8df7-4ba6-943a-ebbf9970c3bc,e536d26c-1212-499f-3401-979cc6978147,63b3d997-8d4b-4027-f32c-5ba74efdff76,2025-04-17T21:09:29.180Z,sample_text_7811,127,2025-07-02T20:27:19.133Z,sample_text_8052,834,sample_text_2783,2fd3b0e9-a8a5-42ef-ecf1-96898dccef87,sample_text_3367,virtual,141,sample_text_7698,513.58,sample_text_7833,true,sample_text_9247,sample_text_1495,sample_text_1197,sample_text_9932,false,2025-12-19T09:01:50.368Z,2025-10-03T11:39:25.488Z,54566fd8-2ce9-43f1-d9c4-3262fe0540e9
completed,d284d29c-760a-4a9d-60fc-343dbdbc671b,0a6828b5-4d55-4c26-d7ba-a1b99663b2fe,2d706e75-fd47-4d6b-cc14-10a1bf804d62,942582d6-df90-465e-0a7c-344463dcc5fc,2025-04-30T07:22:32.984Z,sample_text_8267,133,2026-01-31T11:55:38.129Z,sample_text_5100,955,sample_text_2145,9c9bf7cc-e7e9-4ae2-6497-3685d6fe38d9,sample_text_4220,in_person,329,sample_text_6476,221.53,sample_text_7727,true,sample_text_7269,sample_text_3615,sample_text_2045,sample_text_4424,true,2025-07-07T16:57:42.682Z,2025-11-20T15:18:22.631Z,db60da3b-65f5-43f8-0cf6-3a1af6e416bd
completed,1baeaccb-d5d8-4a83-6652-123b09ffef54,56ce6d7a-11a7-4010-eed8-0ac222e7299e,89bd14e2-cf78-45ab-904a-7a7f0f4a4010,f61f2a14-3a64-4170-c4e0-7f394614ec15,2025-09-27T15:27:37.431Z,sample_text_8749,229,2025-05-03T09:31:53.379Z,sample_text_7439,686,sample_text_7437,91481a49-39f6-4c85-9a87-3de01f285177,sample_text_5090,virtual,403,sample_text_825,992.47,sample_text_368,false,sample_text_5552,sample_text_2308,sample_text_9613,sample_text_1082,false,2026-03-20T15:41:27.434Z,2025-08-30T16:14:09.955Z,faab496b-a78d-4496-aa0f-1f0957801a80
completed,3974b89b-f29a-4853-c39d-68fd211b5c5c,02921be7-21ab-4274-eb8c-fd17367ef932,521d1584-627e-495f-893e-82a12f5344be,cfed3b67-1de3-46ea-e76f-c89d08ec289a,2026-03-25T20:50:24.973Z,sample_text_3294,986,2026-04-06T10:17:28.617Z,sample_text_9719,471,sample_text_6875,7d07d517-dedd-404d-c698-f00e2aeb820f,sample_text_6338,in_person,978,sample_text_7490,137.44,sample_text_9303,true,sample_text_6551,sample_text_8482,sample_text_4177,sample_text_8321,true,2025-10-26T22:02:52.844Z,2025-08-07T02:10:36.644Z,e2e59b60-b37d-4442-b14f-f66ec99cab25
scheduled,22b4cbe2-5f78-4189-874b-8d8bf1e724c4,d2bb5682-7c2b-4eb6-8b8c-1743ca39b9ae,c0b731c7-72d6-4cbc-7d82-0603fe27478a,43a0c009-5096-4beb-ceb2-2e90d29fa6d1,2025-09-11T13:11:50.808Z,sample_text_7791,263,2025-09-03T13:10:03.465Z,sample_text_3711,582,sample_text_2727,03983122-261d-403c-9284-32860383f137,sample_text_9776,virtual,225,sample_text_7258,591.58,sample_text_2964,false,sample_text_1795,sample_text_3186,sample_text_3129,sample_text_4023,false,2025-11-08T08:09:13.396Z,2025-10-24T13:06:40.151Z,0a5b5544-8433-485d-8477-4051a66c59da
completed,fff9dfb9-f1b6-4083-8039-b6d03691f790,9fb97d7d-c648-45dd-decd-8fba34ef4c41,2bd4f3bc-df4b-49c7-997f-c11868da495a,4f6d2f72-e04a-4494-a2d8-a7c9330625ec,2026-01-20T05:32:14.176Z,sample_text_9619,748,2025-09-03T11:45:21.880Z,sample_text_7958,927,sample_text_6737,d9edb57f-a55c-4a07-df66-d6f8356c9964,sample_text_1510,in_person,166,sample_text_9733,749.02,sample_text_5596,true,sample_text_6787,sample_text_2995,sample_text_308,sample_text_4754,true,2026-02-22T13:36:43.255Z,2026-01-02T23:25:00.168Z,616cd82a-150d-43e4-e90b-50dd3877886b
completed,55b23206-eb09-4a68-8e77-2c366e49a60a,e3365cd7-81d6-41a6-c786-86fd08bb2298,f0fe80e2-ee98-4631-fd46-bedaa4937130,4361747f-bbcd-4426-e55e-5ac00ba3e695,2025-09-04T20:31:43.688Z,sample_text_3027,521,2025-06-10T06:45:11.278Z,sample_text_7464,23,sample_text_4378,6cd68fef-f7ed-4b57-a09f-e6e7ee2302bd,sample_text_4005,in_person,940,sample_text_5901,477.27,sample_text_4094,true,sample_text_447,sample_text_9745,sample_text_301,sample_text_9704,false,2026-01-08T09:50:13.035Z,2025-08-01T18:14:35.126Z,699866f4-eda9-4222-4727-7702d9d050eb
cancelled,10ff196a-a2e7-4819-d2c6-cca95126dd10,81bdd85f-842c-462f-80f2-77e9a08b68bb,219980cb-3f77-4414-faeb-5f70b1472a36,98dc63d7-8988-4ff8-b7ca-2ab8d1f39352,2025-09-25T23:22:27.945Z,sample_text_6247,664,,sample_text_3674,,sample_text_3564,cf7e2aea-c07d-4ed1-1fc0-69c3d64d741c,sample_text_7868,in_person,702,sample_text_5167,,sample_text_907,true,sample_text_8316,sample_text_8290,sample_text_9988,sample_text_1759,false,2026-02-20T14:45:55.632Z,2026-02-14T22:31:01.415Z,e4b1ae0d-39bf-42a5-dfb9-7a9275ba3f82
completed,19dc2439-1b15-4526-c0a0-7bb38d110c6e,c9e85a3d-88f7-4ead-d63e-86c9e54e124f,1612581f-ee93-42bd-8ca1-106ca3f5fb8d,8e053e88-8c6b-4a2d-0248-e26f6841348e,2025-06-18T07:50:58.800Z,sample_text_9414,82,2025-11-08T18:25:14.653Z,sample_text_8034,147,sample_text_4443,65b719d4-a6d4-4c9f-1165-ea0ebe168811,sample_text_571,virtual,554,sample_text_2670,43.35,sample_text_2196,false,sample_text_9665,sample_text_1967,sample_text_2718,sample_text_3875,false,2026-03-22T04:31:58.140Z,2025-11-16T13:24:04.428Z,a7fdde05-87ad-4532-1887-2448d13ec652
completed,b1d19920-f4c5-4551-ab10-f523ffea1ecd,56ce6d7a-11a7-4010-eed8-0ac222e7299e,219980cb-3f77-4414-faeb-5f70b1472a36,0ba497e7-4a6e-4b40-b8d5-7f23952ad2cd,2025-11-15T15:59:24.388Z,sample_text_3589,134,2025-12-14T07:12:36.970Z,sample_text_8475,646,sample_text_4937,2fd3b0e9-a8a5-42ef-ecf1-96898dccef87,sample_text_2057,in_person,457,sample_text_4789,198.11,sample_text_441,false,sample_text_4190,sample_text_7590,sample_text_5663,sample_text_5509,false,2025-11-24T11:04:23.703Z,2025-05-14T15:20:37.702Z,54566fd8-2ce9-43f1-d9c4-3262fe0540e9
completed,1abb441e-0a35-435d-3e34-fbf7223fc9b1,04f767dc-1a7c-43e8-2019-c5577d3ae052,f3e56a9d-701d-4138-17b4-468168466ac1,8ec11999-7a20-466e-84f7-f134e29d20eb,2026-01-22T13:47:22.187Z,sample_text_4658,783,2025-06-16T08:38:12.323Z,sample_text_7674,625,sample_text_6375,5bbe0d79-fac8-4b07-36d1-5a4ce3a79f5a,sample_text_3936,in_person,61,sample_text_8713,721.55,sample_text_2733,true,sample_text_5903,sample_text_505,sample_text_270,sample_text_2796,true,2025-06-18T07:50:47.128Z,2025-04-15T18:54:35.930Z,addfc86c-41af-41c3-ce53-f3cc7fcccdf6
cancelled,82381f43-671d-45c3-1f58-8789feb317c4,e0b5f5e4-afd9-462e-ec04-fb5455b210a3,76fb7096-3d5c-4180-3013-e7a55c8b02bb,f3bdc0f5-709a-4443-3bcd-690202dcd619,2026-01-25T23:22:05.495Z,sample_text_9535,884,,sample_text_3139,,sample_text_1105,fa8263d2-b6b1-4514-4f07-6307b13d93f7,sample_text_952,virtual,978,sample_text_6681,,sample_text_2871,true,sample_text_3120,sample_text_5148,sample_text_3192,sample_text_8386,true,2025-09-23T13:37:28.960Z,2025-08-18T17:20:22.465Z,8a0aa082-f148-423d-fd6f-c28d86c0215a
cancelled,eb1a107b-eff6-49ad-0407-22dbe53dd2fd,7b01d302-0a70-4c31-f833-da69c718f73d,2d706e75-fd47-4d6b-cc14-10a1bf804d62,ca649c96-10ee-4d76-dcea-e4beca9603df,2025-04-22T12:21:38.915Z,sample_text_2704,280,,sample_text_3492,,sample_text_6737,6cd68fef-f7ed-4b57-a09f-e6e7ee2302bd,sample_text_3813,hybrid,423,sample_text_8514,,sample_text_1952,true,sample_text_4575,sample_text_3875,sample_text_1415,sample_text_595,false,2025-10-16T18:38:51.563Z,2025-04-14T12:45:51.771Z,ade33206-8c00-4f20-4bf1-7781c1eb9609
partial,ac40e99f-6de6-40ce-f42d-df59b8c30f00,a9d01c6e-83df-4c25-d0c3-0543543bbe63,4ca6797c-e546-4f8b-df90-dbb08907d99e,7e33c19d-304d-44cf-6308-c84646b5b9b6,2025-05-07T16:57:31.678Z,sample_text_157,246,2025-08-28T00:07:00.179Z,sample_text_8879,254,sample_text_8530,4b5660c5-6ded-4e88-5938-1722c262ea15,sample_text_9608,hybrid,981,sample_text_8191,942.63,sample_text_4625,false,sample_text_623,sample_text_8832,sample_text_1328,sample_text_324,false,2025-07-17T08:14:36.461Z,2026-03-01T13:07:32.509Z,5b22fa71-538f-4f40-5599-52754e6eb443
completed,6340d758-d0c2-4707-f33d-893be13cb842,0f853a45-92cb-4e08-bb3a-9f894364a97f,615ffcad-04ca-4584-4505-45cbefd50d58,31e6dcd8-7b5b-4c54-b419-66da1259c0d7,2025-10-26T09:42:13.129Z,sample_text_5786,731,2025-12-01T23:47:30.792Z,sample_text_2347,548,sample_text_1855,367ec86b-33cc-4e1c-99be-6d4f3680b591,sample_text_6800,virtual,168,sample_text_2447,736.42,sample_text_7259,true,sample_text_9549,sample_text_1660,sample_text_1599,sample_text_6466,true,2025-10-06T05:51:46.707Z,2025-11-28T00:13:15.199Z,cf7e2aea-c07d-4ed1-1fc0-69c3d64d741c
completed,362406a3-33dd-445d-534e-4eab692a2ec1,ff7b5b59-28e3-4c72-312f-ad72de847623,c41be56c-1b03-4f83-3798-7ff82c84c273,8ec11999-7a20-466e-84f7-f134e29d20eb,2025-05-04T04:12:43.477Z,sample_text_9803,872,2025-06-24T22:01:48.724Z,sample_text_3847,576,sample_text_5365,74bd910d-f592-4d1d-0e88-4bd9512f610b,sample_text_857,hybrid,369,sample_text_1828,581.49,sample_text_7976,true,sample_text_9302,sample_text_5329,sample_text_436,sample_text_7494,true,2025-07-05T18:33:10.018Z,2025-04-20T16:36:44.293Z,9c9bf7cc-e7e9-4ae2-6497-3685d6fe38d9
scheduled,270990f5-fab8-4a43-60d3-0d337b430e5c,3e90a57e-4981-458b-1a9c-b59ffc169491,e394ca10-b5a0-45cc-8730-3524aff8641a,0e77db3f-7cdc-48b3-e10c-c05d74f5b464,2026-03-22T18:32:49.419Z,sample_text_9623,262,2025-08-08T15:16:28.791Z,sample_text_9772,677,sample_text_4417,1f944d7a-c145-4606-b226-ca59addffefd,sample_text_5959,in_person,78,sample_text_8656,780.08,sample_text_7138,false,sample_text_2549,sample_text_3771,sample_text_6617,sample_text_8637,true,2025-08-14T12:51:16.966Z,2025-12-20T01:10:09.540Z,1f8bb59a-e0eb-4b2b-fe13-07a0c2675cb8
completed,7dbcf133-66f5-4190-ea02-640272039498,3e90a57e-4981-458b-1a9c-b59ffc169491,3a19d003-2447-4c77-d435-69866c42a3e8,31e6dcd8-7b5b-4c54-b419-66da1259c0d7,2026-03-14T15:49:59.500Z,sample_text_2987,631,2025-08-05T06:30:26.130Z,sample_text_8645,292,sample_text_6313,02eac898-e03e-4ede-7167-c2b3f40e7d1a,sample_text_737,hybrid,795,sample_text_9788,814.28,sample_text_3562,true,sample_text_7585,sample_text_8189,sample_text_7022,sample_text_7359,true,2026-01-05T14:29:53.501Z,2026-03-05T06:29:39.562Z,7a4c360c-bb74-4deb-f15e-c8b948e7a622
completed,3e14a07f-2bab-4687-3ba0-0c45300e546c,ff7b5b59-28e3-4c72-312f-ad72de847623,eb97341d-2385-4175-9a86-c3256608e18e,60bb9abd-ad4f-43fe-d09e-d416a48001a5,2025-10-05T05:02:30.515Z,sample_text_3818,428,2025-04-16T10:01:44.470Z,sample_text_6234,843,sample_text_2836,2f694710-7063-42cd-b6b6-33ab87581536,sample_text_9989,in_person,271,sample_text_4687,942.54,sample_text_6065,true,sample_text_6594,sample_text_2583,sample_text_4365,sample_text_6013,false,2025-09-28T20:11:16.894Z,2025-04-30T19:08:32.085Z,699866f4-eda9-4222-4727-7702d9d050eb
cancelled,6b3a3d63-cf3b-4009-e528-bce62491dee2,c9e85a3d-88f7-4ead-d63e-86c9e54e124f,e112e16e-d7d4-47de-a1f6-038db1f702ae,83c0f5a4-11a8-4b1f-5064-e6047d878674,2025-06-04T14:47:24.859Z,sample_text_5052,249,,sample_text_8852,,sample_text_6162,5b22fa71-538f-4f40-5599-52754e6eb443,sample_text_6199,in_person,385,sample_text_6674,,sample_text_3947,false,sample_text_5236,sample_text_1266,sample_text_8686,sample_text_3576,false,2026-03-29T18:11:41.273Z,2025-07-14T07:46:00.747Z,760e9861-7716-4fc7-6676-f5213f248cda
completed,2d332566-4163-4f33-62f4-0fbb09934099,d2bb5682-7c2b-4eb6-8b8c-1743ca39b9ae,fecc715c-91cf-4144-4e6d-27d53565cfa5,5ad3d718-54d7-4cd2-1fcf-87aea33287e9,2026-04-08T21:57:24.205Z,sample_text_1053,223,2026-03-03T20:24:07.079Z,sample_text_3612,888,sample_text_5597,234b0627-79ac-4de2-9e5f-3deaab1f438f,sample_text_2591,in_person,641,sample_text_8831,949.11,sample_text_8306,false,sample_text_1893,sample_text_5720,sample_text_5862,sample_text_7626,true,2025-08-21T13:19:49.213Z,2025-05-27T16:37:29.553Z,d1707a15-e071-4bbb-65ff-4dfa7f902567
partial,a42c7cd5-89f5-47b2-3799-0ea524b6d9dd,b99d9240-0c15-492c-bcb5-5dab6f5707ac,f0fe80e2-ee98-4631-fd46-bedaa4937130,2de16969-104d-43a0-bfd9-fe690d9d6eac,2025-11-04T09:44:52.634Z,sample_text_4016,903,2026-03-11T17:08:21.800Z,sample_text_9383,227,sample_text_7113,6601188e-454e-46f8-39d3-12e3a2450d73,sample_text_8014,in_person,994,sample_text_6750,244.03,sample_text_6156,false,sample_text_4097,sample_text_3096,sample_text_9378,sample_text_9342,false,2025-08-28T22:16:13.661Z,2025-07-10T09:27:59.839Z,91481a49-39f6-4c85-9a87-3de01f285177
cancelled,d52f0d10-d20d-48a7-6301-d30e1342183a,e4e629c5-87d4-4ff9-a454-60a9e53957d8,b9a92613-a49f-49ac-02ac-12389b77c55c,cfed3b67-1de3-46ea-e76f-c89d08ec289a,2025-06-02T06:59:00.903Z,sample_text_8050,40,,sample_text_5392,,sample_text_4187,c99158d6-bd93-42cc-6585-6fedbda473c8,sample_text_1755,hybrid,713,sample_text_7709,,sample_text_500,false,sample_text_202,sample_text_8233,sample_text_2713,sample_text_4598,false,2025-07-26T13:31:45.764Z,2026-04-09T19:20:10.158Z,7eb2d58e-90b4-4cb6-235b-f52575ca8c43
scheduled,7e063c22-edea-4f76-87b8-bee33459ac4d,35da515d-35a2-4861-590b-fb685b51a2fd,8fcce2e7-79c7-439d-1c00-1a62a46a56f2,0ba497e7-4a6e-4b40-b8d5-7f23952ad2cd,2025-11-27T23:13:59.708Z,sample_text_5705,271,2025-08-16T08:42:17.587Z,sample_text_8276,558,sample_text_4546,e2e59b60-b37d-4442-b14f-f66ec99cab25,sample_text_4168,in_person,691,sample_text_5755,712.84,sample_text_5654,true,sample_text_2473,sample_text_2047,sample_text_9000,sample_text_2435,true,2025-09-28T13:31:58.324Z,2025-10-31T00:14:08.972Z,4983674c-e15e-4015-0eb3-50b01d7810f8
scheduled,a8f2b03a-b19b-45da-665e-d4ecbd21fc26,02921be7-21ab-4274-eb8c-fd17367ef932,4ca6797c-e546-4f8b-df90-dbb08907d99e,74996144-2438-4454-03fb-d777b4c9db8b,2025-04-27T20:50:55.783Z,sample_text_2705,339,2025-08-21T13:41:03.503Z,sample_text_3390,573,sample_text_8912,074f3f9d-1d98-495a-36ce-ea4c10de32e7,sample_text_9538,in_person,648,sample_text_4000,361.48,sample_text_2580,false,sample_text_6592,sample_text_8400,sample_text_7103,sample_text_5021,true,2025-06-21T06:24:07.876Z,2025-09-30T15:43:45.661Z,699866f4-eda9-4222-4727-7702d9d050eb
partial,2023d6ff-d587-41f8-0d70-ed2ed6546c7e,a70b1f5f-95d9-4a6b-0910-a715243975f7,7d85b267-ac94-499b-94c1-eff3632a4d8b,dc5c38cd-11bd-4d48-b540-0659ffe8f55b,2026-01-29T23:30:45.079Z,sample_text_9550,364,2025-09-21T03:32:37.683Z,sample_text_4730,253,sample_text_8886,616cd82a-150d-43e4-e90b-50dd3877886b,sample_text_7599,in_person,121,sample_text_8559,880.04,sample_text_6485,false,sample_text_2010,sample_text_494,sample_text_5736,sample_text_4428,false,2025-10-24T23:27:35.974Z,2025-07-27T18:29:38.863Z,3bfa1ef4-6a42-4cc6-e6e5-1989f79cca90
cancelled,86e48752-d4ba-4560-6e95-9c69f0fa22e1,a70b1f5f-95d9-4a6b-0910-a715243975f7,e536d26c-1212-499f-3401-979cc6978147,4f78a299-95cc-4ebc-45f5-de09ee40e0da,2025-11-16T20:10:42.700Z,sample_text_3997,394,,sample_text_5367,,sample_text_5925,b19a9a30-5bc1-42f9-ac14-0842a27abbe0,sample_text_3315,in_person,434,sample_text_9065,,sample_text_4307,false,sample_text_8421,sample_text_7489,sample_text_7850,sample_text_5967,true,2025-09-18T12:12:10.928Z,2026-02-03T19:25:54.801Z,d9edb57f-a55c-4a07-df66-d6f8356c9964
cancelled,ebf82a43-817f-4ae2-f8b0-56a2a42d5733,35da515d-35a2-4861-590b-fb685b51a2fd,314cdd92-266e-488d-cf88-6e18f6db8ca6,a9f9f807-e129-4f29-9091-c45f8770da1a,2026-03-23T20:16:09.717Z,sample_text_3400,229,,sample_text_6447,,sample_text_8757,616cd82a-150d-43e4-e90b-50dd3877886b,sample_text_9591,in_person,844,sample_text_9670,,sample_text_5769,true,sample_text_4522,sample_text_2166,sample_text_9352,sample_text_1376,true,2025-06-12T02:36:47.896Z,2026-03-14T05:01:06.094Z,65b719d4-a6d4-4c9f-1165-ea0ebe168811
completed,ddd6fc84-2750-4a03-466f-ba3d1d728bb0,f2392f7d-a5b0-4fcc-13a3-f5b494facaed,b9a92613-a49f-49ac-02ac-12389b77c55c,f61f2a14-3a64-4170-c4e0-7f394614ec15,2026-03-25T00:00:24.261Z,sample_text_7523,283,2025-06-18T05:42:12.616Z,sample_text_5167,252,sample_text_9978,01576ed3-e96e-415a-7c79-d2b4e79c9251,sample_text_4603,virtual,896,sample_text_5832,521.41,sample_text_9063,true,sample_text_8445,sample_text_4580,sample_text_8175,sample_text_4674,true,2025-08-12T03:20:52.980Z,2025-08-12T00:28:43.548Z,cf7e2aea-c07d-4ed1-1fc0-69c3d64d741c
cancelled,777f887b-a769-4b42-a55c-549d21037daf,3e90a57e-4981-458b-1a9c-b59ffc169491,b1160aa4-615e-46be-c33f-53b664f1618f,8a50d483-aa92-4384-4deb-3d5c6bf0f0f7,2026-01-19T15:00:40.290Z,sample_text_8608,439,,sample_text_6788,,sample_text_5299,7eb2d58e-90b4-4cb6-235b-f52575ca8c43,sample_text_1251,hybrid,40,sample_text_6006,,sample_text_3352,false,sample_text_2988,sample_text_9814,sample_text_3576,sample_text_6198,true,2025-06-23T05:48:55.131Z,2026-03-09T16:48:45.789Z,1f944d7a-c145-4606-b226-ca59addffefd
cancelled,4b0e2015-cbe3-4ace-6b80-4656a80cbba7,cc19aa3d-8df7-4ba6-943a-ebbf9970c3bc,8fcce2e7-79c7-439d-1c00-1a62a46a56f2,8e053e88-8c6b-4a2d-0248-e26f6841348e,2025-10-17T10:42:36.695Z,sample_text_8732,766,,sample_text_4776,,sample_text_3137,6cd68fef-f7ed-4b57-a09f-e6e7ee2302bd,sample_text_8659,in_person,835,sample_text_2010,,sample_text_8516,false,sample_text_7450,sample_text_694,sample_text_9854,sample_text_4213,false,2026-02-24T11:36:12.783Z,2025-08-17T16:34:10.179Z,9b6a74d9-b351-48c9-fd99-3ea43ff586df
cancelled,0c82d206-8a43-4669-34fb-385010f7795a,0a9e3ade-a1f9-402f-d989-08906f23513d,c8bf5171-97bd-4a3c-df89-c4059e1474e2,25984c0e-a7ff-4156-822e-ec2fb55f198a,2025-09-29T01:11:35.416Z,sample_text_5563,749,,sample_text_773,,sample_text_5775,3bfa1ef4-6a42-4cc6-e6e5-1989f79cca90,sample_text_697,hybrid,156,sample_text_1354,,sample_text_4908,false,sample_text_6276,sample_text_4414,sample_text_5390,sample_text_7542,false,2025-08-15T00:20:16.428Z,2025-10-20T04:01:28.584Z,9b6a74d9-b351-48c9-fd99-3ea43ff586df
cancelled,1bebefae-e749-4bd7-e5c1-b8f80c1fac96,aafbdce4-b166-4344-e700-6fcd4aaa8f29,73370ee3-24e1-494c-b530-e79710873eeb,0e77db3f-7cdc-48b3-e10c-c05d74f5b464,2025-05-14T07:04:16.602Z,sample_text_8178,497,,sample_text_1239,,sample_text_4463,fa8263d2-b6b1-4514-4f07-6307b13d93f7,sample_text_9918,in_person,821,sample_text_1443,,sample_text_7742,false,sample_text_1089,sample_text_3849,sample_text_5371,sample_text_9740,true,2026-02-21T16:37:05.479Z,2025-09-09T21:18:13.169Z,f1f1b656-b2d4-47c0-837f-3221be4d02cd
completed,36fcf253-d215-4706-aa6a-19fcb0a3434c,1c838e84-c20a-4ba3-eb30-b5b3f01c4156,73370ee3-24e1-494c-b530-e79710873eeb,cd416869-1efc-4398-0a2a-903b79ed2d98,2026-03-17T15:52:14.868Z,sample_text_5843,42,2026-01-22T06:55:40.016Z,sample_text_6,896,sample_text_9761,f1f1b656-b2d4-47c0-837f-3221be4d02cd,sample_text_7878,in_person,980,sample_text_2543,65.21,sample_text_6884,true,sample_text_4432,sample_text_2143,sample_text_8078,sample_text_5266,false,2026-03-19T07:26:45.991Z,2026-01-09T07:47:54.513Z,52f0edcc-bfb7-4f33-ad2e-fd54c484c769
scheduled,8645f51d-68d7-4c50-2ac3-e17ab53aa2d1,b99d9240-0c15-492c-bcb5-5dab6f5707ac,c41be56c-1b03-4f83-3798-7ff82c84c273,72ea06ea-6647-4b34-faa9-4b6acc59b996,2025-11-30T21:16:20.892Z,sample_text_7674,970,2025-09-19T20:19:21.331Z,sample_text_4819,970,sample_text_4327,034eaa7e-6ebe-4134-5494-fbfbc43c72ec,sample_text_5786,in_person,977,sample_text_3202,758.11,sample_text_8433,false,sample_text_9308,sample_text_4404,sample_text_5111,sample_text_5442,false,2025-11-06T02:56:02.170Z,2025-07-29T05:55:57.443Z,3bfa1ef4-6a42-4cc6-e6e5-1989f79cca90
partial,57b3a9f3-8ec6-4b5e-3f3a-e78b8729bc8b,a9d01c6e-83df-4c25-d0c3-0543543bbe63,13f8f388-7de1-4383-f922-a0d8a397e76c,2d6bfb42-752b-4b9d-3444-de223d3aae60,2026-02-17T01:52:37.922Z,sample_text_9360,889,2025-06-26T04:26:18.738Z,sample_text_931,543,sample_text_6417,cf7e2aea-c07d-4ed1-1fc0-69c3d64d741c,sample_text_2600,in_person,644,sample_text_5587,342.13,sample_text_3061,false,sample_text_3055,sample_text_782,sample_text_3488,sample_text_8955,true,2025-12-05T21:46:22.623Z,2025-08-17T20:28:06.799Z,db60da3b-65f5-43f8-0cf6-3a1af6e416bd
completed,82ed2fed-ad43-41d3-c2fd-1c8883dd1005,4eb401f1-2970-4058-6e97-a97a6fb8e8b7,b017f20d-2b75-45dd-64d2-722f145a78d0,7e33c19d-304d-44cf-6308-c84646b5b9b6,2025-12-31T19:34:23.638Z,sample_text_3552,310,2026-03-07T17:43:32.616Z,sample_text_3205,678,sample_text_9178,7275a4a2-65a3-47ed-3d1e-7026f453021d,sample_text_3183,in_person,748,sample_text_4522,213.09,sample_text_5315,false,sample_text_4219,sample_text_9637,sample_text_8908,sample_text_1908,true,2025-07-18T03:52:57.687Z,2026-02-27T13:31:22.863Z,7eb2d58e-90b4-4cb6-235b-f52575ca8c43
completed,d99c06fc-7d83-4f97-be12-27dc2709a677,92cf908b-38ac-4b5d-0803-1a8f60b5c6b9,5b1b6bbb-ac85-477d-9a11-d480281a4b21,cfed3b67-1de3-46ea-e76f-c89d08ec289a,2025-07-15T03:02:10.921Z,sample_text_6142,337,2025-06-30T13:39:44.689Z,sample_text_9522,261,sample_text_3193,9eaa373f-8df1-4b6c-b2c9-c62b6f3363fe,sample_text_8969,in_person,235,sample_text_4322,472.35,sample_text_7323,true,sample_text_5022,sample_text_7233,sample_text_5753,sample_text_3854,false,2025-08-25T04:24:39.457Z,2025-07-18T15:35:39.655Z,1f8bb59a-e0eb-4b2b-fe13-07a0c2675cb8
completed,afdba1e5-4ee8-4153-e302-8996ba372a02,36a2bd98-8d6a-422c-04cc-be071c7128f3,f0fe80e2-ee98-4631-fd46-bedaa4937130,12c936b7-76a2-4244-3342-f64b193771af,2025-04-26T07:12:37.508Z,sample_text_3813,374,2025-08-25T05:41:52.169Z,sample_text_8912,915,sample_text_8842,13815186-454f-4056-c0e4-2d163f76617d,sample_text_4550,hybrid,283,sample_text_7705,691.74,sample_text_3351,true,sample_text_5556,sample_text_5376,sample_text_7265,sample_text_7379,false,2025-10-31T10:06:17.520Z,2025-07-13T20:17:51.559Z,62a9a1d7-9f49-48d7-cd45-e5cf69a2994c
partial,a54cd331-15c2-44a7-fe28-347645826df8,4298b1e0-3106-4cb3-2217-06e177b7279a,fecc715c-91cf-4144-4e6d-27d53565cfa5,7e33c19d-304d-44cf-6308-c84646b5b9b6,2025-09-11T08:44:58.203Z,sample_text_5628,550,2025-12-11T12:28:18.033Z,sample_text_6261,437,sample_text_6742,074f3f9d-1d98-495a-36ce-ea4c10de32e7,sample_text_319,in_person,626,sample_text_7162,389.97,sample_text_3620,false,sample_text_9921,sample_text_5960,sample_text_7143,sample_text_8040,false,2026-03-23T19:56:57.932Z,2025-11-22T03:13:25.185Z,54566fd8-2ce9-43f1-d9c4-3262fe0540e9
completed,3122a478-b1f3-4c1f-db12-302c015cc36a,ddaebb0c-208f-4c1d-99d6-3c94ad714d88,f3e56a9d-701d-4138-17b4-468168466ac1,4b7cf6ad-bee5-43d3-4470-e6643cf6983e,2025-10-19T15:18:44.324Z,sample_text_9154,552,2025-06-04T17:45:06.260Z,sample_text_5479,146,sample_text_5872,034eaa7e-6ebe-4134-5494-fbfbc43c72ec,sample_text_8750,virtual,30,sample_text_2255,679.78,sample_text_9453,true,sample_text_5600,sample_text_7246,sample_text_3908,sample_text_2014,true,2025-11-15T10:02:46.287Z,2025-12-11T01:48:20.871Z,ea49fb72-2050-42e2-81c3-091e5dbcc276
completed,61c139a1-4bd4-4adc-dc19-0bda319e90b6,5650edea-48a1-43b0-e4d1-f31c189db61d,aed83b90-feeb-480d-e57c-176768104c81,cfed3b67-1de3-46ea-e76f-c89d08ec289a,2025-11-01T12:03:36.567Z,sample_text_4890,230,2025-11-26T11:45:47.326Z,sample_text_8306,984,sample_text_9508,b19a9a30-5bc1-42f9-ac14-0842a27abbe0,sample_text_4109,in_person,679,sample_text_2365,681.5,sample_text_1335,false,sample_text_1595,sample_text_3157,sample_text_2956,sample_text_6663,false,2025-06-07T03:21:26.233Z,2026-02-12T06:00:56.017Z,cf7e2aea-c07d-4ed1-1fc0-69c3d64d741c
completed,ec58fcde-b455-4abe-b374-754a800785c7,354a8aed-8ff3-48d7-00fd-76a6427a85cc,469af544-bb26-4d4c-4b28-ab15c4812991,12c936b7-76a2-4244-3342-f64b193771af,2026-03-16T04:40:43.350Z,sample_text_9846,210,2026-02-27T03:10:49.120Z,sample_text_2263,276,sample_text_4510,616cd82a-150d-43e4-e90b-50dd3877886b,sample_text_7744,in_person,782,sample_text_7866,935.44,sample_text_702,false,sample_text_8354,sample_text_9993,sample_text_2027,sample_text_1119,false,2025-07-24T00:02:13.437Z,2025-12-15T00:46:05.243Z,5bbe0d79-fac8-4b07-36d1-5a4ce3a79f5a
completed,42bb77d8-4db6-4cb2-03df-579c9ad7aa21,0f853a45-92cb-4e08-bb3a-9f894364a97f,521d1584-627e-495f-893e-82a12f5344be,5354d00b-34f0-4a88-58d4-8decde6ce2ee,2025-06-26T14:47:44.203Z,sample_text_8630,824,2025-09-20T12:00:05.466Z,sample_text_4106,895,sample_text_1607,9c9bf7cc-e7e9-4ae2-6497-3685d6fe38d9,sample_text_730,hybrid,601,sample_text_69,674.68,sample_text_1810,false,sample_text_6890,sample_text_8315,sample_text_9901,sample_text_901,true,2026-03-25T09:42:59.294Z,2025-07-28T11:26:09.783Z,e2e59b60-b37d-4442-b14f-f66ec99cab25
scheduled,9144e674-345c-42b6-4c91-e4135374b596,0fe15401-d8c6-475b-c190-0d88ceee9427,e394ca10-b5a0-45cc-8730-3524aff8641a,f61f2a14-3a64-4170-c4e0-7f394614ec15,2025-06-17T10:08:45.189Z,sample_text_9968,357,2025-12-04T02:26:46.855Z,sample_text_5578,933,sample_text_5065,2fd3b0e9-a8a5-42ef-ecf1-96898dccef87,sample_text_1574,in_person,723,sample_text_2430,76.98,sample_text_1487,true,sample_text_2456,sample_text_4754,sample_text_8295,sample_text_9528,true,2025-10-06T19:52:00.341Z,2025-05-24T15:50:34.610Z,5bbe0d79-fac8-4b07-36d1-5a4ce3a79f5a
completed,7a9d7cc5-b2cf-43d5-780e-5f613acf8848,2816ccd1-fce4-4fb5-0fbb-dfb23ed54240,fecc715c-91cf-4144-4e6d-27d53565cfa5,4459d0bc-ac12-45e0-2241-37b73184e150,2025-05-19T13:57:37.320Z,sample_text_709,704,2026-01-17T13:56:18.583Z,sample_text_4707,510,sample_text_4270,c6fb6b4b-9efd-4a20-fd85-28ef5167ab5d,sample_text_2408,in_person,374,sample_text_5632,484.66,sample_text_2571,false,sample_text_1778,sample_text_1932,sample_text_1754,sample_text_6327,false,2025-06-18T00:19:40.418Z,2025-07-14T19:37:35.244Z,8ac01f7d-9c30-4771-a900-d8fc5dd68b28
completed,cfbb282d-f165-407b-7b1f-f3d41f89b619,6e60c3c1-79e3-49f2-3701-c8f0fce81cb1,13f8f388-7de1-4383-f922-a0d8a397e76c,a9f9f807-e129-4f29-9091-c45f8770da1a,2026-02-21T03:06:49.018Z,sample_text_1859,104,2025-10-28T00:02:13.132Z,sample_text_6756,510,sample_text_5691,b68d9d85-277a-4f14-1564-cbb9598388f9,sample_text_3534,in_person,220,sample_text_1954,207.1,sample_text_4729,true,sample_text_2759,sample_text_2357,sample_text_1011,sample_text_2345,false,2025-07-31T12:55:53.770Z,2025-07-14T10:35:54.496Z,7eb2d58e-90b4-4cb6-235b-f52575ca8c43
completed,c1e1884f-be4d-48b7-7b1b-b3dc9ff44835,7cd8bff5-4341-4461-ae03-af249bc974f9,f56bd850-ae1d-4c12-1f67-ecd289df1620,b913d05c-d452-4b8d-58bc-5af42ecc92ad,2025-10-08T04:15:11.381Z,sample_text_4888,488,2025-06-12T00:30:53.888Z,sample_text_9029,247,sample_text_433,ade33206-8c00-4f20-4bf1-7781c1eb9609,sample_text_2529,in_person,673,sample_text_1157,388.38,sample_text_2003,false,sample_text_9242,sample_text_6533,sample_text_912,sample_text_8160,false,2026-03-26T22:32:00.441Z,2026-01-01T20:30:51.280Z,5b22fa71-538f-4f40-5599-52754e6eb443
completed,411f04f1-5fc5-43dd-b0a8-707a6ca83bb0,8f80124e-7fab-4583-99a9-6b1f15ac293c,24557b57-0c13-4c0c-a3e9-39903a1a94a3,ef30f378-ae06-4200-e466-b63a46dd4365,2026-01-19T02:35:20.670Z,sample_text_1078,35,2025-12-09T21:42:07.206Z,sample_text_2268,268,sample_text_8711,72571b3c-f6ea-4a2a-2118-2d3a77def4dd,sample_text_674,in_person,791,sample_text_2739,171.9,sample_text_7100,true,sample_text_2605,sample_text_7799,sample_text_604,sample_text_9996,true,2026-01-07T11:30:09.474Z,2025-05-21T23:08:49.146Z,cb8fa579-1a0f-4b56-d0df-17115e069361
partial,39c58263-05e9-46c4-bcd0-c10d61caf488,e0b5f5e4-afd9-462e-ec04-fb5455b210a3,fecc715c-91cf-4144-4e6d-27d53565cfa5,2d6bfb42-752b-4b9d-3444-de223d3aae60,2025-12-15T17:52:08.004Z,sample_text_1014,95,2025-11-02T01:40:21.734Z,sample_text_3440,100,sample_text_7562,367ec86b-33cc-4e1c-99be-6d4f3680b591,sample_text_6659,virtual,545,sample_text_8676,111.42,sample_text_221,true,sample_text_1987,sample_text_8549,sample_text_1727,sample_text_7792,true,2026-01-01T03:38:24.093Z,2025-09-17T18:06:29.930Z,1f944d7a-c145-4606-b226-ca59addffefd
partial,6e94a626-92c3-4612-5ee7-d17957555a9e,ddaebb0c-208f-4c1d-99d6-3c94ad714d88,837a9baf-7fed-4fe4-630e-eeaf60164bcb,440eba09-b8a9-4df2-7ce2-88916df0536d,2026-02-23T12:17:32.405Z,sample_text_6836,243,2025-08-04T18:22:40.953Z,sample_text_9468,736,sample_text_8184,03983122-261d-403c-9284-32860383f137,sample_text_7553,in_person,870,sample_text_361,707.64,sample_text_5541,true,sample_text_289,sample_text_1691,sample_text_327,sample_text_4593,false,2025-06-21T19:08:58.060Z,2025-04-28T05:02:24.381Z,d1707a15-e071-4bbb-65ff-4dfa7f902567
partial,e022a87d-9ffa-4191-2825-1506fa4fb02e,e5536f1d-70a4-4729-c482-8f7e415dd89b,3a19d003-2447-4c77-d435-69866c42a3e8,19b0ce65-5cea-46af-9685-0855cb090984,2025-06-03T07:15:14.892Z,sample_text_6576,704,2026-03-04T02:44:19.853Z,sample_text_9074,913,sample_text_2839,8a0aa082-f148-423d-fd6f-c28d86c0215a,sample_text_2932,virtual,978,sample_text_8660,741.36,sample_text_4974,true,sample_text_869,sample_text_7263,sample_text_1993,sample_text_6547,true,2026-02-09T22:09:02.336Z,2025-09-30T09:01:51.300Z,0a5b5544-8433-485d-8477-4051a66c59da
partial,c549e8a3-7755-4bc8-c5ac-b575e43ba7e1,b99d9240-0c15-492c-bcb5-5dab6f5707ac,4fab3abf-dd8f-4d4b-ef39-52d4314418ca,25984c0e-a7ff-4156-822e-ec2fb55f198a,2025-11-12T06:15:59.521Z,sample_text_8429,685,2025-04-17T18:58:38.404Z,sample_text_3586,675,sample_text_6798,e4a45791-4bec-432e-83c4-834772750abf,sample_text_5321,in_person,805,sample_text_2822,450.25,sample_text_4470,false,sample_text_5062,sample_text_8698,sample_text_5020,sample_text_2216,true,2026-03-15T16:09:16.587Z,2025-04-23T23:49:48.944Z,ea49fb72-2050-42e2-81c3-091e5dbcc276
completed,d73fcfc8-938e-432b-da87-2ea466605a17,ff7b5b59-28e3-4c72-312f-ad72de847623,89bd14e2-cf78-45ab-904a-7a7f0f4a4010,9a9475d1-a832-46dc-d803-59feef06073e,2025-10-02T11:17:39.611Z,sample_text_2181,175,2026-02-14T04:53:33.752Z,sample_text_8724,680,sample_text_5194,d1707a15-e071-4bbb-65ff-4dfa7f902567,sample_text_9760,in_person,484,sample_text_5799,264.68,sample_text_785,true,sample_text_7119,sample_text_3383,sample_text_4538,sample_text_8327,true,2025-09-13T23:44:40.572Z,2026-02-20T15:22:15.530Z,5b22fa71-538f-4f40-5599-52754e6eb443
scheduled,400503f1-f54c-4738-3cc1-6ce269bfe189,9fb97d7d-c648-45dd-decd-8fba34ef4c41,b1160aa4-615e-46be-c33f-53b664f1618f,b913d05c-d452-4b8d-58bc-5af42ecc92ad,2026-01-18T10:01:05.803Z,sample_text_6464,23,2025-06-09T01:10:51.726Z,sample_text_3166,197,sample_text_3972,2fd3b0e9-a8a5-42ef-ecf1-96898dccef87,sample_text_7493,in_person,117,sample_text_3524,918.97,sample_text_3373,false,sample_text_2757,sample_text_9484,sample_text_9970,sample_text_5327,false,2025-08-22T03:06:43.818Z,2025-07-17T17:53:32.293Z,5b22fa71-538f-4f40-5599-52754e6eb443
completed,882565a3-8ac5-4d72-ee34-c7214664e1a2,6fb8d879-d8bc-47e9-d75c-868c65e4b80e,b017f20d-2b75-45dd-64d2-722f145a78d0,7e33c19d-304d-44cf-6308-c84646b5b9b6,2025-08-31T18:53:46.552Z,sample_text_2829,659,2025-08-22T01:00:24.346Z,sample_text_1225,144,sample_text_1425,1f944d7a-c145-4606-b226-ca59addffefd,sample_text_1901,virtual,523,sample_text_4402,857.12,sample_text_8322,false,sample_text_5304,sample_text_4421,sample_text_1577,sample_text_8796,true,2025-06-13T15:51:28.932Z,2026-03-26T07:40:30.811Z,8a0aa082-f148-423d-fd6f-c28d86c0215a
completed,40e37643-4c62-4b1b-76eb-b9ddaaf9bedf,a9d01c6e-83df-4c25-d0c3-0543543bbe63,1eca3985-996e-497f-4644-294968d742b8,19b0ce65-5cea-46af-9685-0855cb090984,2025-07-26T09:47:03.921Z,sample_text_576,471,2026-03-26T21:47:13.968Z,sample_text_4521,619,sample_text_7746,cf7e2aea-c07d-4ed1-1fc0-69c3d64d741c,sample_text_725,in_person,836,sample_text_3473,869.24,sample_text_5379,true,sample_text_9781,sample_text_3376,sample_text_4176,sample_text_7556,true,2025-09-02T17:10:34.489Z,2025-07-10T12:33:20.468Z,65b719d4-a6d4-4c9f-1165-ea0ebe168811
completed,87af8580-9232-4368-054e-579ab13f57e4,4eb401f1-2970-4058-6e97-a97a6fb8e8b7,a41d4030-6171-4181-a953-5d0104c592fd,dc5c38cd-11bd-4d48-b540-0659ffe8f55b,2026-04-04T17:12:37.500Z,sample_text_3101,14,2025-12-08T06:10:08.813Z,sample_text_9944,500,sample_text_5338,9b6a74d9-b351-48c9-fd99-3ea43ff586df,sample_text_9731,in_person,932,sample_text_2722,668.71,sample_text_7861,false,sample_text_3501,sample_text_4442,sample_text_584,sample_text_7663,true,2025-11-16T21:09:21.472Z,2025-04-16T14:04:30.339Z,d1707a15-e071-4bbb-65ff-4dfa7f902567
completed,b47ed136-38ca-4d10-df9e-106ce73dff23,a27d74e2-2d9c-4728-84c3-cf4dbccaa5ee,e112e16e-d7d4-47de-a1f6-038db1f702ae,26241fc8-1326-4f27-2a84-eb284a0bd4ba,2025-10-30T14:02:05.610Z,sample_text_9386,256,2025-10-20T15:49:51.466Z,sample_text_8765,691,sample_text_4098,b8378524-c3b6-4652-6983-adbddb7aa9dd,sample_text_5253,virtual,404,sample_text_7205,438.66,sample_text_5686,true,sample_text_1954,sample_text_9748,sample_text_556,sample_text_8076,false,2026-01-24T04:49:39.398Z,2025-12-21T14:07:59.560Z,7275a4a2-65a3-47ed-3d1e-7026f453021d
partial,e320ff65-55e8-407e-75f7-dc675408688c,093f659d-b7ea-45cd-f8d9-33ac23698fa0,b017f20d-2b75-45dd-64d2-722f145a78d0,83c0f5a4-11a8-4b1f-5064-e6047d878674,2025-09-04T22:09:39.149Z,sample_text_4470,159,2025-05-28T12:20:08.704Z,sample_text_6252,186,sample_text_9800,54566fd8-2ce9-43f1-d9c4-3262fe0540e9,sample_text_3271,in_person,550,sample_text_1369,460.33,sample_text_1381,true,sample_text_9986,sample_text_5895,sample_text_3603,sample_text_4599,false,2026-01-11T20:37:46.661Z,2025-11-01T06:20:25.644Z,af45888d-3cda-415b-1d81-91022a417bde
completed,08e19c5d-7fff-4da4-fa11-4e451f8c2d8d,56ce6d7a-11a7-4010-eed8-0ac222e7299e,eb97341d-2385-4175-9a86-c3256608e18e,5354d00b-34f0-4a88-58d4-8decde6ce2ee,2026-01-24T02:23:51.924Z,sample_text_4257,184,2025-09-24T14:19:51.761Z,sample_text_8141,799,sample_text_4982,b19a9a30-5bc1-42f9-ac14-0842a27abbe0,sample_text_5533,virtual,104,sample_text_9272,45.62,sample_text_2190,false,sample_text_568,sample_text_6366,sample_text_9063,sample_text_4497,false,2025-07-06T06:10:57.734Z,2025-08-12T18:02:18.721Z,f1f1b656-b2d4-47c0-837f-3221be4d02cd
cancelled,bbe8896f-f460-4d6a-2dab-25e40c1b8af5,92cf908b-38ac-4b5d-0803-1a8f60b5c6b9,7d85b267-ac94-499b-94c1-eff3632a4d8b,cd416869-1efc-4398-0a2a-903b79ed2d98,2026-02-22T11:35:29.188Z,sample_text_4670,725,,sample_text_5756,,sample_text_3704,3bfa1ef4-6a42-4cc6-e6e5-1989f79cca90,sample_text_4470,in_person,15,sample_text_2754,,sample_text_3830,false,sample_text_2628,sample_text_5265,sample_text_4287,sample_text_8514,true,2025-04-19T03:40:13.331Z,2025-08-15T23:16:05.850Z,db60da3b-65f5-43f8-0cf6-3a1af6e416bd
completed,e5f20720-e08f-49cf-c645-757c0f527def,31fb5354-049b-46e1-41fa-bbca63b07359,c0b731c7-72d6-4cbc-7d82-0603fe27478a,4ca4247e-c61f-4837-bf77-9c36a300d1a6,2025-06-10T10:36:01.075Z,sample_text_1107,644,2025-08-11T02:21:00.985Z,sample_text_3479,954,sample_text_5861,d9edb57f-a55c-4a07-df66-d6f8356c9964,sample_text_9228,hybrid,659,sample_text_2944,67.93,sample_text_6035,true,sample_text_1327,sample_text_5714,sample_text_3600,sample_text_2105,true,2026-03-20T11:14:03.643Z,2025-04-21T14:32:26.225Z,9b6a74d9-b351-48c9-fd99-3ea43ff586df
cancelled,dae2bd17-3124-4e9b-a345-5d366e651a17,6f646e24-7167-4f14-1525-7476ae2c26ef,94519cc1-bdc7-4549-769e-8964efcea7c6,60bb9abd-ad4f-43fe-d09e-d416a48001a5,2025-08-31T11:12:30.933Z,sample_text_2564,441,,sample_text_7371,,sample_text_3983,d1707a15-e071-4bbb-65ff-4dfa7f902567,sample_text_2045,in_person,661,sample_text_597,,sample_text_7531,true,sample_text_4618,sample_text_9471,sample_text_9388,sample_text_2125,false,2025-06-14T00:42:14.085Z,2025-10-01T09:57:57.578Z,59b39d5f-196d-4a89-1b1d-30029759628a
completed,87416d9b-e108-4056-5f0d-dce434ab9b06,01063723-1de5-41a1-e5d1-0089f90f19b6,314cdd92-266e-488d-cf88-6e18f6db8ca6,a37257b2-9391-4433-6110-687c09f379ec,2025-08-12T02:15:28.406Z,sample_text_9775,531,2025-12-11T19:01:54.973Z,sample_text_702,971,sample_text_4809,9b6a74d9-b351-48c9-fd99-3ea43ff586df,sample_text_7978,in_person,129,sample_text_3070,773.22,sample_text_6443,true,sample_text_1154,sample_text_7959,sample_text_5524,sample_text_7728,true,2025-06-23T23:08:57.263Z,2025-05-06T08:21:30.545Z,5bbe0d79-fac8-4b07-36d1-5a4ce3a79f5a
cancelled,b4780d20-c18c-4b89-9078-64847edf5d26,92cf908b-38ac-4b5d-0803-1a8f60b5c6b9,1c4d8e9f-05af-4567-fc15-60738335dd73,8ec11999-7a20-466e-84f7-f134e29d20eb,2026-01-24T01:20:42.860Z,sample_text_547,478,,sample_text_7885,,sample_text_8609,234b0627-79ac-4de2-9e5f-3deaab1f438f,sample_text_6619,virtual,33,sample_text_251,,sample_text_1914,true,sample_text_9995,sample_text_2189,sample_text_6408,sample_text_5491,false,2025-12-10T04:20:24.274Z,2026-01-24T12:57:47.678Z,f8d9b2f5-6abe-4500-e812-54aa85e6d1f7
completed,39bad812-13f9-422c-3d2e-089bfdf795c2,53916321-ba31-43c5-4662-702e1f8fc3b9,89bd14e2-cf78-45ab-904a-7a7f0f4a4010,7b4e9cee-f4ce-4983-6f42-9424ff347d5a,2026-01-03T09:12:20.168Z,sample_text_1233,317,2025-06-03T19:23:04.610Z,sample_text_1574,601,sample_text_3526,b68d9d85-277a-4f14-1564-cbb9598388f9,sample_text_6619,in_person,213,sample_text_1403,917.45,sample_text_9578,true,sample_text_6112,sample_text_4107,sample_text_2452,sample_text_2680,false,2025-12-14T07:26:27.906Z,2025-05-16T05:57:25.678Z,13815186-454f-4056-c0e4-2d163f76617d
partial,623dbbbe-0775-4470-e333-ca6850da71cb,aafbdce4-b166-4344-e700-6fcd4aaa8f29,af7db41b-a69f-4ae5-eb9c-f59fa17dcd26,152072c0-f075-4a77-bebe-aaa40d5c36c5,2025-08-03T06:31:42.405Z,sample_text_6806,129,2025-08-04T02:42:23.856Z,sample_text_2369,467,sample_text_2240,621e454c-d590-4953-4dc4-27d658cef254,sample_text_3808,in_person,397,sample_text_6143,13.83,sample_text_5321,false,sample_text_3606,sample_text_4816,sample_text_3343,sample_text_4208,false,2025-08-23T07:02:22.156Z,2025-10-12T20:53:32.887Z,6a49f986-fadb-4bcd-512c-c56d68c9b08b
scheduled,4170970f-a74f-4004-502a-eb6e0944d007,8445b8d0-fa6a-4454-0ffa-e73de69b3697,baeb778f-0236-4ea0-497b-a0d46e5c6619,7e8ad38f-d17c-4824-3c91-c8579a6b5e5f,2025-07-05T06:18:23.874Z,sample_text_2822,982,2025-08-29T06:49:56.721Z,sample_text_5403,877,sample_text_5295,367ec86b-33cc-4e1c-99be-6d4f3680b591,sample_text_7575,in_person,820,sample_text_2249,420.16,sample_text_3681,true,sample_text_4698,sample_text_6944,sample_text_8303,sample_text_4251,false,2025-08-12T03:32:06.653Z,2026-03-25T10:42:21.032Z,e4b1ae0d-39bf-42a5-dfb9-7a9275ba3f82
completed,43f77393-e3e1-4344-5930-71fec80b7285,8445b8d0-fa6a-4454-0ffa-e73de69b3697,16c0f045-ad9e-4d23-8922-374a2534b914,6ca9565d-394f-4984-5af6-b337411ec843,2025-06-14T04:11:10.895Z,sample_text_8998,260,2026-01-10T10:05:44.554Z,sample_text_2959,672,sample_text_5816,074f3f9d-1d98-495a-36ce-ea4c10de32e7,sample_text_4382,hybrid,571,sample_text_7025,78.13,sample_text_1338,false,sample_text_9023,sample_text_4700,sample_text_4333,sample_text_4014,true,2025-05-19T21:13:00.144Z,2025-04-24T23:30:16.028Z,2f694710-7063-42cd-b6b6-33ab87581536
completed,cc39d7f8-1b95-465b-d05b-ddd506eaf5a9,6d2954e1-a294-4f4c-a73e-cd9374c16466,1c4d8e9f-05af-4567-fc15-60738335dd73,2f04b13c-c50c-4de2-5f7d-f7ef75d312f1,2025-12-30T00:18:43.786Z,sample_text_9536,352,2025-07-24T06:16:50.374Z,sample_text_4203,470,sample_text_3504,b941f6ec-4ce0-4310-9221-6be0482727a0,sample_text_6118,virtual,747,sample_text_6994,729.38,sample_text_9097,false,sample_text_2651,sample_text_7692,sample_text_8925,sample_text_8650,true,2026-04-05T21:22:30.718Z,2025-08-25T08:16:01.338Z,b941f6ec-4ce0-4310-9221-6be0482727a0
completed,0b705b8e-4203-403e-1907-bf03a2e567e2,4802aca5-84c1-4dec-bcdf-1d631717991e,c41be56c-1b03-4f83-3798-7ff82c84c273,6ca9565d-394f-4984-5af6-b337411ec843,2025-12-22T05:58:42.057Z,sample_text_5627,662,2026-01-23T02:43:06.379Z,sample_text_267,439,sample_text_8988,fa8263d2-b6b1-4514-4f07-6307b13d93f7,sample_text_579,in_person,758,sample_text_6507,861.81,sample_text_3108,true,sample_text_798,sample_text_2587,sample_text_1459,sample_text_644,true,2025-04-13T15:02:15.729Z,2025-05-24T22:28:38.331Z,b68d9d85-277a-4f14-1564-cbb9598388f9
completed,1622439e-d604-427f-6e9c-964ecbe5080d,db0d14ad-557f-4320-7a13-8a2d95908763,76fb7096-3d5c-4180-3013-e7a55c8b02bb,974aa30d-547e-4e21-86d6-1f3c34623f7f,2025-05-03T15:36:23.542Z,sample_text_5138,864,2026-03-23T05:56:31.436Z,sample_text_7575,651,sample_text_7085,fa8263d2-b6b1-4514-4f07-6307b13d93f7,sample_text_939,in_person,689,sample_text_7755,862.72,sample_text_4522,true,sample_text_7796,sample_text_6766,sample_text_431,sample_text_9004,true,2026-04-01T01:34:46.956Z,2026-03-28T11:45:43.165Z,65b719d4-a6d4-4c9f-1165-ea0ebe168811
completed,d1124570-65fa-4ba9-179c-80e59d2f2c70,7278e65a-9c24-4acf-5b35-796f64dbce30,3a19d003-2447-4c77-d435-69866c42a3e8,36fa19ad-37fd-44f9-4a36-73f18ecfe5f4,2025-06-24T18:12:00.015Z,sample_text_5365,786,2026-02-10T21:12:33.255Z,sample_text_4082,459,sample_text_7166,d686c193-7466-44fb-b1a6-37325154df4c,sample_text_3083,in_person,143,sample_text_8432,708.83,sample_text_4953,true,sample_text_2655,sample_text_5423,sample_text_8764,sample_text_4778,false,2026-01-11T04:27:35.867Z,2025-11-12T22:29:19.131Z,7eb2d58e-90b4-4cb6-235b-f52575ca8c43
scheduled,13a508e4-5a11-4cb5-c7e9-1f1f42259593,ec1ba003-ffce-4ac3-4d22-9142d9c5f0ee,2bd4f3bc-df4b-49c7-997f-c11868da495a,43a0c009-5096-4beb-ceb2-2e90d29fa6d1,2025-06-27T22:23:48.744Z,sample_text_8516,450,2026-01-06T10:45:12.702Z,sample_text_7725,772,sample_text_6200,54566fd8-2ce9-43f1-d9c4-3262fe0540e9,sample_text_4317,virtual,385,sample_text_426,882.05,sample_text_5623,false,sample_text_7144,sample_text_7012,sample_text_4631,sample_text_4935,true,2025-12-04T14:35:48.333Z,2025-04-20T21:07:12.131Z,7275a4a2-65a3-47ed-3d1e-7026f453021d
completed,2ccc81a9-224d-473d-85d3-597e2a8dc46e,1324442d-05e7-4e13-b8ac-4c2aea5d1728,3f4d6f7d-05f7-4310-de9f-ae93e46984db,6fd51bd1-cbdc-4c3a-0686-e52d7fe6061c,2025-06-29T05:10:54.523Z,sample_text_606,783,2025-12-27T09:05:51.207Z,sample_text_4258,499,sample_text_7345,a7fdde05-87ad-4532-1887-2448d13ec652,sample_text_4901,in_person,980,sample_text_6462,981.61,sample_text_1865,false,sample_text_2947,sample_text_3792,sample_text_2580,sample_text_7711,true,2025-10-05T13:39:48.861Z,2026-02-05T08:45:27.908Z,03983122-261d-403c-9284-32860383f137
completed,d7ea7d1f-87cf-4d41-77e5-4d582fd1c599,8e77bf83-cdbf-4e65-c0fd-b456dae5ca6e,e112e16e-d7d4-47de-a1f6-038db1f702ae,2de16969-104d-43a0-bfd9-fe690d9d6eac,2025-05-03T15:24:46.769Z,sample_text_9683,756,2025-06-30T09:12:12.182Z,sample_text_5768,912,sample_text_8607,5bbe0d79-fac8-4b07-36d1-5a4ce3a79f5a,sample_text_1060,in_person,163,sample_text_4214,284.96,sample_text_7825,true,sample_text_2846,sample_text_9888,sample_text_9094,sample_text_6313,false,2025-11-28T08:37:51.093Z,2025-07-25T21:51:29.364Z,3bfa1ef4-6a42-4cc6-e6e5-1989f79cca90
completed,5ee3e91e-a41e-4b4a-0bd4-652224330380,7086daf9-3111-437e-3beb-ae91b8ea51fb,94dc4310-c140-4af7-8a5b-88c24ff5a5d3,8a50d483-aa92-4384-4deb-3d5c6bf0f0f7,2026-04-05T18:37:18.364Z,sample_text_8919,650,2025-06-16T14:52:34.130Z,sample_text_4333,590,sample_text_7620,47f67693-54d3-499f-af1f-6dc1264f95f8,sample_text_3685,virtual,29,sample_text_2636,231.69,sample_text_176,true,sample_text_6599,sample_text_7035,sample_text_8140,sample_text_6910,false,2025-06-21T02:02:23.850Z,2025-06-28T05:45:39.699Z,367ec86b-33cc-4e1c-99be-6d4f3680b591
cancelled,2cb88820-fc6f-40e3-90a7-51423e221858,354a8aed-8ff3-48d7-00fd-76a6427a85cc,2e842555-494e-4eac-25b2-d2a4430cc9ed,9a9475d1-a832-46dc-d803-59feef06073e,2025-11-24T08:09:54.649Z,sample_text_6810,44,,sample_text_398,,sample_text_3949,65b719d4-a6d4-4c9f-1165-ea0ebe168811,sample_text_3508,in_person,168,sample_text_3795,,sample_text_1384,false,sample_text_3488,sample_text_9741,sample_text_3728,sample_text_1575,true,2026-03-03T15:45:38.210Z,2025-05-08T21:50:04.976Z,8ac01f7d-9c30-4771-a900-d8fc5dd68b28
no_show,4b025a32-4ff4-4965-9b89-ef5887316edc,8f80124e-7fab-4583-99a9-6b1f15ac293c,59faa8f0-e266-467f-aa62-7fd97008cad7,3e334f12-6fd2-4fbe-3f23-a1309343356d,2025-10-20T06:56:58.811Z,sample_text_4799,209,2026-01-26T03:40:34.158Z,sample_text_9977,799,sample_text_5536,8a0aa082-f148-423d-fd6f-c28d86c0215a,sample_text_3238,in_person,537,sample_text_5046,755.6,sample_text_2253,true,sample_text_7171,sample_text_9679,sample_text_2635,sample_text_8137,false,2025-05-05T22:15:27.764Z,2025-11-07T09:59:18.380Z,59b39d5f-196d-4a89-1b1d-30029759628a
completed,a1375e85-70d3-493d-70a1-41e7485235c6,5650edea-48a1-43b0-e4d1-f31c189db61d,10539e4e-19ad-49ff-5fb1-13c6a13a9cc0,08c9d53b-5bb4-4a4e-3e69-2fcd9679e99e,2025-08-06T04:10:16.198Z,sample_text_1215,991,2026-03-26T04:03:14.284Z,sample_text_3974,516,sample_text_2155,ea49fb72-2050-42e2-81c3-091e5dbcc276,sample_text_5018,virtual,100,sample_text_8889,821.05,sample_text_4654,false,sample_text_7581,sample_text_9089,sample_text_4745,sample_text_4966,false,2025-05-05T05:47:31.687Z,2025-09-12T09:08:41.212Z,1f944d7a-c145-4606-b226-ca59addffefd
completed,9810c0a1-04c1-415c-28a2-f80ff779fc0b,0fe15401-d8c6-475b-c190-0d88ceee9427,76fb7096-3d5c-4180-3013-e7a55c8b02bb,44e91cce-ea65-438a-461a-9f0cf86acc81,2025-11-12T22:44:16.157Z,sample_text_6453,761,2026-03-06T20:45:48.831Z,sample_text_1618,583,sample_text_7460,b3ab5a31-3db7-455f-604b-d752ad0d37c7,sample_text_6554,in_person,855,sample_text_8021,905.43,sample_text_5091,true,sample_text_6727,sample_text_155,sample_text_613,sample_text_9749,true,2026-03-28T20:56:23.150Z,2026-01-29T10:39:22.851Z,b19a9a30-5bc1-42f9-ac14-0842a27abbe0
partial,fc9f3e42-d59f-4a26-df5b-1df2e9d71fda,5859fef3-05c8-484e-150b-75f6cf06c810,1eca3985-996e-497f-4644-294968d742b8,44e91cce-ea65-438a-461a-9f0cf86acc81,2025-10-23T15:34:34.364Z,sample_text_485,955,2026-03-13T22:29:12.411Z,sample_text_8642,245,sample_text_851,db60da3b-65f5-43f8-0cf6-3a1af6e416bd,sample_text_4277,virtual,41,sample_text_9289,34.48,sample_text_8434,false,sample_text_2971,sample_text_5951,sample_text_8210,sample_text_6638,true,2025-07-26T18:35:46.351Z,2025-06-10T00:21:52.616Z,8ac01f7d-9c30-4771-a900-d8fc5dd68b28
cancelled,76529101-8a9d-4d5a-8652-1d6bf2e10de1,1b16683a-98b0-4954-e675-86e26360065f,10539e4e-19ad-49ff-5fb1-13c6a13a9cc0,09e8d1ef-f5f0-41fa-38f3-10bac079d03c,2025-06-19T05:55:43.773Z,sample_text_1902,204,,sample_text_2128,,sample_text_1083,b19a9a30-5bc1-42f9-ac14-0842a27abbe0,sample_text_406,in_person,303,sample_text_3740,,sample_text_1292,true,sample_text_624,sample_text_7385,sample_text_4669,sample_text_1199,true,2025-12-25T00:47:17.751Z,2025-06-01T09:38:45.620Z,74bd910d-f592-4d1d-0e88-4bd9512f610b
completed,ef0c07d2-47c5-4f9d-1da9-a9e97945ca22,7cd8bff5-4341-4461-ae03-af249bc974f9,4fab3abf-dd8f-4d4b-ef39-52d4314418ca,63b3d997-8d4b-4027-f32c-5ba74efdff76,2025-05-06T20:17:46.347Z,sample_text_6017,169,2025-08-20T19:39:57.606Z,sample_text_4412,978,sample_text_4956,d9edb57f-a55c-4a07-df66-d6f8356c9964,sample_text_7064,in_person,667,sample_text_5280,657.95,sample_text_7670,false,sample_text_2054,sample_text_9990,sample_text_886,sample_text_5071,false,2026-04-10T01:01:09.749Z,2025-12-31T11:00:09.447Z,d686c193-7466-44fb-b1a6-37325154df4c
no_show,84f44ed0-3200-4a29-671a-49f17f3307ac,35da515d-35a2-4861-590b-fb685b51a2fd,e536d26c-1212-499f-3401-979cc6978147,7e8ad38f-d17c-4824-3c91-c8579a6b5e5f,2026-01-31T14:31:51.635Z,sample_text_9097,856,2025-10-16T15:31:12.758Z,sample_text_2744,616,sample_text_1519,f8d9b2f5-6abe-4500-e812-54aa85e6d1f7,sample_text_7131,in_person,984,sample_text_4959,380.66,sample_text_1949,true,sample_text_2160,sample_text_8934,sample_text_1532,sample_text_2097,false,2025-09-08T02:30:57.123Z,2026-01-02T18:45:24.790Z,e2e59b60-b37d-4442-b14f-f66ec99cab25
completed,6b691987-9d9b-419a-7061-aa8448da1898,354a8aed-8ff3-48d7-00fd-76a6427a85cc,eb97341d-2385-4175-9a86-c3256608e18e,09e8d1ef-f5f0-41fa-38f3-10bac079d03c,2025-09-21T03:45:30.694Z,sample_text_8356,677,2026-02-18T05:21:30.139Z,sample_text_5496,7,sample_text_9530,c6fb6b4b-9efd-4a20-fd85-28ef5167ab5d,sample_text_2751,in_person,334,sample_text_4084,948.65,sample_text_7843,true,sample_text_7715,sample_text_2185,sample_text_7167,sample_text_625,true,2026-02-11T05:15:06.645Z,2026-03-25T01:20:33.273Z,e4b1ae0d-39bf-42a5-dfb9-7a9275ba3f82
partial,73adaf57-1d19-4c74-bd05-26cdffa07601,01063723-1de5-41a1-e5d1-0089f90f19b6,4c81bc97-321d-48c5-d316-8243b2e8187e,5354d00b-34f0-4a88-58d4-8decde6ce2ee,2026-03-29T06:34:44.916Z,sample_text_2619,943,2025-10-20T17:07:14.255Z,sample_text_7245,91,sample_text_5518,ea49fb72-2050-42e2-81c3-091e5dbcc276,sample_text_2781,virtual,129,sample_text_1550,828.28,sample_text_2606,true,sample_text_4197,sample_text_5145,sample_text_1523,sample_text_1972,true,2026-02-18T11:18:40.666Z,2025-10-07T22:05:43.030Z,0a5b5544-8433-485d-8477-4051a66c59da
completed,1197c040-be40-4127-8e9c-66d35017b2fd,7278e65a-9c24-4acf-5b35-796f64dbce30,24557b57-0c13-4c0c-a3e9-39903a1a94a3,a37257b2-9391-4433-6110-687c09f379ec,2025-08-19T21:51:46.755Z,sample_text_5647,18,2026-04-04T15:57:38.615Z,sample_text_1865,876,sample_text_6584,02eac898-e03e-4ede-7167-c2b3f40e7d1a,sample_text_1974,hybrid,193,sample_text_5184,211.05,sample_text_1293,true,sample_text_804,sample_text_6834,sample_text_2623,sample_text_5481,false,2025-06-10T09:50:38.264Z,2025-11-10T14:03:01.130Z,6601188e-454e-46f8-39d3-12e3a2450d73
completed,374e7041-4a7c-41ed-87a0-0fb5d360eebb,1c838e84-c20a-4ba3-eb30-b5b3f01c4156,89bd14e2-cf78-45ab-904a-7a7f0f4a4010,09e8d1ef-f5f0-41fa-38f3-10bac079d03c,2025-05-24T20:53:18.417Z,sample_text_7696,184,2025-08-24T15:02:15.422Z,sample_text_5808,572,sample_text_5896,e4a45791-4bec-432e-83c4-834772750abf,sample_text_9063,hybrid,171,sample_text_732,266.16,sample_text_9330,true,sample_text_8662,sample_text_7450,sample_text_7828,sample_text_4229,true,2026-04-01T04:41:36.562Z,2025-09-15T09:49:55.392Z,af45888d-3cda-415b-1d81-91022a417bde
scheduled,8b9136f4-d5b4-4a49-dc5e-1cc84c1289b7,53d17442-b477-40dd-7421-38a81cb807b4,f0fe80e2-ee98-4631-fd46-bedaa4937130,fb441a9a-76af-4633-ef6e-1ccf7e88caa7,2025-04-27T23:40:07.165Z,sample_text_5761,981,2025-10-05T03:06:39.054Z,sample_text_8049,900,sample_text_7959,074f3f9d-1d98-495a-36ce-ea4c10de32e7,sample_text_9674,in_person,689,sample_text_9178,42.67,sample_text_592,false,sample_text_2645,sample_text_35,sample_text_1367,sample_text_7482,true,2025-05-12T14:30:45.697Z,2025-08-16T21:48:25.559Z,b941f6ec-4ce0-4310-9221-6be0482727a0
cancelled,d7978a07-7960-4b67-2a0e-3c59e9c01f69,ec1ba003-ffce-4ac3-4d22-9142d9c5f0ee,fe4720c1-f369-4760-b122-6b324f08f3a3,2de16969-104d-43a0-bfd9-fe690d9d6eac,2026-02-26T10:29:09.911Z,sample_text_4082,228,,sample_text_1180,,sample_text_9036,367ec86b-33cc-4e1c-99be-6d4f3680b591,sample_text_9325,in_person,275,sample_text_848,,sample_text_1849,true,sample_text_7364,sample_text_1110,sample_text_4861,sample_text_6980,false,2026-03-16T15:16:02.057Z,2025-12-19T03:29:20.933Z,8a0aa082-f148-423d-fd6f-c28d86c0215a
completed,9c746a2c-5f20-406b-99e5-38d956109277,f3245852-12e5-4379-8a66-102c2f3b17dc,f0fe80e2-ee98-4631-fd46-bedaa4937130,44e96aef-1775-4e8c-e285-02e0cadba8e3,2026-04-05T02:04:53.634Z,sample_text_7023,243,2025-10-14T22:46:19.227Z,sample_text_5092,224,sample_text_5419,1f8bb59a-e0eb-4b2b-fe13-07a0c2675cb8,sample_text_9506,in_person,336,sample_text_9155,88.41,sample_text_5347,false,sample_text_745,sample_text_6501,sample_text_26,sample_text_1686,true,2025-05-13T16:28:48.535Z,2025-10-27T08:03:29.959Z,f1f1b656-b2d4-47c0-837f-3221be4d02cd
partial,633adeda-7f1d-47be-5b8b-5da5f3e980cd,e4ebc728-43de-4dc6-8cfd-0a6e04ab4faf,af7db41b-a69f-4ae5-eb9c-f59fa17dcd26,afb57115-93e2-41e4-19fb-726afc7dc847,2026-04-03T10:48:45.337Z,sample_text_4803,473,2026-01-29T16:45:42.338Z,sample_text_1125,76,sample_text_3190,699866f4-eda9-4222-4727-7702d9d050eb,sample_text_1012,hybrid,721,sample_text_8542,770.35,sample_text_7576,true,sample_text_6656,sample_text_3628,sample_text_2968,sample_text_8990,false,2025-09-26T15:04:11.536Z,2026-02-12T20:12:05.224Z,234b0627-79ac-4de2-9e5f-3deaab1f438f
no_show,92bb12c2-1ff6-4840-40ee-d3c2805bacd8,7b01d302-0a70-4c31-f833-da69c718f73d,5b1b6bbb-ac85-477d-9a11-d480281a4b21,fb441a9a-76af-4633-ef6e-1ccf7e88caa7,2026-01-10T02:56:10.860Z,sample_text_3378,477,2025-11-26T19:44:31.437Z,sample_text_5962,984,sample_text_1576,91481a49-39f6-4c85-9a87-3de01f285177,sample_text_6435,in_person,572,sample_text_5500,605.54,sample_text_4418,false,sample_text_7385,sample_text_9965,sample_text_826,sample_text_5275,false,2025-11-18T10:39:20.055Z,2025-07-02T11:24:13.803Z,47f67693-54d3-499f-af1f-6dc1264f95f8
scheduled,6984e7e5-23b0-4bd8-3780-50cd195e1ef5,8e77bf83-cdbf-4e65-c0fd-b456dae5ca6e,32a1daeb-123e-4dbe-b622-aea59b73722d,3e334f12-6fd2-4fbe-3f23-a1309343356d,2025-07-17T08:06:14.666Z,sample_text_8678,505,2025-08-22T19:19:06.169Z,sample_text_6843,46,sample_text_5396,13815186-454f-4056-c0e4-2d163f76617d,sample_text_2427,in_person,428,sample_text_8695,174.03,sample_text_4337,true,sample_text_9994,sample_text_4829,sample_text_4683,sample_text_4233,true,2026-03-21T19:45:02.379Z,2025-08-12T21:27:35.757Z,91481a49-39f6-4c85-9a87-3de01f285177
completed,81f78b64-3ad4-4c2c-73e1-98210cf35613,0f853a45-92cb-4e08-bb3a-9f894364a97f,2a4e5e57-fab3-47be-aa17-438ff8cedd26,31e6dcd8-7b5b-4c54-b419-66da1259c0d7,2025-07-04T10:25:32.935Z,sample_text_4149,236,2025-08-18T23:11:29.686Z,sample_text_665,53,sample_text_6464,cb8fa579-1a0f-4b56-d0df-17115e069361,sample_text_2029,in_person,835,sample_text_6330,787.42,sample_text_4074,false,sample_text_6522,sample_text_1433,sample_text_70,sample_text_2221,true,2026-02-12T11:44:21.733Z,2026-01-02T02:16:34.720Z,8a0aa082-f148-423d-fd6f-c28d86c0215a
partial,bbf6c75e-5cd4-46e5-ddbc-968fcee99d77,6db61a4b-84a8-461f-cebe-88f07baaac2d,1c4d8e9f-05af-4567-fc15-60738335dd73,0e77db3f-7cdc-48b3-e10c-c05d74f5b464,2025-08-18T23:44:33.072Z,sample_text_9823,518,2026-03-07T09:06:51.417Z,sample_text_2566,424,sample_text_4523,db60da3b-65f5-43f8-0cf6-3a1af6e416bd,sample_text_6349,in_person,823,sample_text_1937,261.21,sample_text_1493,true,sample_text_699,sample_text_8301,sample_text_3916,sample_text_6497,true,2026-01-09T08:17:58.799Z,2025-09-10T13:29:56.138Z,b19a9a30-5bc1-42f9-ac14-0842a27abbe0
completed,5b05839a-7166-48a9-5938-544cdfe08259,5859fef3-05c8-484e-150b-75f6cf06c810,13905047-dc05-4f11-21d1-ceb2ff2a4ead,6fd51bd1-cbdc-4c3a-0686-e52d7fe6061c,2025-08-13T08:38:30.331Z,sample_text_4997,265,2025-11-07T17:59:43.502Z,sample_text_5488,799,sample_text_9034,2f694710-7063-42cd-b6b6-33ab87581536,sample_text_7355,in_person,129,sample_text_247,67.3,sample_text_70,true,sample_text_7841,sample_text_2795,sample_text_704,sample_text_9283,true,2026-02-22T08:54:36.485Z,2025-09-15T17:29:16.047Z,62a9a1d7-9f49-48d7-cd45-e5cf69a2994c
completed,cc80d46c-33d4-41f5-8c2a-90f1825eca13,90bb83ca-2bb7-45da-7fea-80080434dbd5,7e8192d3-756a-4974-209e-dc1ea1cca26e,ef30f378-ae06-4200-e466-b63a46dd4365,2026-01-11T04:16:31.470Z,sample_text_6105,264,2026-02-23T11:55:13.858Z,sample_text_7003,681,sample_text_7698,2f694710-7063-42cd-b6b6-33ab87581536,sample_text_3459,in_person,751,sample_text_6005,132.52,sample_text_236,false,sample_text_5572,sample_text_5878,sample_text_292,sample_text_4890,false,2025-06-14T23:09:21.986Z,2026-03-30T05:14:40.151Z,1f8bb59a-e0eb-4b2b-fe13-07a0c2675cb8
completed,81681779-2d84-4aa4-a88e-303615631976,22cc6a8f-9b50-4313-a8c9-a3c43b392d05,e394ca10-b5a0-45cc-8730-3524aff8641a,3e334f12-6fd2-4fbe-3f23-a1309343356d,2026-02-19T07:57:15.186Z,sample_text_3064,956,2026-01-30T12:42:25.288Z,sample_text_7207,830,sample_text_3903,4983674c-e15e-4015-0eb3-50b01d7810f8,sample_text_1478,virtual,538,sample_text_5340,177.48,sample_text_6447,true,sample_text_7564,sample_text_280,sample_text_3694,sample_text_66,false,2026-03-16T16:26:51.898Z,2025-05-11T12:15:01.147Z,5b22fa71-538f-4f40-5599-52754e6eb443
partial,7be5c030-0328-4410-96f4-70e4cb1e3915,7cd8bff5-4341-4461-ae03-af249bc974f9,4c81bc97-321d-48c5-d316-8243b2e8187e,44e96aef-1775-4e8c-e285-02e0cadba8e3,2025-08-09T17:43:21.805Z,sample_text_1922,434,2025-06-22T19:37:43.336Z,sample_text_7398,381,sample_text_9741,234b0627-79ac-4de2-9e5f-3deaab1f438f,sample_text_6580,in_person,110,sample_text_6527,580.4,sample_text_4149,true,sample_text_6286,sample_text_5288,sample_text_4204,sample_text_9380,false,2025-11-04T13:21:35.814Z,2025-07-20T17:00:19.653Z,d686c193-7466-44fb-b1a6-37325154df4c
partial,8d1a14ab-b0f6-4cf0-8a4f-0e1391d11e6f,90bb83ca-2bb7-45da-7fea-80080434dbd5,b1160aa4-615e-46be-c33f-53b664f1618f,f61f2a14-3a64-4170-c4e0-7f394614ec15,2025-09-19T20:52:37.291Z,sample_text_7846,428,2025-06-11T11:06:17.358Z,sample_text_9952,203,sample_text_1654,cb8fa579-1a0f-4b56-d0df-17115e069361,sample_text_3219,in_person,90,sample_text_5487,827.05,sample_text_1651,true,sample_text_5253,sample_text_8237,sample_text_739,sample_text_2393,true,2025-05-04T06:48:04.490Z,2026-02-15T18:51:11.826Z,54566fd8-2ce9-43f1-d9c4-3262fe0540e9
partial,863e5987-d425-4a7f-9e3f-43dcb5dc6708,4eb401f1-2970-4058-6e97-a97a6fb8e8b7,7006fd96-e3f8-4225-33e4-be34d610ffbb,ef30f378-ae06-4200-e466-b63a46dd4365,2025-04-13T23:46:29.684Z,sample_text_9431,19,2025-09-13T08:00:26.477Z,sample_text_9524,801,sample_text_7904,65b719d4-a6d4-4c9f-1165-ea0ebe168811,sample_text_6268,in_person,840,sample_text_2758,765.54,sample_text_2665,false,sample_text_9300,sample_text_256,sample_text_3511,sample_text_5044,true,2025-09-25T08:24:41.790Z,2025-06-03T03:09:04.862Z,7d07d517-dedd-404d-c698-f00e2aeb820f
completed,d955eec7-d2b7-4421-b6fe-efd7d27eb7d2,a27d74e2-2d9c-4728-84c3-cf4dbccaa5ee,f0fe80e2-ee98-4631-fd46-bedaa4937130,43a0c009-5096-4beb-ceb2-2e90d29fa6d1,2025-10-18T06:46:12.970Z,sample_text_6250,190,2026-01-14T14:41:56.921Z,sample_text_4699,986,sample_text_4488,4b5660c5-6ded-4e88-5938-1722c262ea15,sample_text_2137,hybrid,332,sample_text_8652,222.94,sample_text_3738,false,sample_text_5191,sample_text_9004,sample_text_3280,sample_text_1552,false,2026-02-25T14:43:27.359Z,2025-04-29T23:38:34.180Z,54566fd8-2ce9-43f1-d9c4-3262fe0540e9
no_show,a5a2babe-3977-43ce-5c1b-7cdba4d1b918,0f853a45-92cb-4e08-bb3a-9f894364a97f,4fab3abf-dd8f-4d4b-ef39-52d4314418ca,60bb9abd-ad4f-43fe-d09e-d416a48001a5,2025-10-29T21:55:28.574Z,sample_text_4302,532,2025-11-24T06:07:28.689Z,sample_text_5605,138,sample_text_6147,f8d9b2f5-6abe-4500-e812-54aa85e6d1f7,sample_text_3367,in_person,474,sample_text_1629,498.35,sample_text_8406,true,sample_text_5433,sample_text_7019,sample_text_6686,sample_text_8720,true,2025-11-13T00:47:20.135Z,2026-01-08T08:01:59.311Z,616cd82a-150d-43e4-e90b-50dd3877886b
completed,a81834dd-2a57-4b6f-cbc2-2fc130c4927c,e2e17755-5579-455b-5775-badd073cd6e2,2d706e75-fd47-4d6b-cc14-10a1bf804d62,43a0c009-5096-4beb-ceb2-2e90d29fa6d1,2025-05-31T00:16:18.634Z,sample_text_9624,825,2025-06-20T01:56:17.978Z,sample_text_1403,51,sample_text_3713,1f8bb59a-e0eb-4b2b-fe13-07a0c2675cb8,sample_text_3182,virtual,588,sample_text_8502,934.98,sample_text_3077,true,sample_text_1487,sample_text_2813,sample_text_9112,sample_text_4500,true,2026-03-04T11:11:29.538Z,2025-04-28T02:23:39.362Z,af45888d-3cda-415b-1d81-91022a417bde
partial,bd382b85-3a10-4356-ca42-1177722905c4,22cc6a8f-9b50-4313-a8c9-a3c43b392d05,7006fd96-e3f8-4225-33e4-be34d610ffbb,2de16969-104d-43a0-bfd9-fe690d9d6eac,2025-09-28T05:26:34.794Z,sample_text_2692,330,2026-04-12T00:31:22.141Z,sample_text_9995,471,sample_text_156,cf7e2aea-c07d-4ed1-1fc0-69c3d64d741c,sample_text_6661,in_person,475,sample_text_2962,988.88,sample_text_4792,false,sample_text_5138,sample_text_7980,sample_text_2109,sample_text_4558,true,2025-10-07T11:51:26.152Z,2026-02-18T07:41:59.914Z,5bbe0d79-fac8-4b07-36d1-5a4ce3a79f5a
completed,7a777dcd-9f26-478e-cddb-49d244a6b05f,7cd8bff5-4341-4461-ae03-af249bc974f9,1612581f-ee93-42bd-8ca1-106ca3f5fb8d,a9f9f807-e129-4f29-9091-c45f8770da1a,2025-11-05T20:54:37.528Z,sample_text_8126,424,2025-06-17T00:34:39.317Z,sample_text_7821,749,sample_text_8346,8a0aa082-f148-423d-fd6f-c28d86c0215a,sample_text_9701,virtual,512,sample_text_1754,916.77,sample_text_3150,true,sample_text_7428,sample_text_3520,sample_text_2303,sample_text_8703,false,2025-07-25T15:51:59.430Z,2025-11-25T08:44:31.470Z,616cd82a-150d-43e4-e90b-50dd3877886b
partial,c3f4a34c-13f5-4c0b-ff03-9447dad511b1,5ecd0d1d-d5ec-46f2-6aca-86fd5dfdab07,1c4d8e9f-05af-4567-fc15-60738335dd73,09e8d1ef-f5f0-41fa-38f3-10bac079d03c,2026-01-02T05:48:38.050Z,sample_text_165,295,2026-03-02T08:07:59.522Z,sample_text_7291,801,sample_text_8105,5bbe0d79-fac8-4b07-36d1-5a4ce3a79f5a,sample_text_4214,virtual,368,sample_text_8358,729.81,sample_text_1696,true,sample_text_2454,sample_text_9059,sample_text_1139,sample_text_6273,false,2025-05-14T00:54:45.218Z,2025-12-02T10:32:37.850Z,74bd910d-f592-4d1d-0e88-4bd9512f610b
scheduled,a1cc68d2-9b9b-4967-683a-96bbb607b916,6f646e24-7167-4f14-1525-7476ae2c26ef,f56bd850-ae1d-4c12-1f67-ecd289df1620,09e8d1ef-f5f0-41fa-38f3-10bac079d03c,2025-08-09T20:40:30.026Z,sample_text_776,516,2025-06-27T01:03:33.139Z,sample_text_9974,159,sample_text_8938,7d07d517-dedd-404d-c698-f00e2aeb820f,sample_text_4959,hybrid,961,sample_text_5768,572.37,sample_text_3382,true,sample_text_1175,sample_text_1025,sample_text_7355,sample_text_1678,true,2025-10-19T03:10:44.004Z,2025-10-11T23:44:15.756Z,db60da3b-65f5-43f8-0cf6-3a1af6e416bd
completed,94af889a-29df-4566-d1fb-7e498321ba48,53916321-ba31-43c5-4662-702e1f8fc3b9,837a9baf-7fed-4fe4-630e-eeaf60164bcb,8ec11999-7a20-466e-84f7-f134e29d20eb,2025-04-16T06:45:03.372Z,sample_text_5258,494,2025-10-27T18:35:19.327Z,sample_text_6078,185,sample_text_9920,e4a45791-4bec-432e-83c4-834772750abf,sample_text_7284,in_person,980,sample_text_5753,459.22,sample_text_4084,false,sample_text_2824,sample_text_8577,sample_text_9334,sample_text_8505,true,2025-06-01T01:55:53.974Z,2025-04-22T02:08:19.779Z,1f8bb59a-e0eb-4b2b-fe13-07a0c2675cb8
partial,40788798-24cf-430f-b5aa-25ab31007462,392790ab-50ca-414f-ce4a-09dadfaa0790,32a1daeb-123e-4dbe-b622-aea59b73722d,74996144-2438-4454-03fb-d777b4c9db8b,2025-05-05T23:26:47.433Z,sample_text_4082,774,2026-01-25T04:36:25.125Z,sample_text_8209,750,sample_text_1195,4b5660c5-6ded-4e88-5938-1722c262ea15,sample_text_3142,virtual,926,sample_text_574,336.02,sample_text_8640,false,sample_text_7355,sample_text_8024,sample_text_2489,sample_text_7336,false,2025-11-04T13:53:11.061Z,2025-09-27T06:24:35.638Z,c6fb6b4b-9efd-4a20-fd85-28ef5167ab5d
partial,fcdce34e-a1e2-43b5-1cd6-d7803d3de440,2816ccd1-fce4-4fb5-0fbb-dfb23ed54240,7d85b267-ac94-499b-94c1-eff3632a4d8b,5ad3d718-54d7-4cd2-1fcf-87aea33287e9,2026-01-03T06:34:45.118Z,sample_text_5721,543,2025-04-22T11:28:46.773Z,sample_text_4318,445,sample_text_6399,ade33206-8c00-4f20-4bf1-7781c1eb9609,sample_text_5963,in_person,734,sample_text_9767,772.46,sample_text_9163,true,sample_text_4140,sample_text_5299,sample_text_3505,sample_text_6613,false,2025-09-16T22:28:35.955Z,2026-03-05T12:25:41.832Z,c6fb6b4b-9efd-4a20-fd85-28ef5167ab5d
no_show,1f15862d-c4be-49e4-0cab-89f6910428de,0fe15401-d8c6-475b-c190-0d88ceee9427,b1160aa4-615e-46be-c33f-53b664f1618f,7e8ad38f-d17c-4824-3c91-c8579a6b5e5f,2025-11-24T11:58:34.623Z,sample_text_7174,204,2025-09-12T19:55:29.087Z,sample_text_9826,680,sample_text_823,3bfa1ef4-6a42-4cc6-e6e5-1989f79cca90,sample_text_2955,in_person,771,sample_text_2100,120.99,sample_text_7201,true,sample_text_7932,sample_text_1623,sample_text_3097,sample_text_1480,true,2025-10-07T08:52:06.974Z,2026-04-06T00:21:07.736Z,234b0627-79ac-4de2-9e5f-3deaab1f438f
partial,427ecedf-2250-4a5c-7f12-5cf1ca79233b,f2392f7d-a5b0-4fcc-13a3-f5b494facaed,f56bd850-ae1d-4c12-1f67-ecd289df1620,6ca9565d-394f-4984-5af6-b337411ec843,2026-01-19T20:36:12.976Z,sample_text_237,305,2026-01-02T14:55:42.013Z,sample_text_1101,46,sample_text_8581,72571b3c-f6ea-4a2a-2118-2d3a77def4dd,sample_text_1270,hybrid,198,sample_text_1215,346.41,sample_text_1031,false,sample_text_4023,sample_text_2335,sample_text_296,sample_text_7512,true,2025-09-29T21:39:03.457Z,2025-09-10T15:52:43.372Z,c6fb6b4b-9efd-4a20-fd85-28ef5167ab5d
completed,49773bce-b4d4-4cfa-22af-67df7d284e74,392790ab-50ca-414f-ce4a-09dadfaa0790,13f8f388-7de1-4383-f922-a0d8a397e76c,4ca4247e-c61f-4837-bf77-9c36a300d1a6,2025-07-16T20:55:56.192Z,sample_text_5917,950,2025-05-10T07:47:45.791Z,sample_text_1159,774,sample_text_1241,db60da3b-65f5-43f8-0cf6-3a1af6e416bd,sample_text_4361,in_person,940,sample_text_6924,536.75,sample_text_4253,false,sample_text_2879,sample_text_1545,sample_text_4366,sample_text_3120,false,2025-07-02T00:54:05.366Z,2025-04-25T16:17:34.267Z,f1f1b656-b2d4-47c0-837f-3221be4d02cd
cancelled,6160303e-cfd3-4576-6cb6-4bd2fb5599d4,ff7b5b59-28e3-4c72-312f-ad72de847623,820e0d69-1dec-4fa2-7dff-4973e37417e7,230051a7-77f6-49c9-6d7a-c1c341da56c9,2025-09-16T14:36:40.099Z,sample_text_1520,688,,sample_text_5750,,sample_text_8853,cb8fa579-1a0f-4b56-d0df-17115e069361,sample_text_6878,in_person,569,sample_text_7402,,sample_text_5537,false,sample_text_8003,sample_text_8310,sample_text_6357,sample_text_7167,false,2025-08-10T11:39:48.106Z,2025-11-07T14:47:06.295Z,3f95f74e-1bdc-41c3-893d-2d90a62d76bc
completed,d4d4e338-f453-49c6-53ef-ae497a746736,ec23acc1-d133-44fb-ce18-66435eb26d60,921679af-a07e-442d-b254-00f81e5f665d,f61f2a14-3a64-4170-c4e0-7f394614ec15,2025-05-07T10:36:35.957Z,sample_text_7933,603,2025-06-13T08:35:01.985Z,sample_text_6757,621,sample_text_856,ea49fb72-2050-42e2-81c3-091e5dbcc276,sample_text_9158,in_person,578,sample_text_8913,923.43,sample_text_8756,true,sample_text_5166,sample_text_8732,sample_text_6322,sample_text_2471,true,2026-03-05T06:23:55.363Z,2025-11-07T02:03:00.721Z,fa8263d2-b6b1-4514-4f07-6307b13d93f7
completed,ba56798e-c696-49a4-f6c4-b410f0012dee,a70b1f5f-95d9-4a6b-0910-a715243975f7,73370ee3-24e1-494c-b530-e79710873eeb,36fa19ad-37fd-44f9-4a36-73f18ecfe5f4,2025-05-10T03:52:36.193Z,sample_text_9008,803,2025-10-25T06:04:01.146Z,sample_text_7309,991,sample_text_1553,e4a45791-4bec-432e-83c4-834772750abf,sample_text_8821,in_person,742,sample_text_7161,299.41,sample_text_5851,false,sample_text_229,sample_text_1722,sample_text_2916,sample_text_8220,false,2025-10-02T11:01:13.001Z,2025-06-05T17:23:44.293Z,01576ed3-e96e-415a-7c79-d2b4e79c9251
no_show,6ded02e4-28ca-488e-d0e9-7b321acf53a3,ec23acc1-d133-44fb-ce18-66435eb26d60,b1160aa4-615e-46be-c33f-53b664f1618f,cfed3b67-1de3-46ea-e76f-c89d08ec289a,2025-11-12T04:16:03.361Z,sample_text_597,474,2025-09-25T15:18:05.403Z,sample_text_8438,184,sample_text_4336,d686c193-7466-44fb-b1a6-37325154df4c,sample_text_5702,hybrid,829,sample_text_4824,390.97,sample_text_1225,false,sample_text_951,sample_text_163,sample_text_7163,sample_text_7992,false,2025-07-28T10:09:55.428Z,2025-05-26T19:32:07.048Z,13815186-454f-4056-c0e4-2d163f76617d
completed,a869e558-ed37-4258-8794-c894a40032b9,b99d9240-0c15-492c-bcb5-5dab6f5707ac,3a19d003-2447-4c77-d435-69866c42a3e8,83c0f5a4-11a8-4b1f-5064-e6047d878674,2025-07-12T05:18:52.039Z,sample_text_2425,794,2025-08-05T20:57:43.152Z,sample_text_4584,349,sample_text_809,1f944d7a-c145-4606-b226-ca59addffefd,sample_text_5840,in_person,516,sample_text_8091,204.65,sample_text_7456,true,sample_text_7198,sample_text_2738,sample_text_2149,sample_text_2722,true,2026-01-21T15:45:41.483Z,2026-03-30T22:11:47.305Z,4983674c-e15e-4015-0eb3-50b01d7810f8
completed,f03412d1-d45c-4c39-d80b-220a4424c3ba,e3365cd7-81d6-41a6-c786-86fd08bb2298,fe4720c1-f369-4760-b122-6b324f08f3a3,98dc63d7-8988-4ff8-b7ca-2ab8d1f39352,2025-11-22T03:51:05.201Z,sample_text_7897,516,2025-10-28T20:06:32.366Z,sample_text_7198,650,sample_text_8023,ea49fb72-2050-42e2-81c3-091e5dbcc276,sample_text_1878,hybrid,115,sample_text_5345,110.79,sample_text_8878,false,sample_text_5358,sample_text_8508,sample_text_4814,sample_text_7473,false,2025-05-25T00:49:09.251Z,2025-12-25T13:25:32.880Z,7d07d517-dedd-404d-c698-f00e2aeb820f
partial,1cfc1a82-4a3c-4463-43e7-2db1967aafd3,239d70c0-edab-4bf4-a388-f3e9c190ee86,fecc715c-91cf-4144-4e6d-27d53565cfa5,4335fda9-afa6-493e-0026-1aa0263939a5,2025-08-31T06:11:24.309Z,sample_text_4183,373,2025-08-03T23:18:11.003Z,sample_text_7818,543,sample_text_2061,e4a45791-4bec-432e-83c4-834772750abf,sample_text_3352,in_person,351,sample_text_5470,910.5,sample_text_3042,true,sample_text_681,sample_text_5464,sample_text_2026,sample_text_2970,true,2025-09-18T04:57:33.179Z,2025-06-24T18:16:08.187Z,6a49f986-fadb-4bcd-512c-c56d68c9b08b
completed,0afe9c06-b21a-4356-b678-e9ec009c24ae,3821dac3-4b74-4883-4b91-de100fbd6258,a41d4030-6171-4181-a953-5d0104c592fd,25984c0e-a7ff-4156-822e-ec2fb55f198a,2026-03-02T20:28:34.427Z,sample_text_1081,187,2025-07-14T13:16:51.184Z,sample_text_8536,555,sample_text_2466,616cd82a-150d-43e4-e90b-50dd3877886b,sample_text_7479,in_person,12,sample_text_2358,362.91,sample_text_2108,true,sample_text_3974,sample_text_4950,sample_text_7050,sample_text_6272,false,2025-09-20T19:04:10.280Z,2025-10-19T11:21:31.235Z,367ec86b-33cc-4e1c-99be-6d4f3680b591
completed,128db0b1-d5e9-4899-fe2d-57f404ab51e5,35da515d-35a2-4861-590b-fb685b51a2fd,837a9baf-7fed-4fe4-630e-eeaf60164bcb,dc5c38cd-11bd-4d48-b540-0659ffe8f55b,2025-09-18T22:54:41.523Z,sample_text_693,909,2025-05-29T07:58:06.512Z,sample_text_8314,534,sample_text_3321,5b22fa71-538f-4f40-5599-52754e6eb443,sample_text_8757,hybrid,651,sample_text_4471,869.72,sample_text_9194,true,sample_text_7645,sample_text_9113,sample_text_8701,sample_text_751,true,2025-08-17T03:53:21.582Z,2025-05-21T22:51:51.753Z,b68d9d85-277a-4f14-1564-cbb9598388f9
no_show,b6a1c391-968b-425b-41ab-23ce0563d1c8,3e90a57e-4981-458b-1a9c-b59ffc169491,fe4720c1-f369-4760-b122-6b324f08f3a3,8ec11999-7a20-466e-84f7-f134e29d20eb,2026-01-14T21:21:23.166Z,sample_text_2808,369,2025-05-16T22:26:33.460Z,sample_text_998,600,sample_text_3564,3f95f74e-1bdc-41c3-893d-2d90a62d76bc,sample_text_7505,virtual,181,sample_text_6648,789.07,sample_text_716,false,sample_text_5870,sample_text_606,sample_text_1067,sample_text_9769,false,2026-03-06T23:53:16.222Z,2025-08-05T18:27:07.035Z,f1f1b656-b2d4-47c0-837f-3221be4d02cd
no_show,81ffa279-c1e8-4ea3-51f2-86e647d529d5,1b16683a-98b0-4954-e675-86e26360065f,1612581f-ee93-42bd-8ca1-106ca3f5fb8d,12c936b7-76a2-4244-3342-f64b193771af,2025-12-09T00:35:40.259Z,sample_text_6211,962,2025-11-15T01:20:07.627Z,sample_text_2418,657,sample_text_3438,1f944d7a-c145-4606-b226-ca59addffefd,sample_text_3229,in_person,977,sample_text_1787,115.8,sample_text_494,false,sample_text_4772,sample_text_1018,sample_text_2986,sample_text_1513,false,2025-11-08T19:08:56.118Z,2026-02-15T10:08:34.121Z,a7fdde05-87ad-4532-1887-2448d13ec652
completed,2505b096-2f6b-4c12-4964-77423be6b73d,ddaebb0c-208f-4c1d-99d6-3c94ad714d88,f0fe80e2-ee98-4631-fd46-bedaa4937130,e66f5152-bb91-495c-70a1-919b8657aacd,2025-05-22T19:28:53.833Z,sample_text_6216,309,2025-12-29T01:02:38.767Z,sample_text_1509,965,sample_text_674,addfc86c-41af-41c3-ce53-f3cc7fcccdf6,sample_text_1277,hybrid,85,sample_text_2372,945.87,sample_text_3636,true,sample_text_5384,sample_text_9413,sample_text_9391,sample_text_2088,true,2025-09-06T21:37:28.145Z,2026-01-24T13:59:37.337Z,034eaa7e-6ebe-4134-5494-fbfbc43c72ec
cancelled,40be9d22-8181-4e4b-a39e-de9cf58bd9bd,22cc6a8f-9b50-4313-a8c9-a3c43b392d05,16c0f045-ad9e-4d23-8922-374a2534b914,4361747f-bbcd-4426-e55e-5ac00ba3e695,2026-02-09T07:58:50.384Z,sample_text_2947,63,,sample_text_7851,,sample_text_6241,7d07d517-dedd-404d-c698-f00e2aeb820f,sample_text_2264,in_person,309,sample_text_2417,,sample_text_414,true,sample_text_4764,sample_text_1495,sample_text_5900,sample_text_4309,false,2026-02-04T13:49:11.311Z,2025-10-09T16:20:54.522Z,b3ab5a31-3db7-455f-604b-d752ad0d37c7
completed,cd226c10-431d-480d-a421-1d701e50ccfb,0660e705-3f95-4fd9-a41a-321262e51eb3,4f68cba7-6170-4ab1-21f9-a7a23a74f8c0,98dc63d7-8988-4ff8-b7ca-2ab8d1f39352,2025-06-18T01:57:37.468Z,sample_text_8954,927,2026-02-10T19:27:59.921Z,sample_text_7533,511,sample_text_4332,cf7e2aea-c07d-4ed1-1fc0-69c3d64d741c,sample_text_238,in_person,799,sample_text_7507,512.79,sample_text_7480,true,sample_text_9418,sample_text_9103,sample_text_5096,sample_text_3837,false,2025-04-28T10:53:53.294Z,2025-06-03T22:33:07.448Z,5b22fa71-538f-4f40-5599-52754e6eb443
completed,6d40e92d-0da2-4340-cfdf-dd6fabc82eba,22cc6a8f-9b50-4313-a8c9-a3c43b392d05,aed83b90-feeb-480d-e57c-176768104c81,0519f110-4080-47f1-0e4d-53c0e3b18659,2025-05-11T09:09:43.323Z,sample_text_8899,888,2025-09-08T22:26:30.921Z,sample_text_1608,503,sample_text_924,7d07d517-dedd-404d-c698-f00e2aeb820f,sample_text_7057,in_person,80,sample_text_2159,833.42,sample_text_6820,false,sample_text_4478,sample_text_1748,sample_text_7311,sample_text_6824,true,2026-03-19T04:03:03.933Z,2025-06-15T04:16:01.188Z,ea49fb72-2050-42e2-81c3-091e5dbcc276
completed,3e4980f0-0d96-49a6-305a-889e4d06e28f,0f853a45-92cb-4e08-bb3a-9f894364a97f,343e4691-d779-4742-a9b6-c828fbb55b61,5bcd0cf0-44a3-4e73-1c78-3d3c73e703b3,2025-10-14T02:35:48.165Z,sample_text_9784,105,2026-02-27T06:35:37.428Z,sample_text_6727,645,sample_text_9267,6a49f986-fadb-4bcd-512c-c56d68c9b08b,sample_text_8403,in_person,885,sample_text_2865,323.1,sample_text_2016,true,sample_text_6425,sample_text_5564,sample_text_4182,sample_text_7422,false,2025-04-17T23:14:37.402Z,2025-12-02T15:04:14.337Z,b3ab5a31-3db7-455f-604b-d752ad0d37c7
partial,eb5cd5e5-ee89-4729-2124-008ccb29d6d4,e4ebc728-43de-4dc6-8cfd-0a6e04ab4faf,e112e16e-d7d4-47de-a1f6-038db1f702ae,26241fc8-1326-4f27-2a84-eb284a0bd4ba,2025-11-30T19:49:15.378Z,sample_text_6022,449,2025-12-15T06:23:10.638Z,sample_text_8498,195,sample_text_5812,9c9bf7cc-e7e9-4ae2-6497-3685d6fe38d9,sample_text_305,in_person,389,sample_text_708,655.14,sample_text_8565,false,sample_text_145,sample_text_7855,sample_text_500,sample_text_4218,true,2025-11-13T06:52:12.728Z,2026-02-10T12:09:07.141Z,621e454c-d590-4953-4dc4-27d658cef254
completed,dd2fab46-731d-4df4-8f75-377c22c2db5c,239d70c0-edab-4bf4-a388-f3e9c190ee86,5b1b6bbb-ac85-477d-9a11-d480281a4b21,6ca9565d-394f-4984-5af6-b337411ec843,2026-01-06T17:34:43.173Z,sample_text_5921,805,2025-08-19T03:16:33.696Z,sample_text_3798,563,sample_text_7153,9c9bf7cc-e7e9-4ae2-6497-3685d6fe38d9,sample_text_7889,in_person,699,sample_text_1345,674.05,sample_text_5796,false,sample_text_4631,sample_text_9854,sample_text_3096,sample_text_9996,true,2025-06-08T01:03:43.119Z,2026-03-26T18:33:09.190Z,6a49f986-fadb-4bcd-512c-c56d68c9b08b
completed,327b79cf-d12a-40c5-b87c-467ba5de107d,92cf908b-38ac-4b5d-0803-1a8f60b5c6b9,3a19d003-2447-4c77-d435-69866c42a3e8,44e96aef-1775-4e8c-e285-02e0cadba8e3,2025-06-29T20:01:08.502Z,sample_text_9867,77,2025-09-11T17:06:04.076Z,sample_text_7391,982,sample_text_6611,1f8bb59a-e0eb-4b2b-fe13-07a0c2675cb8,sample_text_9804,in_person,381,sample_text_2911,787.17,sample_text_3905,false,sample_text_4913,sample_text_366,sample_text_9128,sample_text_1711,true,2025-07-21T01:22:44.832Z,2026-02-22T08:43:57.250Z,6cd68fef-f7ed-4b57-a09f-e6e7ee2302bd
cancelled,55d960a1-4e71-4b73-ab0c-9b469bcda41e,354a8aed-8ff3-48d7-00fd-76a6427a85cc,1eca3985-996e-497f-4644-294968d742b8,31e6dcd8-7b5b-4c54-b419-66da1259c0d7,2025-06-24T17:40:48.898Z,sample_text_1904,600,,sample_text_3062,,sample_text_9229,c99158d6-bd93-42cc-6585-6fedbda473c8,sample_text_2560,in_person,198,sample_text_6783,,sample_text_2777,false,sample_text_3299,sample_text_5483,sample_text_5116,sample_text_4477,false,2026-01-30T23:07:19.229Z,2025-06-27T13:11:47.397Z,074f3f9d-1d98-495a-36ce-ea4c10de32e7
completed,768364f8-67ad-49a2-ae5d-6a2b2fd5dce2,354a8aed-8ff3-48d7-00fd-76a6427a85cc,4ca6797c-e546-4f8b-df90-dbb08907d99e,36fa19ad-37fd-44f9-4a36-73f18ecfe5f4,2026-02-20T06:33:32.944Z,sample_text_4213,431,2026-03-16T09:26:57.885Z,sample_text_9101,733,sample_text_6261,6cd68fef-f7ed-4b57-a09f-e6e7ee2302bd,sample_text_163,hybrid,21,sample_text_66,776.89,sample_text_2595,true,sample_text_7356,sample_text_5979,sample_text_7003,sample_text_5473,true,2025-06-30T10:31:39.487Z,2025-10-30T23:51:06.519Z,02eac898-e03e-4ede-7167-c2b3f40e7d1a
completed,b98c708d-66c0-461f-4723-ce0bf2de783c,b67c6dd5-03b5-49d6-f6fa-91a5dcce714c,e112e16e-d7d4-47de-a1f6-038db1f702ae,d914d5ce-2aec-454b-3d59-d028d03124f6,2025-04-30T03:36:46.534Z,sample_text_8468,763,2025-05-01T02:48:34.769Z,sample_text_4805,632,sample_text_3715,5b22fa71-538f-4f40-5599-52754e6eb443,sample_text_7472,hybrid,198,sample_text_7087,821.6,sample_text_5993,true,sample_text_7473,sample_text_3732,sample_text_8852,sample_text_8500,true,2026-01-20T14:00:30.487Z,2025-10-29T05:32:29.636Z,6601188e-454e-46f8-39d3-12e3a2450d73
completed,da91c7c9-878b-48e2-cd03-1a73901f3930,ec23acc1-d133-44fb-ce18-66435eb26d60,7cc152ca-2334-4efd-8c58-4327009bcdb6,3e334f12-6fd2-4fbe-3f23-a1309343356d,2025-06-11T08:57:51.745Z,sample_text_7001,194,2026-02-18T11:02:38.922Z,sample_text_6524,414,sample_text_606,af45888d-3cda-415b-1d81-91022a417bde,sample_text_6800,in_person,810,sample_text_12,732.91,sample_text_5595,false,sample_text_2217,sample_text_6595,sample_text_3266,sample_text_1354,false,2025-09-10T15:01:54.144Z,2026-03-08T00:12:21.390Z,6cd68fef-f7ed-4b57-a09f-e6e7ee2302bd
cancelled,a2276ed6-f761-4bef-2673-823aa4adf6e2,7b01d302-0a70-4c31-f833-da69c718f73d,94519cc1-bdc7-4549-769e-8964efcea7c6,d914d5ce-2aec-454b-3d59-d028d03124f6,2025-05-24T16:06:57.617Z,sample_text_3119,130,,sample_text_4381,,sample_text_889,9c9bf7cc-e7e9-4ae2-6497-3685d6fe38d9,sample_text_1721,in_person,635,sample_text_279,,sample_text_9096,true,sample_text_961,sample_text_4299,sample_text_280,sample_text_5513,false,2025-06-30T15:01:19.299Z,2025-09-29T01:39:36.490Z,2f694710-7063-42cd-b6b6-33ab87581536
cancelled,986c14ba-2591-463f-77ea-a4e7522fd0ad,239d70c0-edab-4bf4-a388-f3e9c190ee86,e536d26c-1212-499f-3401-979cc6978147,44e96aef-1775-4e8c-e285-02e0cadba8e3,2026-02-14T02:57:16.176Z,sample_text_7946,34,,sample_text_7449,,sample_text_3877,760e9861-7716-4fc7-6676-f5213f248cda,sample_text_5036,hybrid,648,sample_text_6667,,sample_text_8760,true,sample_text_2278,sample_text_2822,sample_text_8040,sample_text_4218,false,2025-07-13T15:43:26.088Z,2025-09-01T08:05:01.698Z,6601188e-454e-46f8-39d3-12e3a2450d73
partial,ec805ba6-028f-4352-7e68-be103c871de8,e2e17755-5579-455b-5775-badd073cd6e2,89bd14e2-cf78-45ab-904a-7a7f0f4a4010,4459d0bc-ac12-45e0-2241-37b73184e150,2025-08-25T12:18:56.356Z,sample_text_2302,567,2025-12-16T12:51:21.011Z,sample_text_5035,767,sample_text_2032,c99158d6-bd93-42cc-6585-6fedbda473c8,sample_text_1006,hybrid,660,sample_text_5985,11.64,sample_text_512,true,sample_text_8780,sample_text_5152,sample_text_7195,sample_text_6696,true,2026-01-14T00:15:18.771Z,2025-06-26T10:48:02.480Z,b68d9d85-277a-4f14-1564-cbb9598388f9
completed,7f4c75a1-8ac8-4218-6930-d9cb5d5f036f,f9139713-caa6-44fc-57f8-54d13d1981b1,94519cc1-bdc7-4549-769e-8964efcea7c6,3e334f12-6fd2-4fbe-3f23-a1309343356d,2025-09-06T22:50:47.007Z,sample_text_3347,395,2025-06-26T14:54:47.807Z,sample_text_3298,557,sample_text_5408,2fd3b0e9-a8a5-42ef-ecf1-96898dccef87,sample_text_3767,hybrid,543,sample_text_9796,948.04,sample_text_1443,true,sample_text_4890,sample_text_3134,sample_text_1224,sample_text_5727,false,2025-07-20T01:32:17.535Z,2025-09-29T00:23:12.496Z,ea49fb72-2050-42e2-81c3-091e5dbcc276
no_show,30c1a022-3c2e-4a8e-41d7-ed0b1732f2b6,ec3dd584-9571-48a4-dbfd-905d9bdad20d,f902ac6e-7076-46f8-2ee0-d0970401682b,36fa19ad-37fd-44f9-4a36-73f18ecfe5f4,2025-10-15T19:16:42.261Z,sample_text_958,883,2026-03-03T19:54:30.168Z,sample_text_6321,715,sample_text_9573,074f3f9d-1d98-495a-36ce-ea4c10de32e7,sample_text_6155,virtual,328,sample_text_6917,77.91,sample_text_8483,false,sample_text_4792,sample_text_3670,sample_text_8771,sample_text_7253,true,2025-10-19T03:32:15.321Z,2026-01-06T10:38:05.549Z,59b39d5f-196d-4a89-1b1d-30029759628a
completed,d1ebad86-15c1-4e19-e6dd-fa8f1d7101e0,02921be7-21ab-4274-eb8c-fd17367ef932,7cc152ca-2334-4efd-8c58-4327009bcdb6,ab6bc2eb-0064-48a7-7f0c-9a1783bcd064,2026-01-21T20:49:00.446Z,sample_text_6856,736,2026-01-01T12:57:21.315Z,sample_text_8748,869,sample_text_580,9eaa373f-8df1-4b6c-b2c9-c62b6f3363fe,sample_text_4085,virtual,941,sample_text_2582,7.18,sample_text_5574,true,sample_text_9123,sample_text_3442,sample_text_3126,sample_text_9092,true,2026-03-18T12:07:02.814Z,2025-08-10T15:55:07.120Z,01576ed3-e96e-415a-7c79-d2b4e79c9251
completed,71281a17-6649-488e-0029-c1bd63602b85,81bdd85f-842c-462f-80f2-77e9a08b68bb,89bd14e2-cf78-45ab-904a-7a7f0f4a4010,3aaad658-14e8-4861-52c9-2341f1d4e7da,2025-08-17T23:01:28.564Z,sample_text_9206,876,2025-04-30T23:28:27.066Z,sample_text_9704,9,sample_text_7219,59b39d5f-196d-4a89-1b1d-30029759628a,sample_text_1146,in_person,771,sample_text_3615,73.05,sample_text_2137,true,sample_text_7504,sample_text_6129,sample_text_8152,sample_text_3652,false,2026-01-16T09:42:16.054Z,2025-11-19T04:56:52.468Z,9b6a74d9-b351-48c9-fd99-3ea43ff586df
completed,0baca247-d10a-4dd7-44a1-cb45ea8334c8,ec3dd584-9571-48a4-dbfd-905d9bdad20d,fecc715c-91cf-4144-4e6d-27d53565cfa5,36fa19ad-37fd-44f9-4a36-73f18ecfe5f4,2025-11-25T15:00:36.526Z,sample_text_3793,673,2025-05-01T19:38:04.709Z,sample_text_1921,846,sample_text_4131,7275a4a2-65a3-47ed-3d1e-7026f453021d,sample_text_5920,hybrid,853,sample_text_1121,316.02,sample_text_9350,false,sample_text_488,sample_text_6141,sample_text_2702,sample_text_2213,true,2025-11-19T08:55:57.771Z,2026-03-12T18:26:34.382Z,1f944d7a-c145-4606-b226-ca59addffefd
completed,d9508ca8-defc-433b-9153-9e4d335dc654,92cf908b-38ac-4b5d-0803-1a8f60b5c6b9,f902ac6e-7076-46f8-2ee0-d0970401682b,5ad3d718-54d7-4cd2-1fcf-87aea33287e9,2025-11-02T03:24:26.075Z,sample_text_7060,412,2025-10-08T02:58:45.712Z,sample_text_8866,275,sample_text_9037,72571b3c-f6ea-4a2a-2118-2d3a77def4dd,sample_text_4378,in_person,65,sample_text_5605,99.77,sample_text_856,true,sample_text_9784,sample_text_4240,sample_text_1855,sample_text_5991,false,2025-08-31T06:50:59.759Z,2026-01-09T01:59:37.996Z,9b6a74d9-b351-48c9-fd99-3ea43ff586df
completed,c1253409-4a05-41d0-55e3-87bcfcdf9867,1797da59-3197-4d22-4628-5686cdfac972,2bd4f3bc-df4b-49c7-997f-c11868da495a,40dc6875-50a3-4da6-8104-124ea7a529fb,2025-10-23T11:09:22.663Z,sample_text_7938,702,2025-07-17T07:06:41.899Z,sample_text_3992,933,sample_text_6532,d686c193-7466-44fb-b1a6-37325154df4c,sample_text_1322,in_person,473,sample_text_4638,10.38,sample_text_3680,true,sample_text_9635,sample_text_2632,sample_text_7615,sample_text_3061,false,2026-04-11T11:04:02.120Z,2025-10-14T21:05:10.958Z,3bfa1ef4-6a42-4cc6-e6e5-1989f79cca90
completed,fbdc3804-89a6-4164-c4a8-0467d7fc5b16,f2392f7d-a5b0-4fcc-13a3-f5b494facaed,e394ca10-b5a0-45cc-8730-3524aff8641a,2de16969-104d-43a0-bfd9-fe690d9d6eac,2025-06-06T04:47:23.692Z,sample_text_9585,49,2025-05-20T11:35:29.446Z,sample_text_8190,900,sample_text_6347,03983122-261d-403c-9284-32860383f137,sample_text_294,hybrid,687,sample_text_1261,450.64,sample_text_8669,false,sample_text_7926,sample_text_5103,sample_text_1712,sample_text_3142,false,2025-06-18T03:51:32.932Z,2026-02-22T22:47:04.730Z,faab496b-a78d-4496-aa0f-1f0957801a80
completed,20275477-9665-45ef-e4e9-8715a56a249a,04f767dc-1a7c-43e8-2019-c5577d3ae052,2a4e5e57-fab3-47be-aa17-438ff8cedd26,2de16969-104d-43a0-bfd9-fe690d9d6eac,2025-09-08T04:17:45.013Z,sample_text_6986,342,2025-12-22T00:17:40.864Z,sample_text_1607,776,sample_text_5163,e4a45791-4bec-432e-83c4-834772750abf,sample_text_7935,in_person,215,sample_text_5005,162.21,sample_text_8545,false,sample_text_9910,sample_text_4291,sample_text_7535,sample_text_1089,false,2025-05-17T16:48:38.601Z,2026-03-26T07:42:32.920Z,ade33206-8c00-4f20-4bf1-7781c1eb9609
cancelled,06caef54-dfed-42c6-1dae-f710b4e84a47,5b87189e-f2c1-4df6-c8e6-85342cf1a109,a41d4030-6171-4181-a953-5d0104c592fd,7e8ad38f-d17c-4824-3c91-c8579a6b5e5f,2026-02-08T09:34:42.497Z,sample_text_7481,529,,sample_text_639,,sample_text_4074,1f8bb59a-e0eb-4b2b-fe13-07a0c2675cb8,sample_text_3324,in_person,526,sample_text_7344,,sample_text_4940,false,sample_text_8298,sample_text_573,sample_text_9874,sample_text_5238,true,2025-04-24T19:32:36.372Z,2025-12-05T19:46:01.427Z,ea49fb72-2050-42e2-81c3-091e5dbcc276
