id,student_id,school_id,attendance_rate,attendance_trend,days_absent_last_30,chronic_absence_flag,gpa_current,gpa_trend,math_assessment_pct,reading_assessment_pct,assessment_trend,proficiency_level,growth_percentile,missing_assignment_rate,missing_assignments_count,total_assignments_count,assignment_trend,behavior_incident_count,behavior_incident_trend,suspensions_count,engagement_score,data_completeness,last_sis_sync,last_lms_sync,last_assessment_sync,computed_at,created_at,updated_at
eed36017-e668-4526-c063-3475f96af575,ef30f378-ae06-4200-e466-b63a46dd4365,c41be56c-1b03-4f83-3798-7ff82c84c273,78.18,685.22,14,true,30.18,657.51,639,183,459.99,20.15,508,57.6,1012,7114,854.57,6127,893.72,9596,564.54,708.79,2025-10-12T19:06:48.565Z,2025-12-04T04:02:44.195Z,2025-08-20T08:30:30.859Z,2025-09-22T15:59:22.944Z,2025-05-10T05:57:39.758Z,2025-09-04T02:13:31.437Z
6c16fbd6-a9ca-43b3-d163-fc8514f74c2e,8a50d483-aa92-4384-4deb-3d5c6bf0f0f7,b017f20d-2b75-45dd-64d2-722f145a78d0,68.23,368.6,964,false,217.37,508.27,75,653,610.86,986.12,439,53.74,7531,4988,852.7,2759,945.54,8180,615.35,662.26,2025-04-21T01:53:49.115Z,2025-08-29T10:57:57.856Z,2025-04-12T08:20:38.040Z,2026-03-29T10:03:04.688Z,2025-04-21T07:32:42.653Z,2025-09-19T04:41:58.047Z
43e5e3ed-7585-401f-7fb8-b93050deba1c,fb441a9a-76af-4633-ef6e-1ccf7e88caa7,1c4d8e9f-05af-4567-fc15-60738335dd73,45.3,381.14,845,true,707.82,590.49,973,11,312.21,174.74,157,94.29,4398,6450,432.68,7751,959.21,9534,762.13,195.2,2026-03-04T15:32:00.298Z,2025-06-04T12:43:46.724Z,2025-10-30T08:51:57.269Z,2025-05-19T18:28:40.042Z,2025-11-21T07:25:48.168Z,2025-11-12T16:45:58.592Z
09bc04d2-624e-45e4-0ac2-2db8e3187375,afb57115-93e2-41e4-19fb-726afc7dc847,c41be56c-1b03-4f83-3798-7ff82c84c273,99.74,605.08,696,false,509.3,961.37,266,379,20.02,400.21,878,9.7,5797,1362,883.4,9935,20.79,1349,276.22,237.25,2026-02-28T19:02:07.216Z,2025-11-18T02:02:11.509Z,2025-09-20T17:46:14.440Z,2025-11-14T08:40:17.526Z,2025-12-31T02:52:06.483Z,2025-12-03T15:12:04.155Z
69342d59-949f-4f6c-54d8-5b59f14879d7,44e91cce-ea65-438a-461a-9f0cf86acc81,314cdd92-266e-488d-cf88-6e18f6db8ca6,36.87,916.37,530,false,63.91,313.42,857,902,668.08,378.15,376,21.79,2155,5737,534.97,7968,920.86,3135,853.11,731.45,2025-11-10T17:50:00.178Z,2025-05-10T13:39:35.930Z,2026-03-14T23:14:37.512Z,2025-04-14T18:40:50.730Z,2026-03-31T20:21:16.714Z,2025-05-10T18:22:00.119Z
9cdc2bd4-6b95-49e9-4768-451961e44496,08c9d53b-5bb4-4a4e-3e69-2fcd9679e99e,32a1daeb-123e-4dbe-b622-aea59b73722d,7.14,594.66,542,false,622.01,657.63,621,728,426.94,313.62,968,44.28,7584,8801,289.19,505,729.37,2088,581.38,699.68,2025-09-11T05:20:40.224Z,2025-08-13T21:20:16.250Z,2025-11-22T02:28:52.807Z,2026-02-28T18:41:32.513Z,2026-03-17T13:22:48.958Z,2025-10-28T08:43:00.433Z
1a0b68e1-0413-4cca-ec56-fd3aa232b84e,19b0ce65-5cea-46af-9685-0855cb090984,fecc715c-91cf-4144-4e6d-27d53565cfa5,69.54,824.03,596,false,405.27,782.28,671,240,124.73,772.3,389,23.71,1297,37,230.9,3716,737.8,7352,637.76,82.72,2025-04-29T18:46:53.227Z,2025-07-29T02:54:43.983Z,2026-03-01T02:52:40.380Z,2025-06-28T10:48:40.208Z,2025-10-10T12:17:24.741Z,2026-02-02T04:26:54.675Z
baf16394-e58e-40b4-1647-f7e0e6486c46,83c0f5a4-11a8-4b1f-5064-e6047d878674,59faa8f0-e266-467f-aa62-7fd97008cad7,20.26,833.95,397,false,607.63,295.57,751,201,146.85,972.26,562,21.85,3352,685,833.47,1279,428.97,8163,666.66,723.05,2026-02-27T03:57:21.111Z,2025-08-26T09:29:56.830Z,2026-03-29T17:51:47.473Z,2025-07-08T12:56:55.976Z,2025-08-26T12:50:47.945Z,2025-12-01T06:11:51.466Z
14a58292-7672-4e3d-5cc4-24244b839ae0,49c0f8d8-fcc1-4c41-a548-3ff914a66692,2d706e75-fd47-4d6b-cc14-10a1bf804d62,80.74,90.1,407,false,575.04,38.54,133,244,385.76,592.97,798,31.81,4769,3205,581.53,2442,221.9,6871,424.76,860.15,2025-08-12T00:42:55.719Z,2025-05-19T21:01:35.673Z,2025-08-18T12:58:50.667Z,2025-09-14T20:51:12.399Z,2025-09-19T20:38:16.697Z,2025-11-16T02:36:27.007Z
795b04ab-9869-422a-abde-090f65c34c8e,44e96aef-1775-4e8c-e285-02e0cadba8e3,00e48b05-b6cb-410f-1525-6668c44bdb40,0.13,649.37,271,true,827.99,496.55,595,587,554.94,318.03,599,49.94,1176,5213,193.44,5636,533.74,1716,964.96,579.07,2025-09-10T03:55:43.362Z,2026-04-04T17:24:16.221Z,2025-07-18T08:10:03.198Z,2026-04-09T23:12:34.039Z,2025-05-02T13:15:39.282Z,2025-08-05T03:27:17.127Z
62cc70ec-bef7-4e95-2ae0-015b6328a5af,0519f110-4080-47f1-0e4d-53c0e3b18659,291d99ad-c85c-4557-8915-25527607d5cf,81.04,518.46,119,true,157.11,330.13,542,711,328.29,153.79,49,3.46,2643,6353,55.55,9570,499.11,4293,29.02,205.95,2026-03-10T02:09:52.054Z,2025-08-16T21:47:07.445Z,2025-07-25T07:46:58.691Z,2025-11-04T06:13:02.581Z,2025-12-19T09:56:09.611Z,2025-11-24T20:32:20.620Z
8ee4d9b1-3ef2-4a89-4334-74b1472ca6a2,dc5c38cd-11bd-4d48-b540-0659ffe8f55b,291d99ad-c85c-4557-8915-25527607d5cf,9.94,445.61,853,false,626.8,244.21,998,322,782.58,427.98,731,76.47,4576,4174,975.47,7134,711.29,5453,424.98,947.41,2025-09-23T03:07:45.720Z,2026-01-01T11:14:13.894Z,2026-02-01T15:36:57.461Z,2026-02-03T22:15:22.091Z,2025-09-02T05:20:12.299Z,2025-10-02T10:01:38.277Z
591766e6-f158-4cf5-7a29-354b846c866c,0e77db3f-7cdc-48b3-e10c-c05d74f5b464,f902ac6e-7076-46f8-2ee0-d0970401682b,41.25,161.49,893,false,39.43,793.26,789,63,314.03,210.47,668,76.37,2670,3702,805.05,7886,37.78,2589,528.49,24.26,2025-10-04T10:34:55.260Z,2025-07-27T18:04:15.570Z,2025-09-23T09:43:12.179Z,2025-09-04T23:33:45.249Z,2026-02-09T19:30:20.523Z,2025-05-11T20:14:47.907Z
f9175cc7-3b88-49e8-a44e-6da1f9a4d4a8,73e655b7-927f-4010-5d38-ed87d5958465,0898bc8a-8083-4b0c-faf9-0f5d0224e73e,73.05,343.12,47,true,992.14,90.04,365,296,703.69,225.91,911,52.73,3740,254,317.65,5775,291.07,7827,899.6,89.77,2025-10-25T02:35:59.496Z,2025-08-05T02:02:25.278Z,2025-11-10T10:09:41.298Z,2025-07-12T08:56:12.371Z,2025-11-06T18:59:07.802Z,2025-04-18T00:53:48.017Z
7dd90651-0998-4403-4fd9-b8fd167b6e8d,63b3d997-8d4b-4027-f32c-5ba74efdff76,f3e56a9d-701d-4138-17b4-468168466ac1,33.6,328.51,255,false,747.73,863.01,804,975,195.03,842.05,208,90.32,2832,3166,109.14,1862,478.16,4613,749.96,54.21,2025-12-03T20:39:10.213Z,2026-01-19T12:08:37.082Z,2025-12-02T07:44:44.884Z,2025-06-02T12:46:21.583Z,2025-05-06T14:52:27.196Z,2026-03-03T22:12:57.403Z
984e37a5-54d5-4816-5e9f-4af8ad46caf3,f61f2a14-3a64-4170-c4e0-7f394614ec15,314cdd92-266e-488d-cf88-6e18f6db8ca6,32.05,558.08,755,false,847.77,846.07,204,430,373.72,422.66,35,16.36,1703,9715,877.86,3166,233.04,3917,886.55,680.56,2025-07-20T02:20:22.912Z,2026-01-19T15:51:45.210Z,2026-01-28T12:42:17.199Z,2025-09-27T13:33:14.182Z,2025-11-06T07:01:08.574Z,2025-09-24T04:21:27.430Z
34854fba-705f-4ca0-cc2a-ee09c2c32d49,8896db36-2d61-437b-b2c1-dc033ac04606,4ca6797c-e546-4f8b-df90-dbb08907d99e,95.87,937.63,776,true,42.84,156.76,20,945,405.47,667.88,203,77.75,1678,9871,30.11,9389,889.37,7575,166.73,689.7,2025-08-25T00:08:37.580Z,2026-03-27T19:05:38.232Z,2025-09-20T21:25:46.633Z,2025-08-09T07:27:35.360Z,2026-04-05T01:30:02.260Z,2025-04-23T00:20:25.800Z
86dd0887-300d-4172-23d7-fbe4eddd35af,b913d05c-d452-4b8d-58bc-5af42ecc92ad,343e4691-d779-4742-a9b6-c828fbb55b61,14.05,656.51,653,true,542.57,10.73,57,56,18.49,984.34,427,15.79,821,9632,332.04,8441,407.5,8976,96.08,116.88,2025-05-11T18:50:40.603Z,2025-10-15T02:54:35.490Z,2025-05-30T10:15:21.114Z,2026-03-23T17:39:15.452Z,2025-08-30T15:54:49.864Z,2025-09-25T20:29:40.478Z
ca052f0a-388f-4bb0-bbb2-013bfa3b6ba9,942582d6-df90-465e-0a7c-344463dcc5fc,73370ee3-24e1-494c-b530-e79710873eeb,40.16,844.22,485,true,316.29,696.95,447,806,996.59,875.74,804,67.16,4888,8276,176,8237,228.73,5184,108.31,297.27,2025-09-29T05:48:25.920Z,2025-06-22T23:28:27.431Z,2025-08-31T16:51:39.518Z,2026-01-18T09:44:13.585Z,2025-07-30T16:53:22.423Z,2026-02-06T21:11:28.431Z
159a726a-9f8c-41c9-44e4-6379bb01ae89,230051a7-77f6-49c9-6d7a-c1c341da56c9,615ffcad-04ca-4584-4505-45cbefd50d58,53.98,706.86,995,true,3.59,956.06,507,741,788.42,731.99,172,35.32,5324,836,863.16,7916,628.8,132,165.95,539.42,2025-10-11T19:24:36.153Z,2026-03-16T03:24:57.014Z,2025-05-26T06:19:48.384Z,2025-12-13T03:07:15.359Z,2025-12-25T20:01:46.544Z,2025-09-14T18:16:05.168Z
b6d4fd5f-f45e-4eb1-b624-9b37497a8ca0,44e91cce-ea65-438a-461a-9f0cf86acc81,2e842555-494e-4eac-25b2-d2a4430cc9ed,48.59,313.41,401,false,805.45,718.91,20,696,298.99,955.13,353,27.6,1710,4072,483.92,7429,635.88,8854,999.36,230.5,2025-10-13T09:40:46.785Z,2025-12-10T18:04:07.342Z,2025-05-31T05:10:27.313Z,2026-01-19T07:04:35.561Z,2026-01-27T12:53:50.247Z,2025-05-07T13:24:40.555Z
b4c4da4a-94ac-46b4-f03b-883144db3189,974aa30d-547e-4e21-86d6-1f3c34623f7f,1eca3985-996e-497f-4644-294968d742b8,6.38,455.58,315,true,54.47,936.04,150,748,210.5,509.78,99,26.2,8538,5448,375.23,6952,740.79,6266,318.02,321.78,2025-07-18T07:23:31.624Z,2026-01-18T04:08:06.726Z,2025-06-09T20:37:54.591Z,2025-08-21T22:42:41.153Z,2025-06-10T02:16:06.641Z,2025-06-30T20:00:09.037Z
64b1bc20-f3c1-4bdd-44ca-4275b9050959,e66f5152-bb91-495c-70a1-919b8657aacd,e536d26c-1212-499f-3401-979cc6978147,22.14,102.05,414,true,543.98,481.74,355,724,653.13,255.49,735,27.04,1224,7532,795.18,9956,272.37,3501,812.71,687.61,2025-06-09T21:43:10.673Z,2026-02-15T03:26:33.506Z,2025-10-07T20:31:06.221Z,2026-01-25T11:07:57.789Z,2025-09-19T17:22:07.945Z,2025-06-09T17:58:52.976Z
00b967d3-fd5b-4052-e21b-47ac2f0201ca,4459d0bc-ac12-45e0-2241-37b73184e150,5b1b6bbb-ac85-477d-9a11-d480281a4b21,92.24,403.17,399,false,141.76,91.86,805,758,575.78,922.04,544,96.76,9811,5049,113.87,1427,901.56,7477,567.87,201.79,2026-03-12T17:01:14.750Z,2026-04-04T11:59:08.360Z,2026-01-03T15:55:33.210Z,2025-05-30T01:24:56.668Z,2025-04-21T17:40:08.672Z,2025-10-16T07:48:44.673Z
d98d68bf-04e0-44bf-0637-d11e3bdb296c,6ca9565d-394f-4984-5af6-b337411ec843,b9a92613-a49f-49ac-02ac-12389b77c55c,39.98,683.31,327,false,455.57,487.3,169,790,143.4,557.59,333,60.94,1214,1332,431.35,7222,350.98,7555,312.82,468.79,2025-05-05T11:40:06.179Z,2026-02-06T21:55:57.361Z,2025-11-25T16:56:33.774Z,2026-01-27T02:12:56.851Z,2025-05-07T17:02:55.042Z,2026-02-14T13:56:41.137Z
54b84770-1081-4628-83ab-b0f0a037374b,44e91cce-ea65-438a-461a-9f0cf86acc81,1612581f-ee93-42bd-8ca1-106ca3f5fb8d,67.13,196.3,342,false,629.89,851.75,815,849,155.55,157.02,722,24.92,161,6537,686.03,5767,95.35,8467,429.2,647.57,2025-07-09T05:12:04.703Z,2026-03-07T10:36:57.160Z,2025-12-18T01:03:25.572Z,2025-11-08T21:06:47.383Z,2026-01-21T18:12:22.239Z,2025-10-19T13:24:48.941Z
ba98e4d8-42a2-442b-4822-1a2f4469c7a8,08c9d53b-5bb4-4a4e-3e69-2fcd9679e99e,c41be56c-1b03-4f83-3798-7ff82c84c273,20.87,707.06,537,true,361.13,96.74,817,68,543.86,498.36,755,45.5,8764,5995,925.18,9263,184.11,5070,17.93,764.09,2025-04-25T03:21:57.298Z,2025-11-10T03:17:40.822Z,2025-12-07T06:10:12.017Z,2025-12-11T19:44:38.076Z,2025-08-29T23:30:17.694Z,2025-09-26T22:42:46.764Z
62485bba-306c-4832-d043-08197e1afcc6,44e96aef-1775-4e8c-e285-02e0cadba8e3,5b1b6bbb-ac85-477d-9a11-d480281a4b21,88.32,627.4,259,false,791.64,340.2,126,689,597.33,774.36,42,64.03,4523,334,591.61,7346,287.62,2585,782.4,215.55,2025-08-24T06:23:38.804Z,2025-08-21T18:51:10.620Z,2025-12-05T23:51:22.416Z,2026-01-09T16:56:29.882Z,2025-12-24T12:00:20.004Z,2025-12-31T07:31:57.157Z
301c18aa-b300-4dbd-945a-01e165300a11,98dc63d7-8988-4ff8-b7ca-2ab8d1f39352,2a4e5e57-fab3-47be-aa17-438ff8cedd26,2.99,381.95,767,false,703.7,900.6,708,136,999.39,259.52,952,93.07,9883,4685,322.16,4502,867.39,2140,222.41,515.27,2026-04-05T06:30:37.540Z,2025-06-29T10:24:01.216Z,2025-04-19T10:00:37.892Z,2025-07-24T09:54:17.750Z,2025-10-16T18:29:06.208Z,2025-09-04T11:01:26.739Z
4c902c83-4b4b-4079-58b4-5fb3de70ba1d,8a50d483-aa92-4384-4deb-3d5c6bf0f0f7,24557b57-0c13-4c0c-a3e9-39903a1a94a3,78.77,928.54,669,false,166.07,33.29,773,650,588.07,715.23,426,39.34,711,1003,723.07,6613,133.28,9344,739.23,924.33,2025-09-25T06:50:50.043Z,2025-09-02T12:51:59.450Z,2025-12-11T16:34:17.556Z,2025-05-02T19:24:30.953Z,2025-12-01T23:56:05.533Z,2025-10-28T02:30:10.594Z
a5eb891f-08c4-469f-ce7d-4106b94f0e2f,e66f5152-bb91-495c-70a1-919b8657aacd,32a1daeb-123e-4dbe-b622-aea59b73722d,75.9,922.98,430,true,76.09,909.5,196,470,424.88,395.74,534,31.95,7386,4471,126.44,6110,318.75,3429,170.68,879.04,2026-02-02T16:06:49.167Z,2025-12-21T08:05:08.390Z,2025-11-07T22:38:45.137Z,2026-04-06T09:04:42.357Z,2026-02-17T11:58:13.021Z,2025-10-11T18:50:36.726Z
c704d440-c441-4d23-b0f7-5e3c6716fd68,4361747f-bbcd-4426-e55e-5ac00ba3e695,7e8192d3-756a-4974-209e-dc1ea1cca26e,44.62,327.12,534,false,300.06,173.02,844,328,288.83,727.43,809,80.35,3658,6409,839.79,7462,658.82,8960,462.07,489.72,2025-05-28T05:47:38.874Z,2025-08-26T19:45:55.408Z,2025-12-15T16:39:52.669Z,2025-06-04T08:52:56.339Z,2025-12-15T19:09:12.499Z,2026-01-18T22:19:24.393Z
26f7cc51-1d3a-486f-5723-b5b55a85d187,fb441a9a-76af-4633-ef6e-1ccf7e88caa7,f902ac6e-7076-46f8-2ee0-d0970401682b,74.06,163.04,965,true,450.13,417.97,632,454,642.89,956.1,35,28.83,5148,9754,333.94,5924,28.59,5264,333.94,879.73,2025-09-06T14:09:29.284Z,2025-09-14T17:11:16.590Z,2025-10-24T01:11:48.852Z,2025-10-21T23:59:18.684Z,2025-05-31T13:32:39.307Z,2025-04-19T05:43:02.476Z
3a6d1dab-3dfa-4a2e-fe43-f418767c7547,152072c0-f075-4a77-bebe-aaa40d5c36c5,2e858920-a13b-46d3-3f94-8050bb03f098,98.33,181.8,656,true,67.57,987.17,515,628,402.07,727.77,341,99.14,7997,2335,689.53,6390,567.85,9815,373.93,694.66,2025-08-18T09:29:40.423Z,2026-03-17T19:31:04.403Z,2025-09-19T12:09:13.539Z,2026-01-16T18:09:54.636Z,2025-10-01T07:45:30.961Z,2025-10-06T16:12:11.276Z
6c15873d-633e-448c-f450-8deb32ff50ac,9a9475d1-a832-46dc-d803-59feef06073e,af7db41b-a69f-4ae5-eb9c-f59fa17dcd26,97.51,870.72,480,true,486.02,358.97,505,686,659.25,295.55,999,46.23,32,7046,814.74,7809,759.36,5162,712.53,980.21,2025-11-17T02:32:48.301Z,2025-06-15T10:23:45.525Z,2025-09-02T21:39:21.440Z,2026-04-09T06:01:57.684Z,2025-05-15T17:33:12.257Z,2025-12-24T22:05:38.296Z
ed9de1ea-6b08-45af-af77-cedd8bb6a235,25984c0e-a7ff-4156-822e-ec2fb55f198a,13905047-dc05-4f11-21d1-ceb2ff2a4ead,52.32,134.47,267,false,367.89,24.15,248,955,828.27,154.7,532,23.37,3959,2654,60.14,3492,368.79,4612,441.98,206.42,2025-09-05T16:34:08.959Z,2025-06-30T22:12:56.398Z,2026-03-29T04:43:50.879Z,2025-11-08T08:14:46.722Z,2026-02-14T19:14:05.161Z,2025-09-04T15:01:12.020Z
a31e6bfb-55d4-423f-878d-5dec87e3b266,08c9d53b-5bb4-4a4e-3e69-2fcd9679e99e,94dc4310-c140-4af7-8a5b-88c24ff5a5d3,69.78,584.96,138,false,251.07,116.32,364,918,740.68,903.86,453,37.4,1145,925,637.2,5922,437.65,107,640.13,967.27,2025-08-04T15:30:42.517Z,2025-11-05T16:17:02.275Z,2025-05-25T00:10:37.778Z,2025-09-08T06:07:43.769Z,2025-08-17T19:07:06.786Z,2025-04-12T18:23:07.483Z
75780342-b9ae-4700-865e-caa0f3ca0a12,152072c0-f075-4a77-bebe-aaa40d5c36c5,7cc152ca-2334-4efd-8c58-4327009bcdb6,63.7,779.16,762,false,784.51,801.57,814,748,333.33,441.3,495,39.33,2104,6061,602,488,227.62,5554,324.71,211.47,2026-04-11T20:33:13.764Z,2026-01-29T03:29:10.019Z,2025-09-03T16:48:22.995Z,2025-07-12T05:36:50.277Z,2025-10-11T09:48:21.124Z,2026-01-04T19:20:37.030Z
ee0ccddd-3046-4db6-14bb-1ba633fa1422,4ca4247e-c61f-4837-bf77-9c36a300d1a6,219980cb-3f77-4414-faeb-5f70b1472a36,52.01,998.26,856,false,349.33,973.66,774,286,881.92,108.36,348,97.01,9688,3297,503.25,3606,430.79,408,504.28,423.74,2025-06-04T12:49:46.607Z,2025-05-21T01:12:49.921Z,2025-05-01T18:31:52.823Z,2026-02-10T15:14:02.854Z,2025-12-15T13:30:41.492Z,2025-12-10T21:06:43.824Z
db811e77-5ea5-4f18-47ed-92f879e3078f,afb57115-93e2-41e4-19fb-726afc7dc847,eb97341d-2385-4175-9a86-c3256608e18e,74.88,526.8,72,true,362,263.14,918,946,73.42,171.06,368,6.89,5896,6774,933.03,6630,33.47,1414,915.76,371.01,2025-07-13T09:16:03.911Z,2025-11-01T20:42:44.309Z,2026-03-29T05:29:33.583Z,2025-07-23T07:34:16.470Z,2025-10-06T15:40:51.776Z,2025-05-24T22:17:48.145Z
17e4a0ee-2d01-4bb9-2522-13d70424f5da,152072c0-f075-4a77-bebe-aaa40d5c36c5,8fcce2e7-79c7-439d-1c00-1a62a46a56f2,78.99,293.14,14,false,607.81,914.29,777,439,809.04,896.77,496,83.84,5754,2484,789.99,927,625.06,46,226.69,600.21,2025-09-26T07:13:09.135Z,2025-11-20T02:00:48.150Z,2025-10-14T17:29:37.018Z,2025-12-21T04:51:21.214Z,2025-08-12T13:22:02.557Z,2025-09-30T01:42:48.885Z
6b44a56a-c827-45c6-91f7-0014569c4ac8,4459d0bc-ac12-45e0-2241-37b73184e150,32a1daeb-123e-4dbe-b622-aea59b73722d,37.1,258.4,639,true,618.55,737.88,279,756,994.84,462.8,933,45.23,6930,2198,115.52,3076,433.55,4908,257.86,747.98,2025-12-06T20:33:42.386Z,2025-12-12T12:37:46.189Z,2026-01-16T01:10:31.171Z,2025-10-08T10:29:47.578Z,2026-02-08T12:19:35.334Z,2025-09-22T20:28:49.457Z
9d4eabb7-8265-446e-793e-a4046f2fbb8a,74996144-2438-4454-03fb-d777b4c9db8b,b017f20d-2b75-45dd-64d2-722f145a78d0,28.16,189.46,886,true,19.48,351.95,896,947,795.09,116.08,530,95.69,443,845,879.73,5143,931.73,2552,634.7,19.75,2025-10-17T01:52:21.362Z,2025-12-25T07:42:21.295Z,2025-05-17T10:52:10.911Z,2025-08-27T17:14:41.461Z,2026-01-02T11:56:29.579Z,2025-07-01T22:54:13.123Z
44288d9d-3591-4970-e488-8d7c5a3cfe65,8ec11999-7a20-466e-84f7-f134e29d20eb,4fab3abf-dd8f-4d4b-ef39-52d4314418ca,24.97,361.83,918,false,583.22,379.93,320,925,699.84,234.05,162,29.13,9836,1983,946.1,630,100.06,593,775.96,860.36,2025-08-28T21:16:22.154Z,2025-04-26T03:47:23.603Z,2025-11-28T01:46:51.138Z,2026-01-02T00:24:47.137Z,2025-04-17T22:59:46.972Z,2025-04-12T23:11:41.503Z
29881489-60e8-4b9a-a8a8-d9219c2975da,3aaad658-14e8-4861-52c9-2341f1d4e7da,545d1106-2b34-4e12-24da-7673253ca1d7,74.2,227.14,740,false,39.31,655.79,919,591,872.05,592.7,588,58.9,7223,9530,418.75,1467,478.97,9643,996.01,332.45,2025-10-02T10:20:07.393Z,2025-10-27T14:46:59.861Z,2025-05-05T01:35:27.103Z,2025-10-19T08:21:27.122Z,2025-05-30T00:05:15.952Z,2025-10-25T14:17:17.162Z
f79b011e-369c-4212-1d27-2ce8b6d6d609,8ec11999-7a20-466e-84f7-f134e29d20eb,2d706e75-fd47-4d6b-cc14-10a1bf804d62,5.91,846.1,878,true,511.67,999.1,698,436,387.74,863.12,298,89.01,8221,3065,359.68,373,83.81,8079,425.34,118.05,2025-11-24T19:12:24.331Z,2025-07-19T20:40:51.494Z,2025-10-04T21:13:48.399Z,2025-06-27T04:02:50.346Z,2026-03-13T05:17:10.078Z,2026-01-07T01:50:06.970Z
852a13b3-e37e-4a47-fe4d-fa423de9029f,19b0ce65-5cea-46af-9685-0855cb090984,4fab3abf-dd8f-4d4b-ef39-52d4314418ca,45.65,873.12,432,true,406.6,473.87,246,587,679.87,876.23,219,13.13,1580,8764,285.92,8080,150.2,4630,442.99,787.78,2025-07-07T09:32:49.501Z,2025-12-09T14:44:30.681Z,2025-12-24T10:24:41.249Z,2025-06-02T17:00:22.014Z,2026-02-15T13:24:24.339Z,2025-07-08T07:03:52.488Z
1d11200a-f29f-482c-8d5e-d2d66b15c5cc,4f6d2f72-e04a-4494-a2d8-a7c9330625ec,b017f20d-2b75-45dd-64d2-722f145a78d0,20.05,79.84,38,true,103.32,870.65,143,943,30.83,411.37,295,74.29,4815,5029,467.52,6900,117.07,1553,539.45,928.02,2025-04-29T08:11:24.333Z,2025-05-12T19:44:16.728Z,2025-07-27T19:10:34.990Z,2025-05-31T06:59:26.597Z,2026-04-07T01:53:23.601Z,2025-12-12T12:28:15.363Z
8b253d3f-9c2e-41ea-65f9-b9338afaae57,b913d05c-d452-4b8d-58bc-5af42ecc92ad,73370ee3-24e1-494c-b530-e79710873eeb,60.71,230.9,105,true,392.91,369.82,515,680,664.08,996.78,398,10.57,2905,6937,262.53,7520,658.38,455,67.4,230.6,2025-10-18T19:02:33.339Z,2025-07-29T10:02:26.946Z,2025-11-22T18:11:01.543Z,2025-08-10T20:31:18.457Z,2025-07-07T04:28:09.275Z,2026-02-09T06:34:43.056Z
69da04a3-43b3-40c9-dd64-339f3d4d7c9a,a37257b2-9391-4433-6110-687c09f379ec,c41be56c-1b03-4f83-3798-7ff82c84c273,1.03,972.74,610,true,266.37,391.07,131,77,878.05,624.07,482,87.56,6796,542,976.99,3730,789.6,7296,687.98,125.32,2026-03-01T06:20:02.655Z,2025-06-17T14:55:13.071Z,2026-02-05T10:46:55.822Z,2026-01-25T07:47:26.903Z,2025-09-24T10:37:30.554Z,2026-02-28T15:01:30.297Z
e70f08d4-fa02-4a86-5cab-e341abe9ea23,73e655b7-927f-4010-5d38-ed87d5958465,1eca3985-996e-497f-4644-294968d742b8,94.77,123.27,168,true,412.35,337.41,257,888,267.91,170.06,131,35.93,1312,9818,2.19,5366,834.36,9506,839.57,728.92,2025-11-10T10:37:46.407Z,2026-03-11T05:06:17.125Z,2025-11-14T00:21:38.201Z,2025-07-11T08:26:16.240Z,2025-09-04T04:56:06.237Z,2025-10-07T14:00:32.494Z
bf576117-4f8e-4c4b-4d83-3178b181f51a,2de16969-104d-43a0-bfd9-fe690d9d6eac,837a9baf-7fed-4fe4-630e-eeaf60164bcb,24.65,72.02,884,true,495.99,981.54,544,27,322.02,449.3,166,90.11,6931,9847,764.12,4121,7.78,1713,92.94,296.07,2025-09-15T05:10:42.267Z,2026-01-12T01:40:29.049Z,2026-04-04T02:35:19.462Z,2025-11-16T01:06:32.718Z,2025-12-13T00:42:25.299Z,2025-04-30T14:07:34.701Z
730ea2ce-78b8-43c8-cb55-aa46fdff5b01,974aa30d-547e-4e21-86d6-1f3c34623f7f,aed83b90-feeb-480d-e57c-176768104c81,32.44,774.71,287,true,813.99,749.13,19,173,409.49,86.98,821,24.91,7087,8771,959.16,654,461.98,738,961.76,141.26,2025-05-31T17:26:58.611Z,2026-02-11T04:03:59.695Z,2025-05-15T03:08:15.172Z,2025-11-07T09:42:35.260Z,2026-01-14T22:07:41.115Z,2025-07-19T18:01:30.863Z
0167dd30-ab4c-43f2-dd3a-b097c15e3b5c,08c9d53b-5bb4-4a4e-3e69-2fcd9679e99e,3d03d7a9-93e0-4b8e-6b5b-e7f8337fab48,84.39,531.76,8,false,586.76,832.77,848,126,355.38,970.06,40,16.76,1032,3327,572.01,4438,670.24,4975,636.27,720.32,2025-10-02T21:18:33.115Z,2025-08-20T09:21:49.431Z,2025-05-07T16:59:31.776Z,2025-08-21T12:58:26.396Z,2025-10-13T14:25:53.986Z,2025-05-12T21:51:00.978Z
57b7046f-9a6a-444a-5b21-7a78b2f8f540,4459d0bc-ac12-45e0-2241-37b73184e150,af7db41b-a69f-4ae5-eb9c-f59fa17dcd26,46.41,187.09,551,false,563.73,697.35,540,604,839.92,373.4,945,60.46,2121,5011,576.05,8172,712.88,7933,76.34,204.94,2025-07-22T19:07:36.379Z,2025-11-15T09:54:51.597Z,2026-02-18T21:18:43.799Z,2025-09-02T19:38:30.872Z,2025-08-29T14:56:06.064Z,2025-07-12T07:30:39.888Z
afb0870c-96b9-4412-1254-0445c4e2c732,5cca90e9-35ef-4b60-da97-176e79a801fd,930d6afd-4225-4c87-6245-39cb7a7a0d26,34.41,978.64,44,false,94.82,348.89,63,938,677.98,629.14,833,89.39,6338,5026,177.76,2032,633.09,1113,962.72,115.79,2025-04-29T22:55:42.390Z,2025-08-20T05:46:10.809Z,2025-10-27T00:04:53.420Z,2025-12-16T07:56:08.694Z,2025-07-25T05:12:03.451Z,2025-05-25T11:52:27.015Z
387f0c52-a72a-452f-a725-22eae3d5d1ff,a9f9f807-e129-4f29-9091-c45f8770da1a,343e4691-d779-4742-a9b6-c828fbb55b61,98.89,750.86,5,true,446.32,658.61,522,879,78.99,107.06,567,44.64,4459,7812,686.21,8934,980.36,209,666.78,201.22,2025-10-20T01:28:42.198Z,2025-05-23T11:41:15.328Z,2025-10-08T19:42:17.151Z,2025-12-06T04:19:18.006Z,2025-07-23T02:23:42.606Z,2025-08-24T14:45:54.471Z
2fd52866-f412-4d0c-706d-44b808253dc2,44e91cce-ea65-438a-461a-9f0cf86acc81,fecc715c-91cf-4144-4e6d-27d53565cfa5,83.01,313.04,6,true,105.02,707.58,403,149,935.91,972.07,804,55.89,4111,725,242.06,8133,960.99,7780,985.33,622.51,2025-12-20T09:57:17.000Z,2026-02-21T16:22:27.820Z,2025-11-16T09:33:19.824Z,2026-03-18T15:26:05.967Z,2025-06-29T02:03:44.643Z,2025-06-01T21:27:44.163Z
849838cb-dbf8-4292-431f-32fa1e40cc7e,2d6bfb42-752b-4b9d-3444-de223d3aae60,820e0d69-1dec-4fa2-7dff-4973e37417e7,77.92,504.05,860,false,115.48,82.19,606,41,786.06,267.7,23,38.24,4838,1483,745.52,5958,700.76,8561,453.58,677.64,2025-10-30T09:28:02.765Z,2025-12-23T12:17:00.933Z,2025-10-14T11:30:40.672Z,2025-08-01T00:40:25.186Z,2025-05-13T08:35:56.572Z,2026-03-24T09:34:39.862Z
6cdb2266-c368-4145-af5d-09061f0169bf,09e8d1ef-f5f0-41fa-38f3-10bac079d03c,521d1584-627e-495f-893e-82a12f5344be,13.62,622.18,769,false,245.7,981.38,17,323,426.88,893.2,873,54.25,3299,673,31.22,6261,912.34,5938,556,254.84,2025-11-24T04:45:38.470Z,2026-03-09T10:57:53.937Z,2026-02-06T22:30:56.428Z,2025-08-03T20:12:28.196Z,2025-09-15T18:28:07.004Z,2026-03-29T10:54:54.594Z
3889b892-daa6-4a57-2f05-e87e874efb3a,5ad3d718-54d7-4cd2-1fcf-87aea33287e9,291d99ad-c85c-4557-8915-25527607d5cf,80.67,703.76,721,false,748.1,360.6,947,822,429.39,453.66,612,77.6,6075,179,440.44,9338,294.58,2339,72.3,338.75,2025-10-05T04:08:04.012Z,2025-08-25T20:07:47.632Z,2026-04-09T00:04:08.335Z,2026-03-08T17:56:15.256Z,2025-05-28T14:01:34.323Z,2026-03-21T22:37:59.715Z
76c6ae81-e144-4789-51b5-3f9e11ec464d,3e4e588f-bb13-48f9-ae27-231d699b174f,3f4d6f7d-05f7-4310-de9f-ae93e46984db,72.31,355.4,147,true,651.62,439.43,449,228,696.23,64.31,270,21.67,5410,9802,366.96,5767,678.65,5867,990.21,988.54,2026-01-12T03:42:57.348Z,2025-11-04T13:59:15.478Z,2025-12-16T14:03:43.102Z,2025-05-01T00:32:52.481Z,2025-12-21T12:04:08.848Z,2025-06-07T11:35:18.042Z
4cc03c7d-3ddd-40ab-037c-e6075aef48ed,152072c0-f075-4a77-bebe-aaa40d5c36c5,545d1106-2b34-4e12-24da-7673253ca1d7,26.61,453.19,93,false,471.69,867.37,44,502,919.61,972.74,218,15.67,954,2491,582.23,7230,378.79,5654,565.38,750.71,2025-09-04T14:35:53.357Z,2025-08-12T10:33:39.767Z,2025-09-29T03:16:18.560Z,2025-10-25T07:59:14.892Z,2025-11-23T06:53:44.741Z,2026-01-13T11:16:03.688Z
000cba7c-4895-425a-a6a9-dcd6cb0257f6,cfed3b67-1de3-46ea-e76f-c89d08ec289a,76fb7096-3d5c-4180-3013-e7a55c8b02bb,84.21,126.77,863,true,501.19,527.19,707,105,847.37,740.13,816,56.18,1233,4840,486.35,9024,856.21,6840,17.12,804.43,2025-12-31T09:58:40.656Z,2025-09-21T12:40:54.888Z,2025-08-15T06:53:49.653Z,2026-02-17T11:33:17.830Z,2025-06-14T02:06:36.411Z,2025-12-20T07:15:28.202Z
0cc1f754-3940-4d24-62ce-0ace4f9df050,73e655b7-927f-4010-5d38-ed87d5958465,7d85b267-ac94-499b-94c1-eff3632a4d8b,68.41,21.87,305,false,303.53,788.41,164,959,916.79,769.46,644,82.59,2756,8028,838.74,2081,592.18,1915,817.2,103.88,2026-02-15T01:29:43.935Z,2026-02-19T09:35:03.650Z,2026-02-07T17:08:51.991Z,2026-02-13T06:43:03.750Z,2025-10-23T20:14:49.518Z,2026-02-26T19:35:01.374Z
a16a60dd-302b-447c-8bad-caa7b1632ceb,ef30f378-ae06-4200-e466-b63a46dd4365,4fab3abf-dd8f-4d4b-ef39-52d4314418ca,80.04,536.42,937,false,336.7,493.91,673,283,287.46,858.47,100,98.14,5628,7230,390.42,3011,559.64,1445,542.41,941.93,2025-11-02T16:00:17.126Z,2025-06-10T09:01:42.255Z,2025-12-27T12:21:00.417Z,2025-05-06T05:06:36.886Z,2025-04-25T03:41:14.679Z,2025-05-18T18:55:43.310Z
342c30ef-deda-4eaa-80f3-4105b81d5ecb,72ea06ea-6647-4b34-faa9-4b6acc59b996,fe4720c1-f369-4760-b122-6b324f08f3a3,39.79,14.72,737,true,56.93,50.9,918,383,528.85,568.6,525,71.06,4509,4197,660.26,7890,798.5,8793,885.54,904.72,2025-07-07T12:24:10.320Z,2025-05-16T09:11:05.296Z,2026-04-06T04:45:03.482Z,2026-01-23T17:23:11.638Z,2025-09-04T18:22:20.215Z,2026-03-21T17:09:52.403Z
6651a3f1-9ced-46ab-f58e-2a57b7a4ee47,dc5c38cd-11bd-4d48-b540-0659ffe8f55b,2d706e75-fd47-4d6b-cc14-10a1bf804d62,17.47,965.47,8,true,86.64,997,816,467,271.65,203.19,147,92.99,9560,7404,957.69,7236,834.11,4182,930.56,31.73,2025-07-25T04:28:01.352Z,2025-11-05T00:13:05.420Z,2026-02-19T01:36:59.972Z,2025-06-29T04:11:38.412Z,2026-03-16T01:14:40.861Z,2026-04-05T15:15:21.921Z
d6afafc3-31c4-472c-8a3e-a9c71d9e6129,0ba497e7-4a6e-4b40-b8d5-7f23952ad2cd,1612581f-ee93-42bd-8ca1-106ca3f5fb8d,79.14,639.52,357,false,950.62,602.02,492,648,471.12,266.99,299,6.77,431,2051,72.98,3874,963.32,5601,339.26,886.94,2025-07-27T02:54:07.521Z,2026-01-13T19:54:42.915Z,2025-07-09T01:11:20.211Z,2025-05-27T03:39:39.180Z,2025-06-23T18:49:33.048Z,2025-09-24T11:39:50.914Z
8789733e-1504-4886-f41c-38f89c46543f,7e8ad38f-d17c-4824-3c91-c8579a6b5e5f,b9a92613-a49f-49ac-02ac-12389b77c55c,79.98,882.88,134,false,147.38,635.82,934,81,531.47,391.15,64,43.98,682,1616,803.21,1935,816.55,7951,561.82,987.28,2025-04-25T00:29:52.785Z,2026-04-04T13:51:59.307Z,2025-10-03T01:42:13.168Z,2025-08-25T15:33:34.012Z,2026-04-07T13:26:42.200Z,2025-08-16T20:25:04.531Z
ecc776cb-79d6-4a78-2c34-53f85b056bc4,0ba497e7-4a6e-4b40-b8d5-7f23952ad2cd,5b1b6bbb-ac85-477d-9a11-d480281a4b21,2.28,496.37,215,true,165.5,877,441,145,986.05,622.06,952,22.65,6587,4701,787.57,7441,454.46,9319,250.86,891.95,2025-08-17T08:43:25.142Z,2026-03-25T05:31:20.439Z,2026-01-04T12:40:26.165Z,2025-06-10T22:58:05.244Z,2026-02-02T19:24:34.362Z,2026-01-01T22:01:11.371Z
e1688202-bb43-48ba-a742-8c9020ef975d,5ad3d718-54d7-4cd2-1fcf-87aea33287e9,521d1584-627e-495f-893e-82a12f5344be,52.52,696.19,395,true,574.93,113.25,309,731,663.04,127.09,372,48.33,4826,7115,971.4,2237,576.52,3686,279.81,894.96,2025-05-07T04:05:37.750Z,2026-02-16T01:27:18.280Z,2025-06-18T14:17:57.158Z,2026-03-18T13:25:57.087Z,2026-02-07T01:26:46.855Z,2025-10-31T06:00:31.209Z
823da0e4-23c0-451a-3724-4c23d097f5f8,0ba497e7-4a6e-4b40-b8d5-7f23952ad2cd,7d85b267-ac94-499b-94c1-eff3632a4d8b,78.43,666.08,221,true,91.47,749.32,632,344,813.17,532.74,903,21.34,2716,4208,862.38,8264,882.81,4777,174.22,319.63,2025-07-16T22:48:12.397Z,2026-03-23T11:54:49.390Z,2025-08-03T00:23:02.069Z,2026-03-06T00:03:34.836Z,2025-10-30T19:03:13.217Z,2025-06-25T07:38:57.604Z
4bb54346-6cfd-411f-3595-5f7175f8a1dd,857fcefe-5faf-4a3c-df5d-917321d0ed26,2bd4f3bc-df4b-49c7-997f-c11868da495a,86.33,485.81,517,true,893.52,517.01,521,556,668.48,382.04,968,89.29,8773,1409,520.46,6446,112.25,3094,837.54,896.98,2026-03-18T01:42:29.614Z,2025-11-01T05:49:41.977Z,2025-06-11T06:48:52.904Z,2026-03-25T16:50:19.562Z,2025-06-10T06:05:01.842Z,2026-02-05T23:38:54.875Z
8ca54944-61f4-4a12-ea00-edbd4e5c9eef,08c9d53b-5bb4-4a4e-3e69-2fcd9679e99e,e112e16e-d7d4-47de-a1f6-038db1f702ae,28.37,566.41,557,false,954.87,335.71,930,581,630.08,162.6,734,84.28,862,5335,976.85,8799,656.19,4787,147.64,696.61,2025-05-17T12:46:55.751Z,2026-01-09T12:03:18.384Z,2025-09-19T16:48:21.872Z,2025-08-14T20:43:05.689Z,2025-04-27T11:36:35.366Z,2025-08-01T11:03:34.472Z
bee62340-5379-4d88-21f6-6be7b191eeb1,cfed3b67-1de3-46ea-e76f-c89d08ec289a,1612581f-ee93-42bd-8ca1-106ca3f5fb8d,96.87,363.8,767,true,324.11,102.06,364,421,956.76,405.64,40,45.02,6203,1356,892.26,19,380.04,373,251.03,921.85,2025-05-14T13:12:28.235Z,2025-10-22T01:28:25.043Z,2025-10-23T23:38:10.786Z,2026-01-28T12:54:20.714Z,2025-12-07T12:06:19.080Z,2025-08-25T23:45:33.945Z
892aabb9-67c5-4cf0-51b0-db0800f65973,ef30f378-ae06-4200-e466-b63a46dd4365,32a1daeb-123e-4dbe-b622-aea59b73722d,1.98,917.88,919,true,705.37,405.86,129,748,830.37,640.03,532,59.99,1146,1831,789.12,8742,365.72,4970,633.57,197.24,2025-09-26T03:01:58.007Z,2025-12-31T05:57:21.603Z,2026-03-24T14:21:08.538Z,2025-08-25T04:19:16.207Z,2025-11-19T02:53:07.870Z,2025-07-09T11:31:50.421Z
2e57a802-47dc-477e-b809-e014eda72c87,3e334f12-6fd2-4fbe-3f23-a1309343356d,2bd4f3bc-df4b-49c7-997f-c11868da495a,58.73,673.49,616,false,236.8,960.76,677,886,286.81,64.21,202,52.91,2908,2554,707.06,5624,609.35,1233,807.51,121.44,2025-09-14T07:11:04.161Z,2026-02-25T21:34:04.841Z,2025-11-22T04:24:38.043Z,2025-05-05T07:53:14.462Z,2025-04-26T05:49:08.928Z,2026-02-01T18:37:38.848Z
ebab24c6-1ae5-4951-6aaa-048d14f01ed0,6fd51bd1-cbdc-4c3a-0686-e52d7fe6061c,f0fe80e2-ee98-4631-fd46-bedaa4937130,40.64,613.47,318,true,708.08,396.26,518,582,235.07,939.17,634,42.85,9920,4976,929.6,6193,593.31,1941,344.93,657.92,2025-06-05T19:04:59.916Z,2025-05-09T04:21:24.016Z,2025-08-18T17:08:40.662Z,2025-04-27T19:33:50.893Z,2026-01-11T15:38:19.381Z,2025-05-01T12:26:18.980Z
9f1a75b7-8dc0-4e9b-a0fb-3220d23c5de5,afb57115-93e2-41e4-19fb-726afc7dc847,baeb778f-0236-4ea0-497b-a0d46e5c6619,98.57,988.85,834,true,791.51,316.68,14,325,665.21,593.19,170,68.78,1364,7328,554.97,5306,859.31,5397,50.9,938.22,2025-05-28T05:07:09.159Z,2025-08-12T03:58:45.986Z,2025-06-23T01:10:36.497Z,2025-10-28T16:08:46.170Z,2026-02-08T07:23:36.051Z,2025-05-27T12:09:38.219Z
743067c6-c972-408f-91ca-4fa3ccf92552,43a0c009-5096-4beb-ceb2-2e90d29fa6d1,7006fd96-e3f8-4225-33e4-be34d610ffbb,24.34,822.49,540,true,341.89,831.36,718,582,36.34,929.07,775,36.24,3243,172,76.27,8376,972.47,44,571.67,22.53,2025-12-07T03:16:34.616Z,2026-03-23T06:36:07.527Z,2026-03-29T03:10:14.289Z,2025-10-24T20:19:29.651Z,2025-08-21T23:42:48.098Z,2025-05-20T21:52:39.177Z
878768fb-d004-4e1a-7e5b-c636ba1e0090,73e655b7-927f-4010-5d38-ed87d5958465,4fab3abf-dd8f-4d4b-ef39-52d4314418ca,93.74,427.4,135,true,163.64,316.07,470,931,831.42,302.67,703,12.23,9198,4187,752.27,1008,767.66,6489,86.4,400.43,2026-01-29T19:31:06.993Z,2026-02-14T07:56:41.743Z,2025-10-08T18:42:51.442Z,2025-10-07T22:08:18.179Z,2026-04-06T23:12:46.102Z,2025-06-15T09:09:11.778Z
0e6ddf5f-78a8-4d5c-578d-8e0221496f94,63b3d997-8d4b-4027-f32c-5ba74efdff76,89bd14e2-cf78-45ab-904a-7a7f0f4a4010,99.91,806.73,437,false,489.98,632.77,173,955,276.27,880.44,828,36.95,2165,5680,53.33,5725,170.28,2765,106.67,106.69,2025-07-14T08:30:45.175Z,2025-07-29T08:46:18.859Z,2026-03-22T15:24:18.314Z,2025-10-09T19:50:38.571Z,2025-11-11T13:03:12.213Z,2025-09-14T13:45:43.726Z
6a421968-53d6-4d8f-80d5-2d87ad6f2cb9,5354d00b-34f0-4a88-58d4-8decde6ce2ee,f0fe80e2-ee98-4631-fd46-bedaa4937130,22.94,384.7,57,true,106.18,214.71,437,576,65.98,601.33,554,10.34,968,6302,426.04,3098,636.88,4522,879.57,907.2,2025-07-30T04:08:29.196Z,2025-11-14T12:48:52.184Z,2026-01-02T21:57:39.443Z,2025-07-25T18:29:06.444Z,2025-11-03T11:11:22.403Z,2025-06-29T06:32:23.683Z
2ca219c4-4a3b-4998-9ac7-b43bcdbaf67a,2815d421-fa85-4846-4e67-32f2b052db68,89bd14e2-cf78-45ab-904a-7a7f0f4a4010,39.68,212.63,666,true,617.2,839.81,354,777,383.46,424.41,987,89.83,9488,3430,467.55,1491,767.3,8821,241.58,974.47,2025-08-07T00:57:47.195Z,2026-03-30T23:06:26.607Z,2026-03-18T12:02:19.051Z,2025-10-24T06:48:16.969Z,2025-11-25T13:57:58.078Z,2026-03-12T13:57:16.105Z
679566e5-702a-4bfb-3ad2-effb4d53c12a,09e8d1ef-f5f0-41fa-38f3-10bac079d03c,3d03d7a9-93e0-4b8e-6b5b-e7f8337fab48,93.8,318.09,158,false,895.17,362.06,769,222,222.42,198.82,506,1.83,9906,6389,708.38,6412,360.61,2811,358.12,133.39,2026-01-28T01:30:34.362Z,2025-12-25T02:35:08.474Z,2025-09-03T11:09:01.330Z,2025-09-18T01:33:25.054Z,2025-05-10T16:00:28.394Z,2025-06-20T13:05:17.827Z
4117fc11-f0bb-456c-2f21-ea964722b706,5bcd0cf0-44a3-4e73-1c78-3d3c73e703b3,2d706e75-fd47-4d6b-cc14-10a1bf804d62,10.65,426.28,116,true,198.92,685.18,135,350,934.11,930.58,146,36.17,7967,9095,105.44,6816,418.19,7843,243.37,969.32,2025-09-07T07:34:50.129Z,2025-06-07T02:17:04.461Z,2025-06-05T14:50:35.185Z,2026-03-30T11:24:42.726Z,2025-06-29T22:47:15.802Z,2026-01-23T16:19:54.169Z
6e3fc372-2cb1-4e1d-c8f3-98a919ff81ef,3aaad658-14e8-4861-52c9-2341f1d4e7da,5b1b6bbb-ac85-477d-9a11-d480281a4b21,21.64,635.03,633,false,284.32,872.08,694,363,968.74,103.02,841,95.6,976,4522,849.62,8581,488.48,3774,181.09,606.97,2025-05-01T23:49:49.901Z,2025-07-12T17:08:39.793Z,2025-09-27T18:01:53.477Z,2026-01-18T16:58:27.516Z,2025-09-02T05:10:53.504Z,2025-06-21T20:47:29.986Z
0aa5fa37-5457-4dff-df2d-df9d3965fe71,3e334f12-6fd2-4fbe-3f23-a1309343356d,baeb778f-0236-4ea0-497b-a0d46e5c6619,84.04,515.03,776,false,486.26,565.62,5,836,90.83,845.22,871,44.58,8921,4318,861.16,9300,950.84,1896,478.85,381.24,2025-05-21T17:52:24.603Z,2025-08-01T20:46:23.202Z,2025-05-28T13:45:25.263Z,2026-03-09T09:55:47.429Z,2026-03-02T08:15:55.190Z,2025-07-21T12:30:57.274Z
501a6415-a79b-4f9f-9d60-2eb4c4f983b2,0e77db3f-7cdc-48b3-e10c-c05d74f5b464,4ca6797c-e546-4f8b-df90-dbb08907d99e,21.75,555.67,656,false,367.91,166.47,942,792,575.06,815.39,45,1.61,5047,360,23.23,5480,761.87,9604,970.24,978.34,2025-05-14T13:06:02.308Z,2026-03-27T06:53:07.325Z,2025-12-27T05:26:03.018Z,2026-04-03T19:32:36.159Z,2026-02-09T05:12:08.809Z,2025-06-21T14:58:43.604Z
156f958f-20f1-44a4-b65b-9155acd43ba7,36fa19ad-37fd-44f9-4a36-73f18ecfe5f4,3a19d003-2447-4c77-d435-69866c42a3e8,99.78,236.86,959,false,194.08,196.22,517,166,632.9,352.04,662,92.21,4150,4391,150.7,8502,477.92,5231,899.59,79.89,2026-01-02T14:46:45.793Z,2025-05-30T20:45:32.006Z,2025-06-19T08:24:01.619Z,2025-11-12T04:29:06.530Z,2025-08-31T05:15:20.374Z,2026-03-11T11:44:47.299Z
c765432b-177a-41ff-5348-8ceb6412e3eb,ab6bc2eb-0064-48a7-7f0c-9a1783bcd064,837a9baf-7fed-4fe4-630e-eeaf60164bcb,46.52,757.96,124,true,820.74,776.99,614,376,846.29,426.94,78,72.11,453,4483,685.66,7570,982.02,9678,409.63,939.12,2025-12-27T02:40:33.859Z,2025-06-06T04:36:58.490Z,2026-03-22T06:07:11.388Z,2025-11-16T22:24:12.847Z,2025-11-28T13:27:02.250Z,2025-10-23T12:49:35.862Z
2b688639-0f55-445b-cf5c-b5262ed32618,cfed3b67-1de3-46ea-e76f-c89d08ec289a,89bd14e2-cf78-45ab-904a-7a7f0f4a4010,91.31,275.49,74,true,163.49,486.95,218,193,536.92,641.75,592,97.03,9477,5335,917.92,1070,252.03,4922,611.36,516.12,2025-10-24T17:37:05.388Z,2025-10-29T01:26:26.844Z,2026-03-07T19:50:32.756Z,2026-03-23T12:50:21.996Z,2025-09-15T21:08:06.708Z,2025-07-07T13:08:22.238Z
754d22eb-c517-47a9-27ac-3f030f0ea2c8,6fd51bd1-cbdc-4c3a-0686-e52d7fe6061c,314cdd92-266e-488d-cf88-6e18f6db8ca6,0.03,448.96,343,true,636,368.63,725,476,789.9,238.49,221,4.19,5447,2007,639.8,7973,249.32,6198,43.77,850.83,2026-01-30T12:33:15.237Z,2025-09-19T09:16:02.002Z,2025-09-02T02:45:31.767Z,2025-04-30T10:10:24.163Z,2025-12-21T11:19:27.562Z,2026-01-01T22:49:21.410Z
23751d42-df77-405a-6cc6-dc7e65040494,4f78a299-95cc-4ebc-45f5-de09ee40e0da,521d1584-627e-495f-893e-82a12f5344be,67.39,793.53,63,true,109.11,385.94,343,385,214.93,633.66,682,98.28,3317,7974,778.52,6578,362.01,12,114.75,233.51,2025-05-31T04:37:44.856Z,2025-08-30T00:10:20.254Z,2025-07-19T11:49:42.450Z,2025-09-19T01:13:33.737Z,2025-10-20T13:32:47.864Z,2025-09-23T21:24:54.785Z
ff28b633-f228-492b-d440-ca5d9fe8ae09,73e655b7-927f-4010-5d38-ed87d5958465,2bd4f3bc-df4b-49c7-997f-c11868da495a,63.55,851.24,708,false,868.76,889.65,60,252,458.87,60.52,85,48.56,4775,963,782.47,3957,445.27,4416,577.47,175.43,2025-04-12T12:07:17.026Z,2025-07-04T21:57:55.572Z,2026-01-17T05:02:57.351Z,2026-01-28T14:05:36.769Z,2025-05-25T08:29:00.723Z,2025-11-12T02:52:54.584Z
1f1e4b8c-3454-42f7-d48a-5f6778445112,3aaad658-14e8-4861-52c9-2341f1d4e7da,f3e56a9d-701d-4138-17b4-468168466ac1,47.28,856.9,845,true,687.02,430.92,956,939,746.05,27.37,798,49.54,1169,7361,141.58,4780,128.98,1454,355.78,322.64,2025-09-13T22:21:02.232Z,2025-05-05T14:09:23.520Z,2025-11-15T10:11:45.925Z,2025-05-27T00:29:32.145Z,2025-05-31T19:44:17.980Z,2025-10-14T19:41:54.291Z
5605f0bc-35df-43de-c9d7-51cff282117e,857fcefe-5faf-4a3c-df5d-917321d0ed26,2bd4f3bc-df4b-49c7-997f-c11868da495a,91.42,807.05,356,true,736.07,156.25,835,692,600.25,547.13,692,44.46,2232,8331,469.68,8580,644.04,2889,692.33,700.22,2025-07-02T10:21:12.321Z,2025-10-22T06:30:19.353Z,2025-08-06T11:15:07.779Z,2026-01-18T06:56:42.855Z,2026-02-13T00:51:12.529Z,2025-05-12T21:37:29.877Z
750382e3-5a01-42d3-5aae-5d199266a2b0,6ca9565d-394f-4984-5af6-b337411ec843,8fcce2e7-79c7-439d-1c00-1a62a46a56f2,18.53,38.77,926,false,88.43,169.45,9,89,527.23,771.26,831,47.5,6847,3457,130.74,703,528.82,3289,545.53,568.97,2025-09-06T08:08:15.180Z,2025-09-12T22:47:15.469Z,2025-05-25T11:50:19.572Z,2026-01-08T10:26:42.800Z,2025-08-01T06:44:13.834Z,2025-09-13T22:48:18.399Z
94aeeeef-370c-47fb-fbbb-dfeac1aafc8b,942582d6-df90-465e-0a7c-344463dcc5fc,930d6afd-4225-4c87-6245-39cb7a7a0d26,44.51,641.77,703,true,656.74,806.23,672,563,803.05,786.79,938,95.51,7613,1190,568.14,3372,508.95,8932,291.74,644.46,2025-09-02T02:01:39.027Z,2025-08-23T09:36:27.355Z,2025-08-30T19:18:26.610Z,2025-09-04T04:02:34.038Z,2025-05-06T07:44:47.598Z,2025-07-18T06:59:35.215Z
11961e48-338d-45cf-c4a4-db5cbd5ab8e4,fb441a9a-76af-4633-ef6e-1ccf7e88caa7,f902ac6e-7076-46f8-2ee0-d0970401682b,34.69,288.18,811,true,168.45,39.88,206,737,302.86,934.63,29,17.23,6392,1293,216.29,5008,812.7,3785,268.96,765.44,2025-09-27T00:20:13.395Z,2025-12-19T03:56:25.344Z,2026-01-11T12:31:30.597Z,2025-11-10T18:29:05.824Z,2026-03-20T16:58:08.527Z,2025-07-07T14:02:55.585Z
431cc198-fb7f-48f5-1530-b84141cc2823,5354d00b-34f0-4a88-58d4-8decde6ce2ee,10539e4e-19ad-49ff-5fb1-13c6a13a9cc0,66.72,259.78,633,false,618.54,703.61,674,118,789.21,775.02,574,76.14,8848,2746,799.51,2691,570.25,9625,95.67,583.02,2025-11-06T17:19:12.512Z,2026-03-03T14:53:03.876Z,2025-09-04T01:23:27.915Z,2025-10-23T07:04:49.287Z,2025-06-22T14:30:44.142Z,2025-12-16T02:10:30.409Z
a90aaa58-1e53-439f-74dd-8d13265a0707,b913d05c-d452-4b8d-58bc-5af42ecc92ad,521d1584-627e-495f-893e-82a12f5344be,99.35,182.23,273,true,149.38,70.77,487,67,776.51,984.52,739,16.72,424,709,492.16,8653,58.18,4947,364.51,516.17,2025-06-15T14:39:06.000Z,2025-06-05T19:26:42.937Z,2025-04-13T17:04:27.049Z,2025-05-29T13:19:51.731Z,2025-09-24T11:14:12.902Z,2025-12-07T17:57:07.972Z
ebe00532-8407-4227-fa37-173322742006,4361747f-bbcd-4426-e55e-5ac00ba3e695,1eca3985-996e-497f-4644-294968d742b8,91.46,385.66,639,true,365.49,683.41,551,632,152.07,280.25,321,63.97,3148,39,347.47,8159,131.64,2017,546.95,815.44,2025-07-09T02:16:02.498Z,2025-12-17T07:58:53.163Z,2025-09-13T00:12:07.875Z,2025-06-19T00:20:27.440Z,2025-05-25T18:38:14.223Z,2025-05-01T00:41:20.124Z
ed801a0a-f137-4e5b-d897-c860f5356ed3,7e8ad38f-d17c-4824-3c91-c8579a6b5e5f,469af544-bb26-4d4c-4b28-ab15c4812991,45.85,894.93,809,false,645.55,246.08,768,830,846,613.49,13,72.24,5195,1330,42.03,1788,803.38,293,865.2,243.32,2025-09-01T14:53:02.497Z,2025-12-23T00:47:46.362Z,2026-03-04T09:41:49.548Z,2025-06-15T20:31:38.276Z,2025-05-23T14:29:04.847Z,2026-01-12T16:20:32.774Z
baa3e18c-85be-418d-55a3-aa17ef5d52b3,440eba09-b8a9-4df2-7ce2-88916df0536d,aed83b90-feeb-480d-e57c-176768104c81,0.32,241.87,213,true,985.38,152.82,503,204,117.55,801.96,9,35.84,38,1788,623.27,8682,190.31,8211,795.69,88.79,2025-09-08T03:26:45.182Z,2026-02-10T19:55:05.836Z,2026-04-11T08:28:55.577Z,2025-12-12T17:51:26.451Z,2025-07-08T08:24:55.859Z,2025-09-14T23:54:16.593Z
e67c675b-8b2c-46ea-ede8-703c58df49f3,3e334f12-6fd2-4fbe-3f23-a1309343356d,10539e4e-19ad-49ff-5fb1-13c6a13a9cc0,19.22,684.46,368,false,337.53,324.25,648,30,973.17,76.33,480,96.8,7564,1265,472.63,7028,521.79,7050,524.07,810.75,2026-03-20T00:30:33.121Z,2025-11-10T05:05:10.661Z,2026-02-21T23:58:42.152Z,2025-11-25T18:55:30.883Z,2025-08-16T19:07:53.437Z,2025-09-02T23:14:53.848Z
460ae706-0be1-4500-1ad9-c18c3b38fb0f,7e8ad38f-d17c-4824-3c91-c8579a6b5e5f,59faa8f0-e266-467f-aa62-7fd97008cad7,77.3,693.37,801,true,425.62,802.32,678,269,101.8,962.07,682,12.23,7765,1131,11.3,441,136.57,3698,323.05,772.13,2025-09-11T17:11:55.570Z,2025-06-17T10:58:38.869Z,2026-04-06T13:11:48.831Z,2026-01-30T12:04:37.206Z,2025-04-23T02:36:59.488Z,2026-02-05T01:51:20.578Z
77d1bd68-d3aa-4946-837f-c944c863aa10,63b3d997-8d4b-4027-f32c-5ba74efdff76,0898bc8a-8083-4b0c-faf9-0f5d0224e73e,60.51,238.95,635,false,830.62,956.71,400,3,897.23,194.71,47,83.11,502,1218,257.38,6746,228.41,5078,386.42,904.95,2025-10-22T23:28:48.541Z,2025-05-21T17:35:09.052Z,2026-01-28T16:37:56.487Z,2026-01-09T12:15:40.835Z,2025-06-29T17:27:51.850Z,2026-02-14T09:51:01.736Z
c9dcb882-1fe8-4949-3cf1-22c73caf4074,5ad3d718-54d7-4cd2-1fcf-87aea33287e9,89bd14e2-cf78-45ab-904a-7a7f0f4a4010,7.45,29.02,509,true,349.31,466.42,863,292,382.78,613.91,165,28.15,8824,7510,658.94,8168,770.12,8067,418.87,681.72,2026-03-22T08:36:10.524Z,2025-05-07T09:42:05.605Z,2026-03-14T02:02:14.302Z,2025-09-23T01:51:44.127Z,2026-04-05T23:29:36.921Z,2026-03-03T08:39:09.043Z
ce953afd-cee9-4c5f-c96c-a4a528275df6,63b3d997-8d4b-4027-f32c-5ba74efdff76,10539e4e-19ad-49ff-5fb1-13c6a13a9cc0,86.85,752.18,106,false,333.32,728.82,358,402,342.67,521.17,396,49.99,1113,4487,10.84,87,497.18,8475,57.37,426.65,2025-05-22T05:50:51.561Z,2025-07-24T10:53:12.672Z,2025-08-08T07:03:11.728Z,2026-03-06T09:08:36.322Z,2025-08-01T18:20:24.541Z,2025-07-10T14:00:09.328Z
90b6d3ee-829f-41be-0cde-8d01799053c1,7e8ad38f-d17c-4824-3c91-c8579a6b5e5f,f56bd850-ae1d-4c12-1f67-ecd289df1620,41.36,529.89,399,true,42.01,335.95,537,381,959.72,428.67,325,79.85,1507,8942,376.49,9507,248.33,1179,78.34,835.1,2025-10-12T11:40:51.639Z,2025-05-26T19:19:38.673Z,2026-03-27T10:20:51.610Z,2025-11-07T09:27:18.571Z,2025-10-05T06:44:30.683Z,2026-03-06T13:25:37.594Z
ec193a71-db04-43bc-3b49-374aa9ced718,4b7cf6ad-bee5-43d3-4470-e6643cf6983e,7cc152ca-2334-4efd-8c58-4327009bcdb6,74.37,247.06,363,false,395.46,249.91,271,555,995.53,802.13,798,95.94,7716,4078,163.23,9036,685.21,8726,36.12,652.04,2026-04-07T05:41:19.273Z,2025-09-10T02:49:55.095Z,2026-02-07T10:14:02.834Z,2026-03-07T17:07:47.689Z,2025-12-08T10:54:50.519Z,2025-05-28T09:55:24.478Z
659723e4-8dab-40ea-eafc-23cced0de4ee,c679812d-8719-424c-f810-c17bf20e8d10,aed83b90-feeb-480d-e57c-176768104c81,53.35,971.85,800,false,959.92,733.81,209,825,337.63,926.85,477,38.23,8262,9911,508.46,6184,580.42,1968,658.55,630.49,2025-07-01T08:14:40.059Z,2026-04-10T19:26:59.742Z,2026-03-05T23:26:58.522Z,2026-01-24T17:10:10.325Z,2025-04-12T22:32:44.805Z,2026-02-19T18:15:14.743Z
fbb1d269-974e-4f9d-4d8d-0f7719bf6aa0,f3bdc0f5-709a-4443-3bcd-690202dcd619,94519cc1-bdc7-4549-769e-8964efcea7c6,49.34,436.27,893,true,411.29,390.72,546,909,732.84,46.92,198,97.18,7747,4534,906.27,4646,917.45,4812,220.29,195.88,2025-09-26T15:39:04.244Z,2026-02-08T19:49:34.488Z,2025-06-08T09:36:35.686Z,2025-06-20T11:36:47.723Z,2026-01-10T05:07:20.774Z,2025-06-12T15:12:30.314Z
c97d8d31-c48e-4b72-1b6f-c755b0d947bc,49c0f8d8-fcc1-4c41-a548-3ff914a66692,fecc715c-91cf-4144-4e6d-27d53565cfa5,68.67,549.03,89,true,5.34,86.26,934,443,794.49,551.99,303,84.15,7973,571,207.58,2392,155.84,660,459.97,569.84,2025-07-11T10:36:53.057Z,2025-08-09T04:30:58.299Z,2025-10-09T03:54:24.000Z,2026-02-11T11:39:07.172Z,2025-05-07T09:26:59.718Z,2026-01-11T15:08:53.459Z
a433fd3b-be09-4250-afff-592f1e9b0880,4f78a299-95cc-4ebc-45f5-de09ee40e0da,e394ca10-b5a0-45cc-8730-3524aff8641a,68.33,414.73,41,true,899.44,258.32,627,186,39.82,472.67,248,97.45,3141,2992,903.94,3980,965.22,3335,51.35,901.41,2025-12-01T23:04:47.746Z,2026-01-26T22:49:41.154Z,2025-08-16T14:51:34.220Z,2025-10-14T06:50:41.256Z,2025-07-15T00:02:51.059Z,2026-01-29T00:18:53.063Z
4a4614f3-b202-4a44-bf83-20959d3ddd70,4f78a299-95cc-4ebc-45f5-de09ee40e0da,76fb7096-3d5c-4180-3013-e7a55c8b02bb,93.71,150.05,993,false,658.42,505.28,737,65,316.87,134.46,879,39.06,6148,8765,826.16,4644,313.17,2396,194.45,446.59,2025-06-28T07:36:40.853Z,2025-09-17T23:34:03.752Z,2026-02-15T04:34:47.012Z,2026-03-02T23:19:33.626Z,2025-09-09T20:42:58.360Z,2025-06-28T01:53:50.539Z
20297954-568d-4702-fb62-75876ea35181,a37257b2-9391-4433-6110-687c09f379ec,e112e16e-d7d4-47de-a1f6-038db1f702ae,41.18,624.64,934,true,2.08,771.57,654,95,783,500.38,883,88.03,5210,7426,452.26,5882,960.24,4904,927.42,587.02,2025-12-23T09:24:28.941Z,2026-01-09T23:20:27.862Z,2026-01-10T06:42:16.428Z,2025-08-04T08:14:30.817Z,2026-03-02T21:30:16.204Z,2026-02-01T20:58:43.657Z
e5058685-9917-4ac5-4687-fa2f93a32c0c,36fa19ad-37fd-44f9-4a36-73f18ecfe5f4,615ffcad-04ca-4584-4505-45cbefd50d58,68.29,546.71,554,false,583.81,948.03,892,842,946.37,178.79,160,46.48,4973,6303,247.28,1617,760.12,1952,952.21,952.95,2025-11-04T03:01:52.932Z,2025-05-12T09:02:01.132Z,2025-07-18T14:31:48.817Z,2025-07-22T16:08:46.014Z,2025-08-03T04:49:13.084Z,2026-02-01T09:28:35.138Z
9d5e1e6a-3a7d-457a-7813-a911f1ed3dea,43a0c009-5096-4beb-ceb2-2e90d29fa6d1,94dc4310-c140-4af7-8a5b-88c24ff5a5d3,95.87,752.29,311,true,837.64,29.63,825,32,714.27,877.17,663,79.01,132,2739,426.31,4627,490.18,1714,381.19,233.63,2026-02-11T08:11:38.221Z,2025-08-28T22:10:30.135Z,2025-08-31T13:54:19.258Z,2025-06-22T17:06:38.676Z,2025-06-22T20:30:02.386Z,2025-12-07T12:52:32.637Z
5875d7e2-78ed-466d-8e0a-7093dc78bc46,ab6bc2eb-0064-48a7-7f0c-9a1783bcd064,c41be56c-1b03-4f83-3798-7ff82c84c273,96.71,645.98,428,true,458.72,666.01,757,815,487.04,944.32,520,0.36,2574,238,152.72,7491,437.13,9988,680.79,4.23,2026-02-01T10:40:40.700Z,2025-08-25T18:48:54.122Z,2026-04-01T16:07:30.604Z,2026-02-24T15:20:03.321Z,2025-12-19T06:35:28.986Z,2025-06-17T12:22:20.497Z
e453205d-d003-4872-e939-5c96de67e04e,8a50d483-aa92-4384-4deb-3d5c6bf0f0f7,c41be56c-1b03-4f83-3798-7ff82c84c273,94.34,348.46,620,true,119.91,689.97,599,901,956.31,408.49,276,13.65,3265,2856,773.14,2536,797.67,6773,622.19,152.19,2025-05-06T02:41:08.022Z,2025-05-05T02:01:45.913Z,2025-08-04T11:54:22.495Z,2025-08-30T21:54:11.608Z,2025-08-03T08:08:09.857Z,2025-12-01T05:14:34.644Z
0d256883-3214-4fc0-bc82-a262a3a13fc0,44e96aef-1775-4e8c-e285-02e0cadba8e3,f3e56a9d-701d-4138-17b4-468168466ac1,28.31,322.39,416,false,366.73,913.06,348,190,47.09,644.25,862,86.4,3841,6082,493.84,9071,59.79,3203,417.81,757.4,2026-02-03T18:48:35.499Z,2025-11-11T10:39:10.809Z,2025-08-13T09:22:27.393Z,2025-05-23T23:39:49.976Z,2026-03-18T17:57:21.043Z,2026-03-30T17:21:06.320Z
a4122f03-ddf3-42da-69ff-e2eaae8a1203,e66f5152-bb91-495c-70a1-919b8657aacd,16c0f045-ad9e-4d23-8922-374a2534b914,30.87,202.22,908,true,711.52,695.19,28,554,230.87,572.83,901,0.49,5385,7167,726.16,4974,442.38,797,66.28,366.6,2025-08-11T16:37:36.286Z,2025-05-17T14:02:12.194Z,2025-12-20T13:41:17.408Z,2026-01-26T21:33:59.534Z,2025-08-29T20:38:50.751Z,2025-08-17T17:26:39.583Z
ed6c8e93-1e43-4f02-e162-f0f12464fb4b,230051a7-77f6-49c9-6d7a-c1c341da56c9,10539e4e-19ad-49ff-5fb1-13c6a13a9cc0,70.31,178.71,937,false,664.57,67.8,258,332,363.25,563.33,151,29.33,6212,1668,809.07,1801,455.19,2783,833.15,915.93,2026-01-05T23:56:37.287Z,2025-11-02T21:03:25.771Z,2026-01-14T20:52:36.127Z,2026-04-09T11:25:46.120Z,2026-03-09T15:43:10.600Z,2025-10-22T20:29:12.325Z
cd23137d-b0c2-448b-a340-b07b7fbd741f,74996144-2438-4454-03fb-d777b4c9db8b,aed83b90-feeb-480d-e57c-176768104c81,38.71,879.92,508,true,291.57,899.59,815,588,154.63,580.72,639,38.18,7418,9135,41.71,3026,897.18,3599,428.15,301.6,2026-01-26T08:34:12.234Z,2025-12-05T15:22:10.760Z,2026-01-09T23:30:57.288Z,2025-05-31T15:26:41.597Z,2025-11-09T06:56:35.713Z,2026-02-22T15:44:55.468Z
391abefe-d1d6-48fb-991f-d43fc25b96e2,5cca90e9-35ef-4b60-da97-176e79a801fd,76fb7096-3d5c-4180-3013-e7a55c8b02bb,64.02,384.02,468,true,161.04,669.62,861,900,544.51,775.36,601,30.43,5417,1521,577.84,8629,270.13,5484,688.19,541.17,2026-02-12T11:56:00.149Z,2026-02-13T22:58:43.319Z,2025-08-30T04:31:24.836Z,2025-11-26T16:28:19.183Z,2025-12-02T04:35:30.126Z,2025-11-18T00:26:04.191Z
2b9c77d7-1cb4-4a20-c54a-0150e6720017,0ba497e7-4a6e-4b40-b8d5-7f23952ad2cd,94519cc1-bdc7-4549-769e-8964efcea7c6,41.33,498.17,696,true,484.16,50.91,881,980,58.7,684.35,983,5.88,3527,9749,211.34,5033,571.57,5639,687.45,564.62,2026-01-30T21:49:00.311Z,2025-05-06T11:30:49.963Z,2026-01-08T19:52:28.482Z,2026-01-19T00:11:34.129Z,2025-12-01T11:22:04.529Z,2025-04-29T15:50:55.687Z
73881466-5382-4295-6c08-cce5f551a5fa,98dc63d7-8988-4ff8-b7ca-2ab8d1f39352,f3e56a9d-701d-4138-17b4-468168466ac1,33.27,119.77,85,false,974.45,89.2,504,360,330.25,648.51,976,78.25,2029,8509,855.22,1321,866.24,6467,484.35,462.29,2025-12-25T22:52:48.624Z,2025-11-08T02:17:39.431Z,2025-09-18T11:52:26.037Z,2025-09-04T02:46:19.784Z,2025-07-05T21:39:29.541Z,2025-10-27T14:56:33.108Z
469a0168-8e96-4f54-5da7-18320ffd61ff,09e8d1ef-f5f0-41fa-38f3-10bac079d03c,59faa8f0-e266-467f-aa62-7fd97008cad7,49.27,828.42,879,true,30.31,421.97,766,389,18.21,803.11,112,36.64,3917,1310,110.61,1292,12.38,3353,84.37,715.36,2026-03-23T15:51:25.546Z,2025-09-18T21:45:30.520Z,2025-09-05T09:58:35.052Z,2025-12-03T13:44:51.710Z,2025-11-20T01:38:36.624Z,2025-11-26T12:53:15.225Z
0a19685e-1389-4f86-f96c-6521fd8a5d89,fb441a9a-76af-4633-ef6e-1ccf7e88caa7,5eca5363-069f-462b-ef13-7dba299c99d9,62.57,962.41,671,false,588,482.86,635,98,830.34,552.83,676,53.49,8884,1550,360.19,1736,70.11,4649,352.38,695.13,2025-11-11T03:19:23.739Z,2025-10-25T23:26:28.704Z,2025-11-10T04:10:07.107Z,2025-10-12T05:34:05.495Z,2025-12-11T16:30:01.976Z,2025-09-05T17:05:06.699Z
16a21bde-8d8b-4524-4cff-346b3123fa69,ab6bc2eb-0064-48a7-7f0c-9a1783bcd064,c8bf5171-97bd-4a3c-df89-c4059e1474e2,12.13,663.67,583,true,762.6,333.15,680,611,225.07,149.68,98,94.39,2217,8378,988.73,3026,290.36,4214,687.6,681.51,2025-10-09T18:32:40.882Z,2025-08-08T20:41:19.743Z,2025-07-09T14:45:31.035Z,2026-02-27T00:43:46.877Z,2025-07-17T05:40:30.528Z,2025-12-12T10:28:03.277Z
716ff250-6768-4fc7-ee2c-d3a4d64d50fc,43a0c009-5096-4beb-ceb2-2e90d29fa6d1,2bd4f3bc-df4b-49c7-997f-c11868da495a,87.72,531.55,74,true,446.22,318.11,596,220,158.92,993.07,718,57.41,1204,2524,813.88,927,2.57,5352,944.01,100.43,2025-12-20T18:12:55.706Z,2025-04-13T23:26:32.904Z,2026-01-10T12:42:41.755Z,2025-10-18T22:05:29.057Z,2026-01-21T13:23:01.161Z,2025-06-24T04:30:42.762Z
4a7092cb-99aa-4545-db7d-46be53400639,3e4e588f-bb13-48f9-ae27-231d699b174f,00e48b05-b6cb-410f-1525-6668c44bdb40,19.6,202.49,551,true,587.76,581.66,946,748,390.64,436.01,311,41.84,3864,3395,437.2,8939,152.18,435,485.14,181.04,2025-08-20T22:10:50.778Z,2025-09-24T09:35:08.352Z,2025-12-21T18:59:28.033Z,2025-04-26T07:05:36.428Z,2026-01-27T22:28:13.582Z,2026-03-06T12:18:35.355Z
3242433b-14b7-4876-eb20-87ffd7015710,31e6dcd8-7b5b-4c54-b419-66da1259c0d7,219980cb-3f77-4414-faeb-5f70b1472a36,22.28,226.93,804,false,120.46,764.42,220,175,655.36,408.25,187,0.33,901,3021,85.07,1447,973.2,4954,998.5,393.45,2026-01-27T06:27:56.739Z,2025-06-11T20:39:31.760Z,2025-05-24T07:58:50.156Z,2025-12-16T11:52:06.914Z,2025-08-07T13:15:38.808Z,2025-12-29T15:27:25.494Z
31a9c4e5-be51-459d-96e0-4f2fb6e8c9c6,b913d05c-d452-4b8d-58bc-5af42ecc92ad,f902ac6e-7076-46f8-2ee0-d0970401682b,49.38,4.38,297,true,743.23,878.35,491,78,536.65,363.22,347,80.06,7583,3872,542.2,6980,889.99,6147,433.56,383,2026-02-18T08:51:17.404Z,2025-07-06T02:00:36.022Z,2025-04-29T14:56:23.184Z,2025-06-12T21:59:14.247Z,2025-08-10T17:46:53.580Z,2025-10-03T20:09:08.266Z
aff082e8-9df9-4804-daf5-2573cf934e46,2d6bfb42-752b-4b9d-3444-de223d3aae60,7cc152ca-2334-4efd-8c58-4327009bcdb6,83.87,116.06,180,false,834.72,932.3,710,146,548.69,911.58,253,89.13,5534,4173,356.7,1067,369.62,6255,520.35,247.76,2026-01-19T00:55:56.088Z,2026-02-09T14:01:05.228Z,2026-01-18T01:59:57.490Z,2026-01-28T04:52:16.401Z,2025-06-23T19:34:06.577Z,2025-09-27T21:12:49.460Z
1c0ce379-619c-46db-0ed2-d01b9f9ab974,f3bdc0f5-709a-4443-3bcd-690202dcd619,eb97341d-2385-4175-9a86-c3256608e18e,48.32,636.88,989,true,436.97,831.84,894,129,63.74,21.18,561,39.26,3173,5575,248.94,9231,129.91,6714,775.66,948.9,2025-10-03T14:30:29.862Z,2025-07-20T21:23:25.948Z,2026-01-29T16:25:28.680Z,2025-11-11T06:53:09.350Z,2025-06-18T22:55:16.745Z,2025-12-04T14:44:00.327Z
eb8c28d7-8262-4bc4-e863-d5bdd114b8bb,a37257b2-9391-4433-6110-687c09f379ec,13f8f388-7de1-4383-f922-a0d8a397e76c,21.27,712.85,570,false,576.73,244.13,401,267,233.99,701.89,927,69.55,8053,461,560.18,9899,257.62,2591,409.11,489.63,2025-10-02T22:50:01.951Z,2025-12-16T22:30:49.084Z,2026-02-18T15:03:40.247Z,2025-11-18T11:02:25.686Z,2025-10-27T07:36:11.997Z,2025-12-28T12:12:52.031Z
25173f61-963e-496f-b445-c59d44f80541,2f04b13c-c50c-4de2-5f7d-f7ef75d312f1,615ffcad-04ca-4584-4505-45cbefd50d58,26.92,19.41,488,true,763.8,841.32,360,601,581.98,717.42,465,25.62,4923,1111,357.81,8237,944.83,6867,858.62,310.28,2025-10-30T16:42:18.213Z,2025-05-03T15:38:11.907Z,2025-08-05T02:53:15.707Z,2026-01-21T17:19:44.123Z,2025-04-20T12:29:46.366Z,2025-04-23T17:58:53.485Z
59657901-8fae-4e94-a97d-2d8b0dadd656,8e053e88-8c6b-4a2d-0248-e26f6841348e,73370ee3-24e1-494c-b530-e79710873eeb,96.07,70.02,461,true,305.51,425.34,242,706,797.7,609.93,243,47.17,4251,5957,892.44,3882,887.65,1327,942.51,96.01,2025-05-23T06:14:51.315Z,2025-04-17T10:17:56.094Z,2025-12-20T00:25:13.299Z,2025-05-03T00:06:01.827Z,2025-11-24T05:49:51.123Z,2025-08-05T02:40:18.071Z
3c0c0353-8f21-4b57-5990-a10cecd5dcb3,0519f110-4080-47f1-0e4d-53c0e3b18659,3f4d6f7d-05f7-4310-de9f-ae93e46984db,17.65,256.85,541,false,134.35,589.74,913,67,197.19,266.46,182,57.22,4014,8686,337.32,3643,153,8104,924.36,7.36,2025-06-15T21:31:29.503Z,2025-08-31T08:49:21.807Z,2025-04-18T05:42:32.967Z,2025-11-22T10:47:16.262Z,2025-04-16T16:04:07.138Z,2026-03-18T19:43:51.236Z
94b759d7-fd4d-4500-ea32-6dd78b5ea2a2,83c0f5a4-11a8-4b1f-5064-e6047d878674,2a4e5e57-fab3-47be-aa17-438ff8cedd26,54.49,624.56,642,true,275.93,43.1,26,532,707.33,486.67,862,44.28,4971,768,559.47,8905,116.66,7709,638.39,134.71,2026-02-22T05:28:19.191Z,2025-10-09T23:44:27.569Z,2025-07-29T12:24:10.251Z,2025-11-23T12:24:35.376Z,2025-06-17T12:24:23.540Z,2025-07-05T00:00:04.971Z
d626f073-9304-4aba-712c-4c32be97b88a,c679812d-8719-424c-f810-c17bf20e8d10,1612581f-ee93-42bd-8ca1-106ca3f5fb8d,57.63,779.73,730,false,904.3,604.95,712,147,851.89,597.04,241,34.8,5248,8513,66.17,9258,218.35,2046,943.15,527.05,2026-02-11T13:49:29.130Z,2025-09-08T08:41:36.360Z,2025-08-14T09:37:23.433Z,2025-05-26T14:33:49.937Z,2025-04-27T15:10:52.771Z,2025-11-19T02:07:17.298Z
f79f5004-4a86-4ca6-c62d-77d5f3d4c7e6,4f6d2f72-e04a-4494-a2d8-a7c9330625ec,4c81bc97-321d-48c5-d316-8243b2e8187e,91,560.21,877,true,251.86,837.46,671,530,861.36,243.96,61,82.3,9263,3116,133,2684,282.03,7041,957.75,559.72,2025-06-21T18:55:38.479Z,2025-08-26T20:14:00.110Z,2026-01-30T07:52:42.669Z,2025-04-17T09:19:04.528Z,2026-04-10T16:35:28.770Z,2026-03-27T19:06:23.904Z
ebd0904e-deb1-41ef-bf40-d822b653954e,44e96aef-1775-4e8c-e285-02e0cadba8e3,f3e56a9d-701d-4138-17b4-468168466ac1,38.07,253.8,564,true,414.79,826.17,939,200,647.5,830.56,936,54.66,4562,3623,760.85,4315,726.44,7734,149.48,945.71,2025-12-04T17:29:11.268Z,2025-04-12T07:34:28.331Z,2025-12-24T05:21:18.086Z,2026-03-30T18:23:27.850Z,2026-01-05T10:22:52.125Z,2025-08-28T12:06:28.604Z
f5edd60f-2e16-4d35-0bd7-757fdffe6733,824fd656-898c-4a31-aa57-ef6e1d6c346d,a41d4030-6171-4181-a953-5d0104c592fd,83.57,535.94,314,true,914.73,535.7,342,42,909.22,808.15,165,37.87,7011,9491,355.69,5937,541.79,2298,255.36,132.04,2025-07-27T02:06:23.509Z,2025-12-09T06:57:38.010Z,2025-12-24T19:55:18.690Z,2025-09-04T13:16:53.785Z,2025-06-02T19:15:44.989Z,2025-06-25T16:29:06.091Z
fad6f040-ec78-47bb-2d40-8d6f4be25569,8ec11999-7a20-466e-84f7-f134e29d20eb,3f4d6f7d-05f7-4310-de9f-ae93e46984db,37.12,683.75,135,true,414.99,134.49,448,10,720.27,871.67,534,16.71,3867,4619,145.31,4671,117.11,7233,453.49,89.23,2026-03-29T18:29:54.299Z,2026-03-27T15:18:34.327Z,2026-02-26T08:22:58.754Z,2026-03-14T19:36:55.763Z,2025-07-23T21:05:10.507Z,2025-11-13T12:06:45.463Z
769962d5-6ed6-4648-5987-3ec4bc4ed7a4,1458a564-2503-4c4e-98fd-ff8eee30f920,4f68cba7-6170-4ab1-21f9-a7a23a74f8c0,32.81,746.47,421,true,497.92,871.3,56,789,500.3,256.13,861,15.28,629,8684,979.46,3050,768.07,3387,404.47,9.91,2026-01-28T22:35:28.625Z,2025-05-04T08:26:28.089Z,2025-10-27T17:00:15.820Z,2025-07-02T04:38:30.388Z,2025-09-30T01:52:43.589Z,2025-06-07T10:49:02.880Z
d43debb3-e013-4dd6-3a51-e1fec93ee8b3,3e4e588f-bb13-48f9-ae27-231d699b174f,2bd4f3bc-df4b-49c7-997f-c11868da495a,63.64,428.14,237,true,912.48,541,877,19,403.97,385.04,883,15.79,6020,4594,649.16,575,579.61,1263,696.13,709.72,2025-10-30T07:53:04.350Z,2025-05-24T17:50:29.525Z,2025-09-12T23:39:33.036Z,2025-05-30T14:28:27.570Z,2025-08-31T03:37:21.879Z,2025-06-12T22:12:54.954Z
e233796c-a626-4ee6-f5e9-ffcba2c30631,824fd656-898c-4a31-aa57-ef6e1d6c346d,b1160aa4-615e-46be-c33f-53b664f1618f,30.59,449.35,55,false,794.15,569.49,29,294,301.44,853.43,449,32.89,428,5458,442.44,6568,219.13,7381,281.19,94.6,2025-04-18T20:35:20.591Z,2025-09-07T18:24:38.277Z,2025-09-15T17:08:21.552Z,2025-09-18T09:56:27.918Z,2026-03-06T08:26:40.946Z,2025-11-30T11:46:44.999Z
49e22b01-ec65-4470-9ee8-b7fd56bdd4e5,5ad3d718-54d7-4cd2-1fcf-87aea33287e9,2bd4f3bc-df4b-49c7-997f-c11868da495a,98.42,491.78,966,true,572.16,497.06,1,11,85.04,164.23,347,59.27,4842,9198,205.05,1800,673.22,9452,254.42,279.39,2025-09-09T19:23:43.140Z,2025-07-02T20:24:49.015Z,2025-08-21T09:47:50.210Z,2025-11-20T17:15:14.265Z,2026-02-13T18:07:47.136Z,2026-03-09T18:59:16.752Z
f5c5ce5f-effb-403b-4f52-0b41131af329,f3bdc0f5-709a-4443-3bcd-690202dcd619,0898bc8a-8083-4b0c-faf9-0f5d0224e73e,83.91,188.87,985,false,748.26,812.93,31,618,971.23,437.51,798,36.31,8748,7077,603.51,4278,769.44,8271,17.61,418.55,2025-12-25T14:14:16.473Z,2025-09-08T15:33:02.371Z,2025-06-18T04:29:25.439Z,2025-07-24T07:31:20.479Z,2025-04-15T00:37:10.203Z,2026-01-06T22:54:24.079Z
88754a2d-0b16-4d70-c694-3522f2924e9a,c679812d-8719-424c-f810-c17bf20e8d10,7d85b267-ac94-499b-94c1-eff3632a4d8b,29.38,375.62,871,false,791.25,301.72,472,293,462.88,119.63,173,13.38,8039,8477,830.75,7601,281.2,8001,884.35,759.17,2025-05-05T03:02:56.344Z,2025-08-02T05:55:10.125Z,2025-11-12T08:34:51.496Z,2026-01-14T12:00:43.313Z,2026-01-27T22:06:07.061Z,2026-02-05T10:36:34.612Z
886251b7-f9ea-48c7-1064-1a8d5a913730,49c0f8d8-fcc1-4c41-a548-3ff914a66692,7cc152ca-2334-4efd-8c58-4327009bcdb6,13.76,506.68,93,true,531.24,118.93,786,645,265.73,392.37,599,71.17,615,2751,771.06,3280,604.77,2190,723.51,462.27,2026-03-22T07:38:35.803Z,2025-10-23T07:51:52.222Z,2025-09-21T03:24:10.996Z,2026-02-18T13:07:26.921Z,2025-09-26T18:44:19.055Z,2025-08-19T09:26:24.047Z
6c467e44-a288-44d8-c5b0-2f3d55bc7102,ab6bc2eb-0064-48a7-7f0c-9a1783bcd064,930d6afd-4225-4c87-6245-39cb7a7a0d26,93.87,951.4,988,false,822.05,948.95,64,761,733.01,289.35,868,55.11,1984,2246,530.35,1044,815.5,652,406.35,887.88,2025-12-01T14:43:02.027Z,2025-09-19T00:59:29.643Z,2025-10-26T10:37:28.069Z,2025-12-22T11:08:10.674Z,2025-07-26T13:09:09.391Z,2026-03-27T20:38:03.954Z
0ded1e4d-9e84-4771-0ad1-bfe9f3f4a78e,5354d00b-34f0-4a88-58d4-8decde6ce2ee,2a4e5e57-fab3-47be-aa17-438ff8cedd26,42.76,30.52,656,false,838.46,300.37,788,136,677.71,584.28,575,34.83,312,5094,228.37,1155,517.27,9996,199.77,555.22,2026-04-09T20:41:11.407Z,2025-07-09T23:20:27.973Z,2025-08-06T02:57:33.133Z,2025-09-03T12:37:29.310Z,2026-03-09T15:14:51.481Z,2025-08-16T22:15:39.291Z
2bede700-d236-4ffc-48a5-ddcd5cf28fc5,74996144-2438-4454-03fb-d777b4c9db8b,661bcb95-f84e-4871-e1c4-675bf8171439,92.78,904.14,212,true,37.82,166.1,53,109,186.49,326.37,97,74.09,4325,8874,610.68,4417,615.35,1189,271.3,69.98,2026-01-22T09:23:33.302Z,2026-03-20T08:20:51.767Z,2026-02-06T20:30:35.667Z,2025-08-08T05:41:42.324Z,2026-02-08T12:46:01.475Z,2025-11-28T20:57:29.844Z
73ad22d3-8458-4ca8-df23-b0a04b7c9444,08c9d53b-5bb4-4a4e-3e69-2fcd9679e99e,615ffcad-04ca-4584-4505-45cbefd50d58,34.82,607.3,488,true,644.21,152.74,118,102,121.92,212.98,369,37.08,4409,1143,38.51,3683,558.31,992,989.12,434.76,2025-05-12T18:11:53.457Z,2025-12-01T16:18:05.001Z,2025-12-05T01:42:42.505Z,2025-08-05T23:36:24.620Z,2025-12-06T20:33:19.693Z,2025-10-05T15:09:32.990Z
d93e47e1-9f98-4817-e812-f80d790615ae,73e655b7-927f-4010-5d38-ed87d5958465,930d6afd-4225-4c87-6245-39cb7a7a0d26,30.67,812.17,657,false,802.64,303.16,847,22,680.38,576.76,969,38.65,9856,9718,604.64,6970,925.27,7881,491.85,242.12,2025-10-14T16:31:59.645Z,2025-08-15T20:57:11.601Z,2025-08-18T01:45:26.440Z,2025-11-05T12:06:35.184Z,2025-09-03T22:56:53.211Z,2025-08-28T11:16:33.954Z
543a4e2e-a98e-4166-5d2f-d5433773fad6,5354d00b-34f0-4a88-58d4-8decde6ce2ee,521d1584-627e-495f-893e-82a12f5344be,96.07,831.73,703,false,26.57,347.91,996,493,705.15,199.95,889,18.78,7653,5197,90.99,9904,454.72,9165,822.31,870.4,2026-03-01T17:54:26.541Z,2025-09-06T16:37:50.848Z,2026-01-24T16:52:16.936Z,2025-07-30T00:56:51.544Z,2025-05-08T07:12:52.305Z,2026-01-29T14:40:15.293Z
96bed97a-e60d-4dbc-582a-71be08873cfe,8a50d483-aa92-4384-4deb-3d5c6bf0f0f7,661bcb95-f84e-4871-e1c4-675bf8171439,8.13,645.97,630,false,450.06,840.47,828,70,327.24,512.4,135,55.95,7072,343,864.79,1857,527.1,7202,365.1,261.09,2025-09-16T14:38:55.232Z,2025-06-25T14:18:33.201Z,2026-02-18T20:13:43.405Z,2026-02-27T03:16:30.403Z,2026-03-21T08:39:11.260Z,2025-08-10T00:02:17.213Z
b5a390e2-86af-4da0-4407-7ca68ad59453,8a50d483-aa92-4384-4deb-3d5c6bf0f0f7,2a4e5e57-fab3-47be-aa17-438ff8cedd26,93.7,15.57,20,false,137.82,492.65,499,427,520.17,538.08,51,53.77,6690,2121,854.94,7619,122.34,2227,696.42,845.76,2025-09-11T02:40:52.685Z,2025-10-27T14:50:39.505Z,2026-01-29T03:07:07.488Z,2026-03-10T04:46:03.562Z,2025-06-10T10:51:18.899Z,2025-05-03T00:12:06.756Z
6a7d981e-4738-49b4-c320-1de865f29b12,dc5c38cd-11bd-4d48-b540-0659ffe8f55b,2d706e75-fd47-4d6b-cc14-10a1bf804d62,59.72,541.19,736,false,36.21,82.58,847,166,650.73,722.12,23,55.91,7983,547,832.52,9586,772.29,545,35.08,253.24,2025-09-24T22:36:02.532Z,2025-05-24T00:12:47.297Z,2025-06-08T01:57:26.052Z,2025-12-24T10:30:13.536Z,2025-05-11T20:06:19.826Z,2025-06-30T19:10:44.047Z
e1da0844-38a6-4698-a88c-e125809d8730,7e33c19d-304d-44cf-6308-c84646b5b9b6,94519cc1-bdc7-4549-769e-8964efcea7c6,35,176.22,391,false,678.06,254.47,212,97,774.57,786.24,55,83.98,8165,1449,727.13,4380,741.22,4833,201.83,662.84,2025-12-25T00:51:32.762Z,2026-04-01T04:22:10.063Z,2026-03-02T11:02:48.375Z,2025-11-16T15:46:51.603Z,2025-12-17T13:07:05.930Z,2025-10-05T05:59:32.152Z
1ec6e753-6807-404c-6c94-4abba5ef0fea,73e655b7-927f-4010-5d38-ed87d5958465,4c81bc97-321d-48c5-d316-8243b2e8187e,50.22,126.26,251,false,821.67,949.57,299,958,997.89,422.57,414,82.86,8872,4219,289.93,5109,455.73,2621,679.86,973.19,2025-12-19T23:44:34.235Z,2026-01-07T10:25:07.832Z,2025-06-04T00:00:49.086Z,2025-11-19T09:16:15.759Z,2026-03-27T14:24:28.180Z,2025-12-03T02:58:27.475Z
ea75db98-d0e4-423e-2660-b1ea2bd905d2,26241fc8-1326-4f27-2a84-eb284a0bd4ba,8fcce2e7-79c7-439d-1c00-1a62a46a56f2,79.16,507.67,800,true,525.8,895.01,263,44,932.31,110.84,220,41.45,3250,2137,309.98,1498,731.7,7664,845.92,973.05,2025-04-29T16:07:19.760Z,2026-01-28T19:40:02.768Z,2025-05-23T01:41:28.745Z,2025-07-26T15:13:17.326Z,2025-07-07T03:30:06.055Z,2025-11-15T10:11:49.830Z
965a99d9-1e08-43c7-e84d-72952a11a723,4459d0bc-ac12-45e0-2241-37b73184e150,314cdd92-266e-488d-cf88-6e18f6db8ca6,35.73,543.02,892,true,690.81,114.84,762,950,358.26,559.44,703,66,5934,3828,677.43,1109,599.52,4289,368.65,506.27,2025-06-19T03:38:27.185Z,2025-10-24T18:14:30.781Z,2025-10-27T09:00:33.582Z,2025-04-18T04:53:17.092Z,2025-09-17T18:37:30.758Z,2026-03-26T09:59:58.581Z
2f3a172a-f816-4b58-10c3-f57cd3c044b6,3aaad658-14e8-4861-52c9-2341f1d4e7da,00e48b05-b6cb-410f-1525-6668c44bdb40,95.3,97.24,474,true,106.95,903.59,172,593,271.25,352.32,862,63.94,1937,5085,70,3766,442.41,4107,200.16,662.08,2025-11-16T18:57:03.222Z,2025-07-17T02:53:12.741Z,2025-10-26T02:47:55.108Z,2026-02-22T19:42:18.581Z,2025-07-18T02:51:27.575Z,2025-05-03T19:58:18.559Z
2b7c7709-8ce7-4b6a-30da-485fa7584d20,7abd7935-415a-4e5c-0200-73c72eee9749,8fcce2e7-79c7-439d-1c00-1a62a46a56f2,54.49,837.07,571,true,568.42,658.23,48,817,142.16,928.09,655,84.59,458,3362,827.07,1994,375.89,626,170.94,67.37,2025-09-17T19:44:04.955Z,2026-02-19T10:43:15.563Z,2025-12-18T14:12:56.252Z,2025-05-30T19:19:14.906Z,2025-09-04T20:12:35.194Z,2025-12-29T14:02:30.237Z
b6ee04af-636f-456f-0d85-fa191d1523e3,49c0f8d8-fcc1-4c41-a548-3ff914a66692,820e0d69-1dec-4fa2-7dff-4973e37417e7,43.4,610.59,6,true,856.67,497.06,142,880,248.58,649.8,400,89.21,8866,2298,269.84,2405,741.6,5831,397.86,180.21,2026-02-12T09:22:05.956Z,2025-04-15T20:34:32.307Z,2026-03-11T22:52:46.588Z,2025-09-10T22:38:06.969Z,2025-10-10T17:06:39.304Z,2025-05-15T10:45:12.873Z
b9c2b6e0-6790-4d3b-da8d-384113c97f2b,1458a564-2503-4c4e-98fd-ff8eee30f920,b1160aa4-615e-46be-c33f-53b664f1618f,83.64,946.42,117,true,432.75,421.33,565,187,294.84,718.09,659,87,5790,8139,790.19,7158,717.48,4472,597.38,585.46,2026-03-11T03:19:53.357Z,2025-06-15T17:18:02.542Z,2025-06-20T00:57:01.239Z,2026-04-06T00:26:21.103Z,2026-02-22T07:52:09.706Z,2025-12-23T16:07:39.831Z
6cd13db5-4b35-4618-b4e9-783b3068fd8d,98dc63d7-8988-4ff8-b7ca-2ab8d1f39352,1c4d8e9f-05af-4567-fc15-60738335dd73,70.76,939.19,290,false,419.46,95.78,222,613,767.39,753.91,364,15.64,9268,1664,369.06,4681,565.42,1657,298.74,599.52,2025-11-11T01:15:15.489Z,2026-02-13T14:30:22.260Z,2026-01-20T16:29:10.346Z,2025-06-09T04:16:44.779Z,2025-11-14T06:15:14.518Z,2026-01-10T18:08:11.536Z
89d24956-edea-405d-7e05-79edb5f205ec,cd807608-c28a-4e54-37b1-20305ffdcd5c,7006fd96-e3f8-4225-33e4-be34d610ffbb,17.48,512.55,49,false,818.18,569.66,605,163,597.72,241.63,20,39.53,5435,4264,960.54,990,308.6,7776,981.75,60.21,2025-08-12T01:15:37.139Z,2025-07-04T16:24:08.251Z,2025-06-11T16:01:15.565Z,2025-07-29T10:17:56.694Z,2026-03-14T10:54:35.947Z,2025-05-05T14:36:38.472Z
e8623f99-7d35-4e09-dab3-451c3fede254,2815d421-fa85-4846-4e67-32f2b052db68,baeb778f-0236-4ea0-497b-a0d46e5c6619,33.42,391.07,926,false,629.47,175.53,929,815,334.46,261.77,539,94.68,3014,8803,72.26,6405,690.82,9959,186.99,325.34,2025-11-19T00:32:30.636Z,2025-09-14T17:13:51.771Z,2026-01-01T09:19:28.703Z,2025-11-22T09:12:59.550Z,2026-02-06T20:37:06.820Z,2025-05-19T21:49:31.263Z
e2cabd50-6a03-4c7c-7cfd-006938fcaa19,942582d6-df90-465e-0a7c-344463dcc5fc,b9a92613-a49f-49ac-02ac-12389b77c55c,47.85,860.77,700,true,579.19,804.44,110,551,670.07,503.08,901,94.69,9687,920,394.03,5427,747.57,9866,388.03,202.06,2025-06-03T20:21:54.937Z,2026-03-16T14:41:07.956Z,2025-07-12T06:28:33.203Z,2025-08-21T02:01:34.704Z,2025-09-04T13:36:58.770Z,2026-03-17T18:42:34.078Z
47889725-80bc-4bf4-2fc9-36788d2f1908,60bb9abd-ad4f-43fe-d09e-d416a48001a5,3f4d6f7d-05f7-4310-de9f-ae93e46984db,5.62,572.21,201,false,767.76,697.88,263,662,362.8,555.24,702,19.1,7736,372,174.98,4559,803.32,555,139.76,41.2,2025-10-05T11:43:01.188Z,2025-06-07T01:20:08.623Z,2025-10-30T21:40:05.503Z,2025-04-15T22:47:39.618Z,2025-06-24T20:33:45.600Z,2026-01-30T06:59:47.298Z
f347046a-e099-4587-e81f-1157f97527f0,5ad3d718-54d7-4cd2-1fcf-87aea33287e9,b017f20d-2b75-45dd-64d2-722f145a78d0,25.33,545.85,142,false,791.63,77.72,998,238,424.57,894.61,147,29.5,388,2433,748.09,7559,135.56,167,63.84,544.73,2025-08-01T15:40:14.321Z,2025-07-27T17:53:25.754Z,2025-09-01T08:43:55.599Z,2025-05-13T18:55:04.539Z,2025-06-12T10:10:14.026Z,2025-11-17T07:34:59.104Z
b0186626-7b50-4920-9bb8-6a383f3376b6,4b7cf6ad-bee5-43d3-4470-e6643cf6983e,f902ac6e-7076-46f8-2ee0-d0970401682b,49.25,459.61,552,true,356.58,161.3,587,972,432.25,804.72,973,88.3,7915,994,43.34,9313,391.31,1223,340.97,163.35,2025-06-07T23:39:16.767Z,2025-06-22T09:42:11.769Z,2025-05-17T23:43:50.984Z,2025-07-24T02:57:07.422Z,2025-09-02T22:12:09.091Z,2025-08-05T14:54:39.445Z
a1d77570-7034-4319-71e6-a8f4c8b15153,4f78a299-95cc-4ebc-45f5-de09ee40e0da,2a4e5e57-fab3-47be-aa17-438ff8cedd26,1.6,546.97,494,false,564.49,949.94,259,699,455,673.37,279,88.29,4501,4056,750.4,2169,182.14,7112,769.94,938.99,2025-06-03T19:45:48.043Z,2025-11-24T20:24:41.836Z,2025-05-29T00:24:20.264Z,2025-08-16T01:18:16.242Z,2025-05-23T01:37:11.349Z,2025-10-02T17:19:19.233Z
e7e0e8e2-68c4-411f-1ffb-d426566a588f,f3bdc0f5-709a-4443-3bcd-690202dcd619,24557b57-0c13-4c0c-a3e9-39903a1a94a3,17.94,423.47,359,false,760,501.21,843,797,144.29,741.38,172,79.99,6607,1015,873.71,2729,627.04,6525,698.61,780.05,2025-12-07T08:17:37.091Z,2025-08-14T03:46:19.117Z,2025-08-19T01:03:56.466Z,2025-12-01T07:36:00.056Z,2025-10-22T04:47:54.824Z,2025-06-08T11:56:02.238Z
8e39efd6-2452-4a00-7137-19096b7b18a3,4f6d2f72-e04a-4494-a2d8-a7c9330625ec,16c0f045-ad9e-4d23-8922-374a2534b914,38.77,28.08,5,false,955.72,965.9,505,277,703.05,179.98,585,16.7,7546,6302,131.39,5609,142.58,1382,661.74,359.57,2026-01-08T15:49:51.842Z,2025-06-29T08:11:09.371Z,2025-05-02T05:51:02.024Z,2025-12-02T08:44:04.404Z,2025-10-24T16:59:01.830Z,2025-08-29T05:58:47.213Z
cf142024-955f-450d-4f4f-74ffd545dfc2,ef30f378-ae06-4200-e466-b63a46dd4365,343e4691-d779-4742-a9b6-c828fbb55b61,8.33,972.45,248,true,675.27,18.94,125,599,189.23,180.58,662,53.4,5089,2561,179.57,3751,403.77,8205,258.48,78.8,2025-07-20T10:59:22.104Z,2025-04-27T23:34:17.070Z,2025-04-28T04:35:30.827Z,2026-03-15T06:08:15.131Z,2025-07-17T17:12:59.355Z,2025-10-21T21:59:14.850Z
d6a0306b-7050-4465-550e-f2a7d865b2fd,5bcd0cf0-44a3-4e73-1c78-3d3c73e703b3,73370ee3-24e1-494c-b530-e79710873eeb,55.12,756.98,233,true,46.06,401.33,331,769,973.27,738.16,325,42.06,591,4490,650.16,4855,559.72,9803,717.69,962.77,2026-03-26T17:54:21.203Z,2025-09-13T11:01:28.619Z,2026-02-19T01:33:22.868Z,2026-01-10T22:08:26.766Z,2026-03-16T16:11:47.591Z,2026-01-02T08:51:50.050Z
eba84118-3698-43f6-fda8-970ede59cede,5ad3d718-54d7-4cd2-1fcf-87aea33287e9,921679af-a07e-442d-b254-00f81e5f665d,67.65,326.26,30,false,663.08,784.52,218,214,428.15,325.52,283,62.54,7499,1986,887.25,2477,307.71,9977,906.78,188.54,2025-07-27T16:09:01.234Z,2025-08-23T12:33:44.387Z,2025-11-23T21:07:00.600Z,2025-11-15T08:23:54.020Z,2025-12-07T00:14:20.240Z,2025-09-19T20:36:50.352Z
a20cebc3-03ac-446c-4bb8-05e11703857f,c679812d-8719-424c-f810-c17bf20e8d10,314cdd92-266e-488d-cf88-6e18f6db8ca6,86.47,937.57,342,true,507.95,600.05,778,196,602.37,577.62,953,68.04,4660,3687,47.61,5150,577.31,8213,606.21,355.89,2026-03-16T11:50:46.787Z,2025-12-24T00:32:08.138Z,2025-10-30T12:07:09.726Z,2025-07-24T13:32:05.299Z,2025-11-06T09:31:31.802Z,2025-06-22T23:24:26.717Z
aa70d3cd-a618-4e4d-8457-0070579c7f4c,2d6bfb42-752b-4b9d-3444-de223d3aae60,921679af-a07e-442d-b254-00f81e5f665d,59.03,559.94,262,false,151.46,65.36,399,613,935.7,90.33,276,29.36,3385,3262,637.32,7481,17.73,2614,731.06,277.78,2026-02-08T16:37:46.813Z,2025-09-06T14:43:50.245Z,2025-11-02T23:09:11.180Z,2026-01-14T10:14:42.668Z,2026-03-27T04:32:08.042Z,2025-08-30T12:46:24.051Z
819fb543-450c-432b-12a6-347426b716f2,5ad3d718-54d7-4cd2-1fcf-87aea33287e9,2d706e75-fd47-4d6b-cc14-10a1bf804d62,30.45,781.76,916,true,339.44,319.78,359,628,311.28,527.81,337,82.01,1536,3668,254.75,2642,30.92,6606,743.24,233.57,2026-02-27T06:52:26.516Z,2025-05-06T10:54:54.011Z,2025-10-28T03:04:39.596Z,2025-12-20T11:23:34.970Z,2025-10-26T23:14:33.983Z,2025-11-16T06:10:29.503Z
331ba92f-c4b4-443e-3e4c-3c63e7f0c918,40dc6875-50a3-4da6-8104-124ea7a529fb,16c0f045-ad9e-4d23-8922-374a2534b914,1.85,839.79,718,false,538.36,867.48,681,375,382.84,484.56,976,26.4,5252,2576,851.53,6511,37.18,7777,348.77,725.13,2026-01-10T12:09:19.174Z,2025-05-26T12:48:44.599Z,2026-01-23T06:00:41.572Z,2026-01-30T14:05:47.784Z,2025-09-06T05:22:12.420Z,2025-09-29T15:56:18.380Z
935e7fcd-74e1-47ee-9a28-738a64a33ecc,25984c0e-a7ff-4156-822e-ec2fb55f198a,615ffcad-04ca-4584-4505-45cbefd50d58,84.21,682.43,34,false,785.02,593.91,159,632,625.34,774.32,104,83.84,4920,3914,734.88,2591,678.43,6985,577.51,915.04,2025-05-25T21:57:33.008Z,2025-10-15T05:17:08.414Z,2025-07-26T00:32:02.461Z,2025-12-17T15:39:23.346Z,2025-08-10T08:29:34.788Z,2025-07-02T08:39:32.831Z
e1b8bd6e-8a1d-4d42-c9e1-1ff28886e597,4459d0bc-ac12-45e0-2241-37b73184e150,b9a92613-a49f-49ac-02ac-12389b77c55c,64.23,729.49,85,true,843.76,732.81,718,178,890.47,961.29,921,29.84,1927,9841,692.72,4068,239.38,4454,827.09,367.98,2026-03-04T13:03:12.968Z,2026-04-11T07:06:27.072Z,2025-09-17T20:11:42.429Z,2025-06-02T00:17:23.519Z,2025-05-01T19:57:58.432Z,2025-07-10T18:14:30.459Z
a2b68af6-e031-4e59-43d4-eab4e326e66a,5354d00b-34f0-4a88-58d4-8decde6ce2ee,8fcce2e7-79c7-439d-1c00-1a62a46a56f2,21.27,372.17,973,true,454.68,455.2,385,914,160.64,464.03,22,0.9,3200,1405,414.17,4452,432.6,2760,350.21,565.57,2025-07-26T02:25:52.009Z,2025-04-22T23:22:26.297Z,2025-08-12T08:48:20.479Z,2026-02-17T11:23:48.462Z,2026-03-03T14:54:01.432Z,2025-06-27T05:58:41.452Z
856250a4-3e69-4919-e45e-235ff67cda96,44e91cce-ea65-438a-461a-9f0cf86acc81,af7db41b-a69f-4ae5-eb9c-f59fa17dcd26,59.47,727.91,339,false,477.65,776.45,522,867,45.68,770.96,660,42.07,3961,7610,286.27,6698,545.67,5983,532.75,711.89,2025-09-01T09:58:32.885Z,2026-01-18T09:37:55.231Z,2025-11-27T16:48:23.905Z,2025-04-25T08:30:04.520Z,2026-01-26T13:22:27.177Z,2026-01-20T22:26:24.492Z
02c5547d-888f-4603-9a0a-47e1493fb319,98dc63d7-8988-4ff8-b7ca-2ab8d1f39352,f902ac6e-7076-46f8-2ee0-d0970401682b,75.15,216.11,164,false,984.52,583.68,912,460,765.81,770.42,95,67.96,8904,6754,356.23,7882,83.6,2003,498.32,532.75,2025-11-14T21:01:34.614Z,2025-10-18T09:23:24.370Z,2025-07-19T06:59:18.927Z,2025-04-21T13:44:56.554Z,2025-10-30T09:49:11.503Z,2025-05-14T06:02:45.913Z
5d8e19a3-b171-43c4-09b9-16eab0ad8dc1,5ad3d718-54d7-4cd2-1fcf-87aea33287e9,5b1b6bbb-ac85-477d-9a11-d480281a4b21,50.09,622.32,992,true,629.71,505.89,471,832,186.77,423.97,788,12.97,8834,7817,173.37,103,942.19,6613,674.83,69.59,2025-11-10T05:40:30.466Z,2025-08-31T04:24:47.459Z,2025-12-13T23:08:26.526Z,2025-12-23T02:15:12.288Z,2025-11-01T21:04:36.831Z,2025-10-30T16:12:27.215Z
fe80f05f-8148-4a80-db20-9728ac49e4a3,cd416869-1efc-4398-0a2a-903b79ed2d98,2bd4f3bc-df4b-49c7-997f-c11868da495a,29.88,492.85,91,true,52.74,646.86,834,573,389.8,141.1,683,38.39,4032,39,597.03,3852,456.98,7517,482.31,427.04,2025-08-26T18:18:17.160Z,2025-04-15T09:54:18.113Z,2026-03-02T09:45:33.275Z,2026-03-07T00:05:43.355Z,2025-08-22T06:09:58.126Z,2025-06-24T15:42:42.508Z
0a14ca0c-6be0-454e-3235-9ca0c6eb76b2,7e33c19d-304d-44cf-6308-c84646b5b9b6,3f4d6f7d-05f7-4310-de9f-ae93e46984db,8.19,687.77,815,true,376.42,187.23,676,664,248.53,786.32,560,38.87,2736,4172,983.35,5274,538.95,6453,598.69,638.38,2026-01-09T04:13:32.794Z,2025-06-28T00:37:35.775Z,2025-11-19T05:03:49.386Z,2026-01-28T06:36:52.766Z,2026-01-12T00:44:18.747Z,2025-04-27T07:19:56.351Z
fb4c36de-5d5c-44d8-2e23-fb0bc50d8bae,72ea06ea-6647-4b34-faa9-4b6acc59b996,521d1584-627e-495f-893e-82a12f5344be,27.19,523.59,978,false,858.71,516.93,76,69,915.21,227.91,96,84.25,2204,5436,709.3,928,423.7,7156,836.62,880.73,2025-05-01T17:01:05.594Z,2025-12-01T06:52:57.388Z,2025-05-27T14:58:05.117Z,2026-02-23T08:09:49.142Z,2025-07-27T02:47:49.877Z,2025-04-30T10:09:40.924Z
4641c4e3-bca3-44a4-4d16-5862551dc3bd,974aa30d-547e-4e21-86d6-1f3c34623f7f,3d03d7a9-93e0-4b8e-6b5b-e7f8337fab48,66.2,187.57,766,true,876.5,577.8,415,303,229.88,629.16,806,49.24,2465,6404,339.86,860,478.7,5491,162.59,615.22,2025-11-28T07:49:27.813Z,2026-02-17T02:48:55.976Z,2025-05-20T00:36:37.716Z,2026-03-17T22:15:11.009Z,2025-05-30T02:47:14.446Z,2025-07-20T20:20:40.350Z
6d7f9c47-2bb8-4e38-29ee-439e3d5b0cc0,4b7cf6ad-bee5-43d3-4470-e6643cf6983e,a41d4030-6171-4181-a953-5d0104c592fd,42.99,863.81,461,true,590.31,18.74,612,119,338.98,334.93,814,44.49,9890,146,367.98,9859,926.98,2931,468.46,191.42,2025-06-10T06:12:38.585Z,2026-01-04T07:28:03.000Z,2025-08-01T12:35:51.249Z,2025-08-11T14:21:59.221Z,2025-12-25T02:07:53.281Z,2026-02-02T05:36:30.070Z
4bd9c8af-88f9-40dd-43e0-2b6addeed217,230051a7-77f6-49c9-6d7a-c1c341da56c9,94519cc1-bdc7-4549-769e-8964efcea7c6,82.96,702.28,821,false,591.08,809.06,517,322,872.94,847.93,598,75.54,2181,2636,908.02,7589,902.81,537,61.76,787.35,2025-11-25T01:47:58.900Z,2025-05-18T18:01:34.047Z,2026-02-05T06:11:37.940Z,2025-05-06T16:09:36.061Z,2025-07-07T21:17:21.789Z,2026-03-12T22:30:58.500Z
d6f2386b-c1ba-4c33-06cf-839b87748ce9,152072c0-f075-4a77-bebe-aaa40d5c36c5,13f8f388-7de1-4383-f922-a0d8a397e76c,27.65,420.57,173,true,760.28,65.23,988,653,467.6,687.24,78,66.33,9790,8927,85.97,206,240.86,1655,763.8,621.7,2026-03-19T05:09:35.685Z,2025-12-10T03:54:08.371Z,2025-04-13T12:44:45.309Z,2025-10-15T05:09:20.853Z,2025-10-20T08:56:37.713Z,2025-06-07T01:44:55.382Z
e999a755-7af1-4659-871d-9cf771d7c8e8,0ba497e7-4a6e-4b40-b8d5-7f23952ad2cd,e394ca10-b5a0-45cc-8730-3524aff8641a,77.51,791.26,742,true,151.13,996.45,444,813,649.47,529.85,998,17.93,1756,5399,429.18,476,23.22,9254,447.72,64.86,2025-07-26T08:35:08.579Z,2025-07-29T18:43:55.809Z,2025-07-13T04:07:11.338Z,2025-11-22T13:21:45.372Z,2026-04-08T19:03:43.137Z,2025-06-07T04:08:28.654Z
ed2f82b7-2e79-45f5-a1aa-303ce32e51e6,4f6d2f72-e04a-4494-a2d8-a7c9330625ec,2bd4f3bc-df4b-49c7-997f-c11868da495a,11.85,243.51,491,false,36.77,551.05,114,74,436.16,530.8,225,66.19,9297,2132,845.71,4065,998.35,6450,756.15,108.67,2025-12-16T21:13:34.220Z,2025-05-30T22:53:28.511Z,2025-10-02T11:04:02.395Z,2025-09-25T07:20:30.245Z,2025-06-23T05:27:29.862Z,2025-04-14T06:42:41.755Z
35ec3d48-2f95-4ec7-4cf9-f2cc1fc38b7c,4f78a299-95cc-4ebc-45f5-de09ee40e0da,16c0f045-ad9e-4d23-8922-374a2534b914,59.02,103.63,764,false,129.74,545.37,222,141,20.23,666.12,472,92.39,516,7387,148.74,7593,673.36,9437,410.82,190.85,2025-11-19T04:25:46.301Z,2025-08-07T04:27:01.422Z,2025-10-11T17:11:54.338Z,2025-04-16T11:31:08.313Z,2025-05-22T02:16:04.862Z,2025-07-16T11:56:20.233Z
6af79e16-22ef-4fe1-325f-345141a599be,b913d05c-d452-4b8d-58bc-5af42ecc92ad,76fb7096-3d5c-4180-3013-e7a55c8b02bb,24.16,247.61,629,true,359.57,306.35,478,643,933.11,127.46,105,78.79,71,89,786.65,6895,633.98,2026,844.24,321.05,2026-01-10T12:35:48.787Z,2025-06-24T07:05:23.503Z,2025-06-11T10:06:50.155Z,2025-10-19T14:11:17.630Z,2025-08-12T06:24:13.404Z,2025-11-23T07:15:06.387Z
a3ba9566-2ba8-4b40-f1a6-a8b71878f7eb,0519f110-4080-47f1-0e4d-53c0e3b18659,e394ca10-b5a0-45cc-8730-3524aff8641a,69.8,373.81,467,false,137.47,32.03,589,932,314.51,628.21,419,89.3,3059,3246,260.12,595,486.41,8062,534.85,12.47,2025-12-28T09:39:27.497Z,2026-03-14T12:24:42.221Z,2025-11-06T09:00:02.590Z,2025-11-04T22:48:18.171Z,2025-12-04T14:19:28.632Z,2025-10-16T03:54:13.594Z
e905a536-ec99-48d0-4608-1e08082cdf58,4459d0bc-ac12-45e0-2241-37b73184e150,2d706e75-fd47-4d6b-cc14-10a1bf804d62,41.18,259.54,341,false,40.88,272.16,668,271,645.05,793.66,166,32.87,1703,2718,610.62,840,800.07,1455,661.79,728.65,2025-11-16T04:26:36.109Z,2025-07-21T05:45:38.967Z,2025-10-23T16:45:47.423Z,2025-08-26T04:23:39.462Z,2025-05-04T14:03:09.517Z,2026-03-18T00:29:29.482Z
dc48ea7c-52aa-42df-564c-0fe1c410706d,cd416869-1efc-4398-0a2a-903b79ed2d98,10539e4e-19ad-49ff-5fb1-13c6a13a9cc0,12.78,597.3,605,true,592.26,128.14,302,741,989.76,80.12,199,28.58,9827,4048,541.86,4716,182.21,5606,123.52,408.22,2025-08-22T22:01:01.122Z,2025-07-21T21:06:15.379Z,2026-04-08T04:17:59.639Z,2026-02-01T15:39:59.558Z,2025-06-21T03:43:13.268Z,2025-07-23T15:35:22.829Z
185f22e0-a47b-4d17-2749-60334bfeb516,4f6d2f72-e04a-4494-a2d8-a7c9330625ec,8fcce2e7-79c7-439d-1c00-1a62a46a56f2,93.99,599.04,356,false,228.5,256.83,621,93,333.54,96.23,718,24.99,8717,7251,329.7,9319,107.4,4508,360.48,120.61,2025-11-22T07:51:12.011Z,2025-12-27T10:22:26.584Z,2025-07-13T14:04:18.787Z,2025-10-10T22:34:15.405Z,2026-02-07T03:28:08.228Z,2025-10-13T00:17:18.320Z
1ad1bcbf-62b6-4201-c982-a3f99b5ad6cf,afb57115-93e2-41e4-19fb-726afc7dc847,73370ee3-24e1-494c-b530-e79710873eeb,21.18,397.48,455,false,124.89,754.67,536,499,211.01,427.98,987,71.94,23,4689,711.6,8344,384.55,5929,342.69,340.53,2026-01-07T11:18:48.471Z,2025-07-22T13:19:10.246Z,2025-11-08T07:30:17.754Z,2026-01-28T13:56:42.550Z,2026-01-31T08:43:10.631Z,2025-12-22T11:27:33.857Z
8db71d07-8929-4ea8-77e6-fbce69a0487c,7e33c19d-304d-44cf-6308-c84646b5b9b6,c0b731c7-72d6-4cbc-7d82-0603fe27478a,94.8,223.02,611,true,852.31,607.09,562,689,810.55,371.63,574,3.05,9768,9169,288.73,8320,445.52,4906,402.92,525.61,2026-02-16T20:47:13.524Z,2025-05-01T11:44:49.915Z,2025-04-20T08:12:31.257Z,2025-08-28T05:50:44.494Z,2025-05-02T03:27:40.150Z,2026-03-16T11:12:19.803Z
3354cbc8-ef17-45e7-ef4b-65a12529223f,3e4e588f-bb13-48f9-ae27-231d699b174f,eb97341d-2385-4175-9a86-c3256608e18e,31.62,869.02,916,false,604.26,363.89,605,506,58.92,833.49,660,9.82,517,1488,137.19,8150,912.16,8960,962.51,278.01,2025-06-04T03:54:59.514Z,2025-08-19T17:19:22.973Z,2025-11-10T21:27:25.107Z,2025-07-20T02:37:01.054Z,2025-10-12T08:08:27.477Z,2025-08-05T08:42:07.879Z
a3496a86-54e2-4c34-3c01-f540ce8b1382,3aaad658-14e8-4861-52c9-2341f1d4e7da,7006fd96-e3f8-4225-33e4-be34d610ffbb,44.82,262.59,999,false,434.56,325.12,880,608,81.05,777.7,366,53.93,5767,4530,768.36,3767,771.02,2012,527.49,833.15,2026-03-29T16:19:57.596Z,2025-12-22T22:38:09.579Z,2025-12-17T10:47:11.558Z,2025-04-19T12:35:09.719Z,2025-10-28T11:09:43.402Z,2025-07-31T01:38:33.015Z
71abefba-547c-4485-9355-f6e5da7c6b79,36fa19ad-37fd-44f9-4a36-73f18ecfe5f4,291d99ad-c85c-4557-8915-25527607d5cf,69.87,596.06,245,false,392.4,168.99,284,233,481.76,716.94,367,86.77,3183,3945,656.27,1892,503.56,1078,795.84,731.09,2026-01-10T09:44:44.157Z,2025-07-25T02:52:17.296Z,2026-04-11T22:53:19.192Z,2025-05-21T13:10:29.903Z,2026-02-08T04:16:14.708Z,2025-08-23T13:27:59.035Z
4de95a0e-634f-4ab7-44d7-a03ede09a869,36fa19ad-37fd-44f9-4a36-73f18ecfe5f4,b1160aa4-615e-46be-c33f-53b664f1618f,87.45,84.24,690,true,317.44,712.62,150,962,263.64,575.2,402,73.46,5770,6370,479.11,9630,768.43,424,401.39,648.96,2025-04-28T03:09:57.478Z,2026-02-23T11:31:23.686Z,2026-04-01T08:06:06.391Z,2025-08-17T04:05:00.368Z,2026-03-03T06:43:24.887Z,2026-01-09T21:20:27.188Z
60ecd62d-003b-4c16-d7e2-86355055f4fa,4335fda9-afa6-493e-0026-1aa0263939a5,343e4691-d779-4742-a9b6-c828fbb55b61,57.56,682.82,669,false,391.91,349.3,124,492,609.19,4.15,186,44.34,4428,1966,689.65,1683,708.19,3511,250.18,184.57,2025-12-13T10:18:06.345Z,2026-03-13T15:17:09.753Z,2026-02-19T18:41:01.822Z,2025-10-26T11:32:35.743Z,2025-05-31T08:22:20.138Z,2025-08-24T23:43:12.010Z
71b023a9-2d24-41cb-0c91-250d6f6fa37e,60bb9abd-ad4f-43fe-d09e-d416a48001a5,2bd4f3bc-df4b-49c7-997f-c11868da495a,71.63,703.54,609,false,198.5,593.76,303,238,27.3,12.08,564,29.46,9580,8302,332.88,2908,577.49,855,504.26,728.57,2025-08-08T07:47:38.578Z,2025-07-24T02:39:15.938Z,2025-12-04T04:00:14.997Z,2025-09-17T15:32:16.654Z,2025-06-19T04:24:11.375Z,2025-11-13T18:45:17.565Z
d21fe17e-7872-4d9e-6f13-fc310775969b,72ea06ea-6647-4b34-faa9-4b6acc59b996,7006fd96-e3f8-4225-33e4-be34d610ffbb,73.6,578.75,296,true,729.91,406.52,579,443,256.2,738.55,92,21.83,9178,3598,437.3,1300,78.09,5060,40.86,339,2025-07-19T02:21:02.565Z,2025-07-07T00:23:58.444Z,2025-11-19T19:17:15.295Z,2026-01-21T12:41:52.701Z,2025-10-15T22:53:02.813Z,2025-10-17T02:31:44.643Z
8adca92c-f8ff-4ec2-df37-d9f005105c96,08c9d53b-5bb4-4a4e-3e69-2fcd9679e99e,13f8f388-7de1-4383-f922-a0d8a397e76c,99.64,281.19,331,false,662.46,5.64,69,160,853.41,223.24,426,28.35,7119,4201,868.32,2483,86.94,5054,828.79,893.07,2025-12-26T20:23:12.384Z,2025-12-22T01:25:08.970Z,2025-08-28T21:03:38.699Z,2025-12-23T05:47:28.688Z,2025-12-23T01:04:31.308Z,2026-02-13T01:51:04.914Z
e0415c76-5a1a-458b-34de-06d4f5f90353,7e8ad38f-d17c-4824-3c91-c8579a6b5e5f,76fb7096-3d5c-4180-3013-e7a55c8b02bb,4.12,875.3,259,true,4.43,118.73,199,380,242.15,95.83,165,67.15,9395,1749,187.97,1589,389.5,8717,231.81,123.33,2025-12-22T11:41:13.016Z,2025-09-11T02:25:24.936Z,2025-09-15T20:55:01.887Z,2025-10-30T15:31:09.206Z,2025-11-12T10:42:46.957Z,2025-09-30T07:42:38.326Z
ef2a5e05-a079-41e1-f26c-94a22eb29559,5cca90e9-35ef-4b60-da97-176e79a801fd,3f4d6f7d-05f7-4310-de9f-ae93e46984db,41.75,468.18,362,true,693.24,708.12,20,631,674.72,734.57,813,69.39,4135,6218,870.11,9139,43.36,1727,673.77,127.91,2025-05-02T03:12:00.653Z,2025-04-19T14:30:10.938Z,2026-03-16T06:15:51.848Z,2025-09-29T21:04:03.572Z,2025-07-01T17:45:48.508Z,2025-05-27T00:50:56.823Z
806ae96d-6509-4ee8-69a1-656a2e33d71d,0ba497e7-4a6e-4b40-b8d5-7f23952ad2cd,b017f20d-2b75-45dd-64d2-722f145a78d0,75.26,463.75,158,false,33.86,49.52,563,137,572.63,639.95,69,70.99,4187,4148,694.4,8394,395.2,6273,11.31,487.77,2025-09-24T12:24:37.728Z,2025-10-05T22:02:49.852Z,2025-05-01T06:11:50.076Z,2025-08-08T05:28:54.290Z,2025-06-06T04:53:49.252Z,2025-10-27T22:48:14.369Z
1869a805-ec27-4e84-604a-2231531ae014,44e96aef-1775-4e8c-e285-02e0cadba8e3,c0b731c7-72d6-4cbc-7d82-0603fe27478a,8.32,143.84,851,true,89.77,770.06,402,570,252.58,148.75,398,17.51,9297,3380,838.09,6443,623.67,8320,172.8,337.62,2025-07-06T05:49:43.202Z,2026-03-14T21:49:58.884Z,2025-07-02T20:46:33.617Z,2026-03-01T14:24:18.628Z,2025-11-21T06:58:52.515Z,2026-02-15T21:52:19.211Z
10197240-08bc-47b3-991d-355c93b0485d,83c0f5a4-11a8-4b1f-5064-e6047d878674,1612581f-ee93-42bd-8ca1-106ca3f5fb8d,25.61,909.83,47,false,747.34,411.29,265,818,792.94,457.47,689,18.58,4066,9063,599.26,618,50.34,6678,523.75,494.23,2025-06-13T09:00:55.985Z,2026-04-02T11:45:15.439Z,2025-09-14T03:54:27.245Z,2025-06-25T07:50:07.753Z,2026-04-02T09:39:39.027Z,2025-05-03T05:26:38.691Z
962172db-8403-40a9-cb29-90eb136b474a,8896db36-2d61-437b-b2c1-dc033ac04606,5eca5363-069f-462b-ef13-7dba299c99d9,87.79,877.11,830,true,114.92,816.37,912,58,443.78,922.63,248,16.82,1985,27,399.95,3931,222.52,6842,474.92,449.79,2026-01-18T15:14:56.484Z,2025-07-23T23:27:15.811Z,2025-05-09T12:08:46.140Z,2026-01-25T06:14:29.334Z,2025-05-28T20:42:29.678Z,2025-09-13T11:57:55.670Z
998a197d-d761-4cb6-95cf-65223653a504,230051a7-77f6-49c9-6d7a-c1c341da56c9,2e858920-a13b-46d3-3f94-8050bb03f098,31.86,492.76,823,false,990.32,801.83,347,359,883.8,71.75,615,49.94,3272,5272,385.98,2031,490.07,1409,255.59,835.02,2025-06-25T09:29:30.122Z,2025-10-03T17:07:27.448Z,2025-11-22T02:41:02.877Z,2025-04-26T14:01:42.993Z,2025-05-01T07:18:47.289Z,2025-07-27T13:17:04.460Z
ff5a9271-5de9-4705-b48b-de6fc5e827b7,2de16969-104d-43a0-bfd9-fe690d9d6eac,2a4e5e57-fab3-47be-aa17-438ff8cedd26,46.3,959,462,true,502.13,597.21,994,141,298.72,253.18,182,31.75,9712,8530,860.57,5604,962.73,2654,540.97,568.43,2025-12-09T01:08:39.964Z,2026-04-11T11:13:05.011Z,2026-01-06T12:19:45.092Z,2025-04-25T08:37:27.617Z,2026-01-07T22:24:17.996Z,2025-05-31T15:37:55.871Z
59e28213-db9c-4f1b-459b-c83e70617001,74996144-2438-4454-03fb-d777b4c9db8b,7006fd96-e3f8-4225-33e4-be34d610ffbb,51.99,575.36,378,false,92.56,327.01,176,141,486.76,779.19,265,10.56,2768,413,126.34,1324,213.2,8974,605.56,50.47,2026-01-21T06:55:52.572Z,2025-05-01T05:37:15.660Z,2025-04-27T10:48:00.249Z,2025-11-16T08:04:50.320Z,2025-11-05T20:13:42.312Z,2025-07-14T12:21:19.829Z
e2a6fadb-aa54-46dc-aa21-e76d32046661,ca649c96-10ee-4d76-dcea-e4beca9603df,837a9baf-7fed-4fe4-630e-eeaf60164bcb,29.02,214.13,164,false,796.76,178.75,14,667,456.87,478.98,426,97.81,9499,3065,395.2,4858,6.84,728,671.63,301.15,2025-08-21T20:25:47.067Z,2026-03-31T18:53:33.616Z,2025-07-25T14:16:15.578Z,2025-12-07T16:23:17.117Z,2025-07-17T02:52:51.045Z,2026-01-05T21:11:09.795Z
baa5489c-d40f-4f0a-2931-a1aa4993a499,3aaad658-14e8-4861-52c9-2341f1d4e7da,7006fd96-e3f8-4225-33e4-be34d610ffbb,40.89,615.54,986,true,960.89,250.2,896,127,233.85,902.08,860,12.43,6585,4129,535.52,772,181.39,8368,144.88,832.45,2025-05-06T07:51:14.033Z,2025-06-19T08:43:24.632Z,2025-08-13T01:38:49.198Z,2025-10-09T21:47:23.294Z,2025-10-21T06:40:51.771Z,2025-07-13T21:10:08.749Z
b9ee32ce-5dba-436d-0974-71fa0d460e77,cd416869-1efc-4398-0a2a-903b79ed2d98,4f68cba7-6170-4ab1-21f9-a7a23a74f8c0,26.45,879.93,848,true,177.08,601.06,240,954,786.78,236.69,188,11.93,1877,2490,482.48,5053,67.11,8693,537.81,679.77,2026-02-09T01:35:36.534Z,2025-07-04T13:53:04.792Z,2025-07-20T22:35:49.782Z,2025-05-13T23:30:23.916Z,2026-03-20T00:48:02.368Z,2025-10-29T09:37:13.970Z
a40fa64c-b6cc-4c64-104f-e2982c815414,e66f5152-bb91-495c-70a1-919b8657aacd,10539e4e-19ad-49ff-5fb1-13c6a13a9cc0,55.39,965.89,522,true,976.91,571.39,415,974,819.97,896.12,128,67.34,5378,7287,7.32,274,715.58,7267,412.65,44.77,2026-01-10T04:12:20.842Z,2025-12-18T08:20:40.198Z,2026-03-08T19:00:08.703Z,2025-07-27T01:44:49.685Z,2025-08-19T23:47:55.616Z,2025-11-15T10:28:47.142Z
b2952025-574f-4527-80aa-dffe49dc4752,4ca4247e-c61f-4837-bf77-9c36a300d1a6,94519cc1-bdc7-4549-769e-8964efcea7c6,22.12,536.79,443,true,87.95,287.68,921,915,984.2,113.62,678,73,6100,3672,348.79,9765,475.67,1539,27.81,843.43,2026-03-02T21:59:02.332Z,2026-01-23T16:22:28.212Z,2025-09-03T00:48:14.079Z,2025-06-18T09:52:49.730Z,2025-07-18T22:31:01.733Z,2025-05-23T07:25:18.768Z
5e753557-2058-4f9e-6bf5-8b92e581063a,73e655b7-927f-4010-5d38-ed87d5958465,24557b57-0c13-4c0c-a3e9-39903a1a94a3,94.79,760.86,455,true,762.05,973.93,153,296,982.73,570.47,491,41.15,2466,3448,196.08,4623,993.6,9086,724.64,536.18,2025-05-19T13:01:19.024Z,2026-01-03T02:55:48.317Z,2025-08-30T22:31:27.027Z,2026-01-17T23:47:08.674Z,2025-05-19T12:06:31.728Z,2025-08-26T16:34:21.150Z
2f6c8ab7-5110-4c27-617e-9c5c63222fdf,4b7cf6ad-bee5-43d3-4470-e6643cf6983e,8fcce2e7-79c7-439d-1c00-1a62a46a56f2,38,598.87,420,false,631.53,391.65,109,616,552.65,385.82,171,6.92,6056,9438,3.58,7922,936.48,5603,7.33,386.67,2025-10-11T09:13:42.066Z,2026-02-18T01:38:06.493Z,2025-06-06T20:36:03.001Z,2025-08-24T20:39:09.483Z,2025-07-16T12:54:58.508Z,2025-09-11T04:04:59.513Z
21f0ac43-a564-4699-627c-76f6f66c5aab,3e334f12-6fd2-4fbe-3f23-a1309343356d,3d03d7a9-93e0-4b8e-6b5b-e7f8337fab48,21.55,473.36,830,false,174.28,597.23,480,580,96.56,143.75,489,53.48,8380,3460,917.99,8877,841.09,8843,649.19,27.48,2025-04-16T22:04:31.262Z,2025-07-27T13:31:00.511Z,2026-03-24T12:51:43.368Z,2025-09-26T01:33:03.082Z,2025-08-06T01:11:03.214Z,2026-03-20T12:52:54.985Z
77d7af7d-91c5-4285-4054-1d6b2cbc85ad,3e4e588f-bb13-48f9-ae27-231d699b174f,94dc4310-c140-4af7-8a5b-88c24ff5a5d3,65.95,25.91,631,true,602.38,71.46,622,21,176.75,479.35,777,41.88,7468,783,761.37,7460,760.74,7682,245.72,98.02,2025-06-24T16:15:19.448Z,2025-09-16T11:16:14.706Z,2025-12-10T10:12:04.239Z,2025-12-11T10:01:25.087Z,2025-05-09T19:02:42.307Z,2025-10-24T17:46:01.570Z
f1f252ea-e05b-40b5-54c7-22c5bce47fd7,83c0f5a4-11a8-4b1f-5064-e6047d878674,5b1b6bbb-ac85-477d-9a11-d480281a4b21,45.19,476.63,809,false,525.23,979.76,412,623,206.86,176.71,755,69.52,6968,5047,976.67,2433,601.07,4456,663.95,945.71,2025-06-14T11:14:46.654Z,2025-11-06T17:07:00.118Z,2025-05-14T07:07:14.493Z,2025-06-26T15:32:22.893Z,2025-08-04T09:53:27.401Z,2026-03-06T04:19:17.472Z
e5709963-eb8d-4dcc-28f1-e482ae4d79fd,cfed3b67-1de3-46ea-e76f-c89d08ec289a,76fb7096-3d5c-4180-3013-e7a55c8b02bb,97.63,554.06,200,true,28.42,678.2,25,264,370.12,313.19,921,99.92,2523,9876,511.58,691,746.24,8217,528.55,166.31,2025-06-16T09:19:03.299Z,2026-03-02T05:32:00.405Z,2026-04-09T02:19:48.732Z,2025-11-18T03:59:24.526Z,2025-12-07T12:11:41.885Z,2025-09-16T14:32:42.610Z
a87f2e93-4e38-4c12-6fd2-5af504877521,7e33c19d-304d-44cf-6308-c84646b5b9b6,661bcb95-f84e-4871-e1c4-675bf8171439,79.42,96.61,182,true,556.8,653.42,63,120,118.84,438.15,330,47.44,9353,4960,598.94,8133,528.86,4140,408.78,296.96,2026-01-29T20:44:22.425Z,2025-05-10T12:27:31.365Z,2025-04-22T15:35:26.558Z,2025-08-15T19:23:20.816Z,2025-07-22T10:29:10.185Z,2026-02-20T03:27:47.554Z
11a5c7d4-8928-43e6-47a9-fc6b59e2a23d,0ba497e7-4a6e-4b40-b8d5-7f23952ad2cd,4f68cba7-6170-4ab1-21f9-a7a23a74f8c0,29.85,434.02,778,true,413.58,57.38,545,998,920.69,811.5,66,64.81,3325,1658,79.05,4698,901.8,6029,919.96,354.23,2025-04-12T01:55:24.106Z,2025-07-18T13:47:41.075Z,2025-05-21T01:31:40.357Z,2026-01-14T08:59:36.865Z,2025-09-25T16:34:19.434Z,2025-05-30T19:17:19.281Z
1e88592a-a29e-480e-b71b-5646aa733ebc,98dc63d7-8988-4ff8-b7ca-2ab8d1f39352,f56bd850-ae1d-4c12-1f67-ecd289df1620,36.43,853.04,461,false,141.5,723.13,21,948,956.92,36.33,819,62.96,9897,2180,207.63,9700,618.98,5763,862.95,317.69,2025-11-14T09:55:23.601Z,2025-09-29T09:39:49.900Z,2026-01-16T13:07:08.507Z,2025-04-28T07:45:57.277Z,2025-12-17T05:20:43.156Z,2026-02-15T22:21:43.281Z
29708116-8bd8-42f4-638a-f2a3001de631,f61f2a14-3a64-4170-c4e0-7f394614ec15,7e8192d3-756a-4974-209e-dc1ea1cca26e,25.67,317.37,246,false,444.32,442.57,233,425,742.63,763.58,205,78.01,4362,3297,539.82,8021,223.14,5774,41.59,548.88,2025-11-04T20:42:14.969Z,2025-07-19T13:46:24.812Z,2025-12-31T05:32:00.653Z,2025-09-18T15:12:38.361Z,2025-10-16T01:51:12.465Z,2025-08-25T19:28:49.864Z
0ddc8ef7-c74a-4c09-8de5-5900ce127973,4361747f-bbcd-4426-e55e-5ac00ba3e695,c0b731c7-72d6-4cbc-7d82-0603fe27478a,26.74,795.8,55,false,851.03,40.41,250,826,268.69,361.05,329,37.32,6285,6312,120.19,4290,674.27,1063,840.17,586.51,2025-12-12T01:37:47.160Z,2025-10-11T19:05:37.531Z,2026-03-07T00:49:30.317Z,2025-05-31T14:52:59.189Z,2025-05-30T16:23:09.397Z,2025-12-15T16:51:05.070Z
87f79119-af68-4ea0-d317-fc27a0bc48c5,31e6dcd8-7b5b-4c54-b419-66da1259c0d7,fecc715c-91cf-4144-4e6d-27d53565cfa5,54.03,110.15,896,true,40.36,787.8,281,715,814.94,728.45,616,44.7,2486,4675,304.96,7893,47.08,4846,362.87,216.92,2025-06-24T02:38:14.304Z,2025-06-24T04:33:52.013Z,2025-10-30T03:35:10.772Z,2026-01-13T15:32:29.596Z,2025-11-04T09:54:14.556Z,2026-02-18T00:49:30.437Z
ddea6eb0-9a91-430b-ecc7-cace473f6dda,dc5c38cd-11bd-4d48-b540-0659ffe8f55b,94dc4310-c140-4af7-8a5b-88c24ff5a5d3,27.82,576.51,93,false,521.79,33.96,860,641,764.51,209.93,920,84.41,7108,8830,137.86,5398,161.35,6192,122.55,742.84,2025-08-30T08:27:05.586Z,2025-07-27T16:55:15.053Z,2025-07-14T21:16:02.888Z,2026-02-11T19:06:58.808Z,2025-08-29T17:52:51.648Z,2025-04-15T08:50:45.723Z
83323869-eb7e-49d6-712d-79a845ee4415,5ad3d718-54d7-4cd2-1fcf-87aea33287e9,f3e56a9d-701d-4138-17b4-468168466ac1,36.6,352.64,645,true,66.67,231.3,760,204,79.83,290.82,90,83.81,2471,4024,222.1,8471,201.7,5906,70.35,868.14,2026-04-09T13:45:16.370Z,2026-02-11T09:46:39.285Z,2026-01-12T20:11:10.957Z,2026-03-05T09:18:54.563Z,2025-04-30T02:30:11.721Z,2025-11-06T10:28:07.048Z
751ad557-f791-4b3c-b947-21b932217acb,f3bdc0f5-709a-4443-3bcd-690202dcd619,76fb7096-3d5c-4180-3013-e7a55c8b02bb,93.02,165.46,411,false,116.75,522.08,761,488,354.23,370.89,484,5,7468,3948,189.88,7013,817.82,8788,286.98,312.73,2026-02-19T11:31:58.532Z,2025-05-05T15:12:39.238Z,2026-01-05T04:14:58.881Z,2025-04-23T14:49:05.760Z,2026-03-21T13:02:45.031Z,2025-06-17T17:46:03.659Z
8e3e0fb1-cd5c-491e-cc5f-f4014eda0096,8ec11999-7a20-466e-84f7-f134e29d20eb,469af544-bb26-4d4c-4b28-ab15c4812991,78.59,720.57,881,false,105.28,196.38,100,660,203.46,117.28,425,40.91,1376,4990,842.87,9370,531.29,8475,941.4,865.77,2025-10-05T00:41:55.981Z,2025-07-27T18:27:20.092Z,2025-09-06T20:33:43.764Z,2026-03-23T11:48:55.075Z,2025-10-27T03:20:42.472Z,2025-05-13T07:35:49.733Z
41dc5f88-c4b6-489d-c1a3-2c5a82ace26f,40dc6875-50a3-4da6-8104-124ea7a529fb,a41d4030-6171-4181-a953-5d0104c592fd,73.1,878.52,312,false,68.02,791.29,443,991,645.52,549.62,763,42.74,3748,4678,113.84,6310,526.08,3115,965.21,258.45,2025-08-14T22:15:09.308Z,2025-11-27T20:59:17.436Z,2026-03-23T15:48:05.195Z,2026-04-11T19:41:49.162Z,2025-11-15T11:24:44.460Z,2025-11-30T00:45:00.658Z
2817b834-1468-4e70-38b9-4794cab073dd,440eba09-b8a9-4df2-7ce2-88916df0536d,4fab3abf-dd8f-4d4b-ef39-52d4314418ca,68.64,905.24,833,false,813.75,137.76,137,122,878.74,496.72,441,44.66,6976,1879,6.34,5075,69.72,4357,6.56,541.39,2025-09-23T08:22:18.002Z,2025-04-18T11:58:31.980Z,2026-01-27T20:54:04.293Z,2025-05-31T21:06:05.047Z,2026-01-11T01:49:06.166Z,2025-11-05T13:13:07.224Z
864b685f-472b-4c12-3df2-930619c68560,49c0f8d8-fcc1-4c41-a548-3ff914a66692,7d85b267-ac94-499b-94c1-eff3632a4d8b,14.39,433.56,972,true,533.42,603.5,745,233,616.2,681.92,508,3.32,6170,8409,69.29,175,431.58,7767,766.7,471.88,2025-07-21T01:00:27.655Z,2026-01-08T03:04:54.268Z,2025-08-21T05:03:06.030Z,2025-10-08T06:33:21.600Z,2026-03-26T18:59:12.603Z,2025-05-24T18:06:04.589Z
7fbbd340-5a1f-482e-52a4-24e02b74247b,974aa30d-547e-4e21-86d6-1f3c34623f7f,3d03d7a9-93e0-4b8e-6b5b-e7f8337fab48,34.4,787.13,842,true,600.55,965.2,994,601,141.87,777.24,58,82.72,9158,7064,438.35,2648,175.01,5044,193.86,532.43,2026-03-25T02:35:33.857Z,2025-07-20T16:38:45.424Z,2025-11-29T05:44:14.720Z,2026-01-20T17:32:52.189Z,2025-08-25T09:42:35.278Z,2025-11-10T13:41:38.355Z
fc17e252-2f2c-45fd-4142-415c08d5b586,26241fc8-1326-4f27-2a84-eb284a0bd4ba,b9a92613-a49f-49ac-02ac-12389b77c55c,93.24,118.85,385,false,301.09,162.02,232,285,185.48,920.81,379,99.67,9050,1371,15.55,4281,522.87,6345,663.97,836.99,2025-07-09T15:53:08.091Z,2025-12-26T19:24:25.785Z,2025-05-13T14:30:50.069Z,2025-06-21T00:38:55.262Z,2026-02-03T06:29:35.381Z,2025-10-15T21:17:27.923Z
7654dc50-122d-47c0-9833-ceae02f49f11,4335fda9-afa6-493e-0026-1aa0263939a5,b9a92613-a49f-49ac-02ac-12389b77c55c,65.2,151.89,956,true,805.12,950.59,994,709,321.18,272.79,943,18.16,4341,6797,622.85,6759,799.21,8682,258.16,576.83,2025-07-23T19:49:52.993Z,2025-09-28T22:55:20.951Z,2026-02-27T08:54:35.343Z,2026-01-20T05:39:02.226Z,2026-01-12T13:56:44.848Z,2025-05-15T12:30:13.814Z
33e16ad8-7b2c-4853-ad29-1feef2038bf6,cfed3b67-1de3-46ea-e76f-c89d08ec289a,fe4720c1-f369-4760-b122-6b324f08f3a3,27.17,731.78,246,true,242.64,686.33,175,250,268.06,386.03,535,99.73,8363,639,496.55,6862,935.81,3733,505.07,199.66,2025-06-21T07:08:45.919Z,2025-10-18T04:25:36.218Z,2026-01-16T20:08:46.536Z,2025-10-11T11:34:18.635Z,2025-10-28T07:58:56.314Z,2025-04-15T00:46:22.869Z
8f86a0d4-f895-4bd9-8e8b-8591fe2fce53,7e8ad38f-d17c-4824-3c91-c8579a6b5e5f,aed83b90-feeb-480d-e57c-176768104c81,43.95,895.85,638,false,27.2,769.74,205,801,908.93,204.31,629,97.05,6142,3758,952.21,6332,501.84,4296,140.7,477.27,2026-03-02T14:32:42.470Z,2025-10-28T07:56:58.797Z,2025-09-15T15:57:29.755Z,2025-07-09T08:32:26.845Z,2025-08-08T23:51:27.700Z,2025-09-22T23:02:35.955Z
4a0138fb-fdcc-4ac0-2b1b-57dd52099919,a9f9f807-e129-4f29-9091-c45f8770da1a,76fb7096-3d5c-4180-3013-e7a55c8b02bb,85.67,626.68,817,false,286.76,378.34,936,548,623.85,781.44,111,89.66,6017,5725,213.37,6368,647.51,3240,984.81,282.05,2026-03-08T20:46:14.812Z,2026-02-17T08:59:56.884Z,2025-10-11T21:53:34.317Z,2026-03-01T06:59:51.452Z,2026-02-12T10:50:38.291Z,2026-03-27T10:38:29.274Z
40af1fc3-4e87-4b43-9072-89912c837ab2,26241fc8-1326-4f27-2a84-eb284a0bd4ba,b9a92613-a49f-49ac-02ac-12389b77c55c,87.82,261.06,21,true,753.12,801.16,734,226,493.36,719.99,45,19.04,5029,2162,251.04,7298,734.38,8984,759.23,704.18,2025-10-22T22:34:02.436Z,2025-07-06T09:15:27.933Z,2026-01-17T21:51:15.158Z,2025-05-02T21:28:16.467Z,2025-09-22T18:03:15.912Z,2026-03-12T13:36:18.966Z
d738807d-d055-4e88-9b92-16ff5e52de78,5ad3d718-54d7-4cd2-1fcf-87aea33287e9,4c81bc97-321d-48c5-d316-8243b2e8187e,51.17,795.97,716,true,346.14,430.77,753,318,842.36,141.85,559,68.67,9411,124,476.61,2569,588.75,631,240.71,890.43,2026-01-07T13:07:37.203Z,2025-07-05T19:54:19.080Z,2026-02-27T22:31:43.478Z,2025-09-17T14:05:11.854Z,2026-03-29T11:15:52.649Z,2026-03-15T01:11:47.727Z
4ba5e9f2-5a4e-44ab-23d3-af5842d7c3e3,4ca4247e-c61f-4837-bf77-9c36a300d1a6,f3e56a9d-701d-4138-17b4-468168466ac1,69.38,163.57,726,false,211.07,380.91,36,948,989.12,723.26,224,59.45,8098,9951,720.84,1111,617.07,4198,926.27,294.82,2025-06-09T01:36:37.050Z,2026-03-11T12:04:21.538Z,2025-12-28T17:49:30.509Z,2026-02-01T04:25:49.017Z,2025-11-09T13:13:43.024Z,2025-09-27T06:28:28.196Z
c2511601-a6db-4f94-374c-e4fd6a7c350e,230051a7-77f6-49c9-6d7a-c1c341da56c9,3f4d6f7d-05f7-4310-de9f-ae93e46984db,59.14,754.93,400,true,552.76,569.98,164,588,633.42,223.04,244,45.46,738,3266,821.06,465,190.89,1877,826.68,765.06,2025-04-29T10:49:16.875Z,2025-06-22T16:21:42.526Z,2025-06-16T03:03:24.191Z,2025-11-06T20:50:18.009Z,2025-07-05T01:21:09.544Z,2025-09-27T16:46:52.135Z
308a4e76-6f48-48c0-b81f-4a1d3beec06e,cd416869-1efc-4398-0a2a-903b79ed2d98,3f4d6f7d-05f7-4310-de9f-ae93e46984db,98.74,396.16,731,false,112.91,854.63,738,32,219.95,512.13,950,43.77,1638,6085,449.27,970,4.67,60,577.29,738.99,2026-03-03T21:57:43.775Z,2025-08-09T06:36:13.125Z,2025-05-11T16:18:27.465Z,2025-11-13T09:24:30.969Z,2025-12-03T10:20:45.334Z,2025-10-08T20:25:28.860Z
c67b93cc-bfdf-46ce-2dd3-3a97ce9c088c,31e6dcd8-7b5b-4c54-b419-66da1259c0d7,2e842555-494e-4eac-25b2-d2a4430cc9ed,86.05,331.84,402,true,574.8,108.8,533,775,806.24,450.44,199,44.9,438,2335,705.65,337,773.99,1217,483.89,871.44,2025-11-16T05:54:29.379Z,2026-03-20T03:33:48.149Z,2025-10-20T02:44:15.390Z,2025-07-31T19:24:17.800Z,2026-02-20T02:21:46.406Z,2025-05-15T20:27:00.695Z
